Row ID,Order ID,Order Date,Ship Date,Ship Mode,Customer ID,Customer Name,Segment,Country,City,State,Postal Code,Region,Product ID,Category,Sub-Category,Product Name,Sales,Quantity,Discount,Profit
5855,CA-2015-112214,8/5/2015,8/11/2015,Standard Class,AH-10690,Anna Häberlin (corrected),Corporate,United States,Dallas,Texas,75220,Central,OFF-ST-10001505,Office Supplies,Storage,"Perma_STOR-ALL_Hanging_File_Box,_13_1/8""W_x_12_1/4""D_x_10_1/2""H",33.488,7,0.2,-1.2558
1756,NEW-177-20260304121052,2016-02-05 00:00:00,2016-02-10 00:00:00,Second Class,TT-21460,Tonja Turnell,Home Office,United States,Fort Worth,Texas,76106,Central,OFF-PA-10000100,Office Supplies,Paper,Xerox 1945,405.94,11,0.2,204.73
6207,CA-2016-133697,10/20/2016,10/24/2016,Second Class,CM-12445,Chuck Magee,Consumer,United States,Houston,Texas,77095,Central,OFF-FA-10003112,Office Supplies,Fasteners,Staples,25.248,4,0.2,7.89
2704,CA-2014-143413,5/24/2014,5/30/2014,Standard Class,RP-19390,Resi Pölking,Consumer,United States,Houston,NY,70091,South,OFF-PA-10002319,Office Supplies,Paper,Xerox 1944,116.28,3,0.0,56.9772
39,CA-2015-117415,12/27/2015,12/31/2015,Standard Class,SN-20710,Steve Nguyen (corrected),Home Office,United States,Houston,Texas,77041,Central,FUR-BO-10002545,Furniture,Bookcases,"Atlantic_Metals_Mobile_3-Shelf_Bookcases,_Custom_Colors",532.3992,3,0.32,-46.9764
4209,CA-2014-145387,10/31/2014,11/2/2014,Second Class,AM-10705,Anne McFarland,Consumer,United States,Los Angeles,TX,92863,East,FUR-CH-10002320,Furniture,Chairs,Hon Pagoda Stacking Chairs,1604.9,5,0.0,481.47
3301,US-2014-159926,11/18/2014,11/22/2014,Standard Class,CS-11950,Carlos Soltero,Consumer,United States,Philadelphia,Pennsylvania,19140,East,OFF-ST-10003656,Office Supplies,Storage,Safco_Industrial_Wire_Shelving,76.792,1,0.2,-16.3183
6888,NEW-248-20260304121052,2017-06-27 00:00:00,2017-07-06 00:00:00,Standard Class,LL-16840,Lauren Leatherbury,Consumer,United States,Los Angeles,California,90032,West,OFF-PA-10004675,Office Supplies,Paper,"Telephone Message Books with Fax/Mobile Section, 5 1/2"" x 3 3/16""",20.74,3,0.0,8.93
1524,CA-2015-144806,12/6/2015,12/11/2015,Standard Class,GH-14425,Gary Hwang,Consumer,United States,Chicago,IL,13932,Central,OFF-PA-10003039,Office Supplies,Paper,Xerox 1960,198.272,8,0.2,61.96
700,CA-2015-119291,5/14/2015,5/17/2015,First Class,JO-15550,Jesus Ocampo,Home Office,United States,Houston,WA,16257,West,OFF-BI-10001575,Office Supplies,Binders,GBC Linen Binding Covers,18.588,2,0.7,-13.6312
3721,CA-2016-151155,12/20/2016,12/24/2016,Standard Class,AB-10255,Alejandro Ballentine,Home Office,United States,Jackson,Mississippi,39212,South,FUR-FU-10001918,Furniture,Furnishings,C-Line Cubicle Keepers Polyproplyene Holder With Velcro Backings,18.92,4,0.0,7.3788
9896,CA-2014-115049,9/26/2014,10/1/2014,Standard Class,MM-17920,Michael Moore,Consumer,United States,Chicago,Illinois,60623,Central,TEC-AC-10004859,Technology,Accessories,"Maxell Pro 80 Minute CD-R, 10/Pack",153.824,11,0.2,38.456
6119,NEW-486-20260304121052,2018-02-27 00:00:00,2018-03-03 00:00:00,Standard Class,JR-16210,Justin Ritter,Corporate,United States,Springfield,Oregon,97477,West,TEC-PH-10001425,Technology,Phones,Mophie Juice Pack Helium for iPhone,198.1,3,0.2,27.59
900,US-2016-114622,4/10/2016,4/12/2016,First Class,JR-16210,Justin Ritter,Corporate,United States,Springfield,Ohio,45503,East,OFF-BI-10004716,Office Supplies,Binders,Wilson_Jones_Hanging_Recycled_Pressboard_Data_Binders,8.904,2,0.7,-6.5296
8627,NEW-274-20260304121052,2016-01-06 00:00:00,2016-01-11 00:00:00,Standard Class,AG-10525,Andy Gerbode,Corporate,United States,New York City,New York,10011,East,OFF-ST-10003638,Office Supplies,Storage,Mobile Personal File Cube,84.32,3,0.0,19.42
8007,CA-2016-139808,10/7/2016,10/11/2016,Standard Class,MC-18100,Mick Crebagga,Consumer,United States,Marysville,Washington,98270,West,OFF-FA-10001883,Office Supplies,Fasteners,"Alliance_Super-Size_Bands,_Assorted_Sizes",93.36,12,0.0,0.9336
4569,CA-2015-111990,11/8/2015,11/13/2015,Standard Class,DB-13660,Duane Benoit,Consumer,United States,Houston,Texas,77095,Central,OFF-BI-10003291,Office Supplies,Binders,Wilson Jones Leather-Like Binders with DublLock Round Rings,10.476,6,0.8,-17.2854
9877,US-2017-166324,4/20/2017,4/21/2017,First Class,BE-11455,Brad Eason,Home Office,United States,Houston,WA,17930,West,OFF-ST-10000078,Office Supplies,Storage,Tennsco 6- and 18-Compartment Lockers,848.544,4,0.2,-21.2136
2639,CA-2017-108441,6/12/2017,6/18/2017,Standard Class,SB-20170,Sarah Bern,Consumer,United States,New York City,New York,10035,East,OFF-BI-10000848,Office Supplies,Binders,Angle-D Ring Binders,13.128,3,0.2,4.2666
9904,CA-2014-122609,11/12/2014,11/18/2014,Standard Class,DP-13000,Darren Powers,Consumer,United States,Carrollton,Texas,75007,Central,FUR-FU-10004587,Furniture,Furnishings,"GE General Use Halogen Bulbs, 100 Watts, 1 Bulb per Pack",25.128,3,0.6,-6.9102
8157,CA-2016-131296,10/4/2016,10/9/2016,Standard Class,MS-17830,Melanie Seite,Consumer,United States,Baltimore,Maryland,21215,East,FUR-TA-10002622,Furniture,Tables,"Bush Andora Conference Table, Maple/Graphite Gray Finish",239.372,2,0.3,-23.9372
8165,CA-2015-168207,11/2/2015,11/6/2015,Standard Class,LT-17110,Liz Thompson,Consumer,United States,San Diego,California,92105,West,OFF-BI-10001524,Office Supplies,Binders,GBC_Premium_Transparent_Covers_with_Diagonal_Lined_Pattern,117.488,7,0.2,41.1208
7925,CA-2016-125843,8/13/2016,8/16/2016,First Class,RF-19840,Roy Französisch,Consumer,United States,Springfield,Virginia,22153,South,OFF-BI-10002309,Office Supplies,Binders,Avery Heavy-Duty EZD  Binder With Locking Rings,22.32,4,0.0,10.7136
7288,CA-2016-149965,6/20/2016,6/25/2016,Standard Class,BS-11365,Bill Shonely,Corporate,United States,Phoenix,NY,24255,South,FUR-FU-10004270,Furniture,Furnishings,"Executive Impressions 13"" Clairmont Wall Clock",57.69,3,0.0,23.6529
1966,CA-2017-110905,9/10/2017,9/15/2017,Second Class,RW-19690,Robert Waldorf,Consumer,United States,Springfield,Missouri,65807,Central,OFF-AP-10003281,Office Supplies,Appliances,Acco 6 Outlet Guardian Standard Surge Suppressor,24.18,2,0.0,7.254
6136,NEW-97-20260304121052,2015-11-09 00:00:00,2015-11-17 00:00:00,Standard Class,KN-16705,Kristina Nunn,Home Office,United States,Mcallen,Texas,78501,Central,TEC-AC-10000521,Technology,Accessories,"Verbatim Slim CD and DVD Storage Cases, 50/Pack",38.7,3,0.2,3.35
2938,US-2016-169040,12/6/2016,12/12/2016,Standard Class,GT-14710,Greg Tran,Consumer,United States,Seattle,Washington,98105,West,OFF-PA-10001736,Office Supplies,Paper,Xerox 1880,248.08,7,0.0,116.5976
2311,US-2017-120418,6/11/2017,6/12/2017,First Class,BC-11125,Becky Castell,Home Office,United States,Peoria,Arizona,85345,West,OFF-AR-10002956,Office Supplies,Art,Boston 16801 Nautilus Battery Pencil Sharpener,88.04,5,0.2,6.603
5028,NEW-185-20260304121052,2017-12-18 00:00:00,2017-12-24 00:00:00,Standard Class,RF-19735,Roland Fjeld,Consumer,United States,Oklahoma City,Oklahoma,73120,Central,FUR-CH-10004626,Furniture,Chairs,Office Star Flex Back Scooter Chair with Aluminum Finish Frame,298.94,3,0.0,95.38
2820,NEW-371-20260304121052,2016-08-26 00:00:00,2016-08-28 00:00:00,First Class,DM-13015,Darrin Martin,Consumer,United States,Encinitas,California,92024,West,OFF-BI-10003784,Office Supplies,Binders,Computer Printout Index Tabs,9.02,5,0.2,2.5
1102,CA-2016-107216,6/14/2016,6/17/2016,First Class,PV-18985,Paul Van Hugh,Home Office,United States,San Francisco,California,94122,West,OFF-AR-10002255,Office Supplies,Art,Newell 346,8.64,3,0.0,2.5056
6447,US-2017-119816,3/4/2017,3/6/2017,Second Class,TT-21460,Tonja Turnell (corrected),Home Office,United States,Houston,Texas,77095,Central,FUR-FU-10004848,Furniture,Furnishings,"Howard_Miller_13-3/4""_Diameter_Brushed_Chrome_Round_Wall_Clock",103.5,5,0.6,-77.625
1287,CA-2015-124268,7/4/2015,7/8/2015,Standard Class,AD-10180,Alan Dominguez,Home Office,United States,New York,IL,21158,East,OFF-AR-10004817,Office Supplies,Art,Colorific Watercolor Pencils,15.48,3,0.0,4.4892
6146,CA-2014-133543,12/22/2014,12/26/2014,Standard Class,KM-16660,Khloe Miller,Consumer,United States,San Jose,California,95123,West,OFF-AR-10003394,Office Supplies,Art,Newell 332,11.76,4,0.0,3.1752
8648,US-2015-131842,12/5/2015,12/8/2015,First Class,RR-19525,Rick Reed,Corporate,United States,Chicago,CA,75682,West,FUR-CH-10004477,Furniture,Chairs,"Global Push Button Manager's Chair, Indigo",97.424,2,0.2,10.9602
695,NEW-411-20260304121052,2015-08-20 00:00:00,2015-08-27 00:00:00,First Class,JO-15550,Jesus Ocampo,Home Office,United States,Chester,Pennsylvania,19013,East,OFF-AR-10003373,Office Supplies,Art,"Boston School Pro Electric Pencil Sharpener, 1670",187.71,8,0.2,14.43
1079,CA-2017-132521,9/23/2017,9/25/2017,Second Class,DW-13540,Don Weiss,Consumer,United States,Seattle,Washington,98105,West,OFF-ST-10001325,Office Supplies,Storage,Sterilite Officeware Hinged File Box,31.44,3,0.0,8.4888
9839,US-2016-125402,9/25/2016,10/1/2016,Standard Class,DL-12865,Dan Lawera (corrected),Consumer,United States,Long Beach,California,90805,West,OFF-LA-10001771,Office Supplies,Labels,Avery_513,4.98,1,0.0,2.2908
500,NEW-10-20260304121052,2017-01-03 00:00:00,2017-01-05 00:00:00,Standard Class,SC-20095,Sanjit Chand,Consumer,United States,Costa Mesa,California,92627,West,FUR-FU-10000073,Furniture,Furnishings,Deflect-O Glasstique Clear Desk Accessories,68.39,9,0.0,30.28
40,CA-2015-117415,12/27/2015,12/31/2015,Standard Class,SN-20710,Steve Nguyen,Home Office,United States,Houston,Texas,77041,Central,FUR-CH-10004218,Furniture,Chairs,"Global Fabric Manager's Chair, Dark Gray",212.058,3,0.3,-15.147
1011,CA-2014-158540,11/24/2014,11/26/2014,First Class,VG-21790,Vivek Gonzalez,Consumer,United States,San Diego,California,92037,West,FUR-FU-10001602,Furniture,Furnishings,"Eldon Delta Triangular Chair Mat, 52"" x 58"", Clear",151.72,4,0.0,27.3096
1947,CA-2017-157987,9/2/2017,9/6/2017,Standard Class,AC-10615,Ann Chong,Corporate,United States,New York City,New York,10009,East,OFF-AR-10000658,Office Supplies,Art,Newell 324,23.1,2,0.0,6.468
9224,CA-2017-121160,11/4/2017,11/4/2017,Same Day,FM-14290,Frank Merwin,Home Office,United States,Chicago,IL,26095,West,OFF-BI-10001308,Office Supplies,Binders,GBC Standard Plastic Binding Systems' Combs,7.536,6,0.8,-13.188
6961,CA-2015-167255,9/27/2015,9/29/2015,Second Class,RH-19510,Rick Huthwaite,Home Office,United States,Chicago,AZ,74665,South,OFF-PA-10003441,Office Supplies,Paper,Xerox 226,12.96,2,0.0,6.2208
469,CA-2017-154907,3/31/2017,4/4/2017,Standard Class,DS-13180,David Smith,Corporate,United States,Amarillo,Texas,79109,Central,FUR-BO-10002824,Furniture,Bookcases,Bush Mission Pointe Library,205.3328,2,0.32,-36.2352
881,NEW-442-20260304121052,2018-04-29 00:00:00,2018-05-08 00:00:00,Second Class,HP-14815,Harold Pawlan,Home Office,United States,New York City,New York,10024,East,FUR-CH-10004287,Furniture,Chairs,SAFCO Arco Folding Chair,1200.6,5,0.1,334.65
4237,CA-2016-162404,7/23/2016,7/27/2016,Standard Class,NF-18475,Neil Französisch,Home Office,United States,Rockford,Illinois,61107,Central,OFF-BI-10000948,Office Supplies,Binders,"GBC Laser Imprintable Binding System Covers, Desert Sand",11.416,4,0.8,-18.8364
549,CA-2015-113173,11/15/2015,11/17/2015,Second Class,DK-13225,Dean Katz,Corporate,United States,Chicago,Illinois,60653,Central,OFF-ST-10000604,Office Supplies,Storage,Home/Office Personal File Carts,250.272,9,0.2,15.642
9501,CA-2016-149237,5/26/2016,5/30/2016,Standard Class,CM-12235,Chris McAfee,Consumer,United States,Milwaukee,Wisconsin,53209,Central,FUR-FU-10002088,Furniture,Furnishings,Nu-Dell Float Frame 11 x 14 1/2,26.94,3,0.0,11.3148
2159,CA-2017-148166,10/21/2017,10/26/2017,Standard Class,NK-18490,Neil Knudson,Home Office,United States,Deltona,Florida,32725,South,OFF-AR-10004956,Office Supplies,Art,Newell 33,17.856,4,0.2,2.0088
1149,CA-2015-112452,4/4/2015,4/4/2015,Same Day,NC-18340,Nat Carroll,Consumer,United States,Lansing,Michigan,48911,Central,OFF-BI-10003350,Office Supplies,Binders,Acco_Expandable_Hanging_Binders,12.76,2,0.0,5.8696
6246,CA-2015-112305,11/20/2015,11/25/2015,Standard Class,KB-16405,Katrina Bavinger,Home Office,United States,Seattle,Washington,98105,West,FUR-FU-10002364,Furniture,Furnishings,"Eldon Expressions Wood Desk Accessories, Oak",22.14,3,0.0,6.4206
3431,CA-2017-148264,12/8/2017,12/9/2017,First Class,LF-17185,Luke Foster,Consumer,United States,Los Angeles,IL,79314,South,OFF-ST-10003327,Office Supplies,Storage,Akro-Mils 12-Gallon Tote,29.79,3,0.0,8.6391
6,CA-2014-115812,6/9/2014,6/14/2014,Standard Class,BH-11710,Brosina Hoffman (corrected),Consumer,United States,Los Angeles,California,90032,West,FUR-FU-10001487,Furniture,Furnishings,"Eldon_Expressions_Wood_and_Plastic_Desk_Accessories,_Cherry_Wood",48.86,7,0.0,14.1694
3740,CA-2016-133340,12/9/2016,12/13/2016,Standard Class,LH-17155,Logan Haushalter,Consumer,United States,Jackson,Michigan,49201,Central,TEC-AC-10001109,Technology,Accessories,Logitech Trackman Marble Mouse,59.98,2,0.0,25.1916
7152,CA-2017-142909,12/22/2017,12/25/2017,Second Class,AG-10330,Alex Grayson,Consumer,United States,Chicago,WA,21410,South,FUR-TA-10003008,Furniture,Tables,"Lesro Round Back Collection Coffee Table, End Table",182.55,2,0.5,-135.087
2163,CA-2017-166296,3/13/2017,3/19/2017,Standard Class,KF-16285,Karen Ferguson,Home Office,United States,Phoenix,CA,25693,East,OFF-PA-10004359,Office Supplies,Paper,Multicolor Computer Printout Paper,314.55,3,0.0,150.984
6456,NEW-26-20260304121052,2017-12-02 00:00:00,2017-12-04 00:00:00,First Class,EC-14050,Erin Creighton,Consumer,United States,San Francisco,California,94110,West,FUR-FU-10003142,Furniture,Furnishings,"Master Big Foot Doorstop, Beige",31.81,7,0.0,9.17
4361,CA-2016-127642,5/21/2016,5/23/2016,First Class,CP-12340,Christine Phan,Corporate,United States,New York,WA,99963,Central,OFF-PA-10000565,Office Supplies,Paper,Easy-staple paper,111.96,2,0.0,54.8604
2102,US-2014-140116,3/10/2014,3/17/2014,Standard Class,KT-16480,Kean Thornton,Consumer,United States,Denver,Colorado,80219,West,OFF-AR-10001044,Office Supplies,Art,"BOSTON Ranger #55 Pencil Sharpener, Black",83.168,4,0.2,9.3564
8209,CA-2015-141565,9/20/2015,9/24/2015,Standard Class,BG-11035,Barry Gonzalez (corrected),Consumer,United States,Nashville,Tennessee,37211,South,OFF-BI-10000545,Office Supplies,Binders,GBC_Ibimaster_500_Manual_ProClick_Binding_System,1369.764,6,0.7,-913.176
5547,CA-2017-151008,9/7/2017,9/8/2017,First Class,JM-16195,Justin MacKendrick,Consumer,United States,Draper,Utah,84020,West,FUR-FU-10002396,Furniture,Furnishings,"DAX Copper Panel Document Frame, 5 x 7 Size",25.16,2,0.0,10.5672
5757,CA-2014-163748,10/14/2014,10/18/2014,Standard Class,HG-15025,Hunter Glantz,Consumer,United States,Fort Worth,Texas,76106,Central,TEC-CO-10002095,Technology,Copiers,Hewlett Packard 610 Color Digital Copier / Printer,1999.96,5,0.2,624.9875
73,US-2015-134026,4/26/2015,5/2/2015,Standard Class,JE-15745,Joel Eaton,Consumer,United States,Los Angeles,AZ,86241,East,FUR-CH-10000513,Furniture,Chairs,High-Back Leather Manager's Chair,831.936,8,0.2,-114.3912
4890,NEW-480-20260304121052,2017-05-11 00:00:00,2017-05-18 00:00:00,Second Class,RF-19345,Randy Ferguson,Corporate,United States,Marietta,Georgia,30062,South,OFF-ST-10003805,Office Supplies,Storage,"24 Capacity Maxi Data Binder Racks, Pearl",1634.02,6,0.0,336.77
1515,CA-2017-112809,8/18/2017,8/22/2017,Standard Class,RA-19915,Russell Applegate,Consumer,United States,Dallas,Texas,75220,Central,OFF-BI-10001636,Office Supplies,Binders,Ibico Plastic and Wire Spiral Binding Combs,6.744,4,0.8,-11.4648
9758,NEW-55-20260304121052,2017-09-13 00:00:00,2017-09-21 00:00:00,Second Class,LC-16870,Lena Cacioppo,Consumer,United States,Richmond,Virginia,23223,South,TEC-PH-10004006,Technology,Phones,Panasonic KX - TS880B Telephone,189.44,5,0.0,73.34
9992,CA-2017-121258,2/26/2017,3/3/2017,Standard Class,DB-13060,Dave Brooks (corrected),Consumer,United States,Costa Mesa,California,92627,West,TEC-PH-10003645,Technology,Phones,Aastra_57i_VoIP_phone,258.576,2,0.2,19.3932
9791,CA-2017-144491,3/27/2017,4/1/2017,Standard Class,CJ-12010,Caroline Jumper,Consumer,United States,Seattle,IL,10283,Central,FUR-CH-10001714,Furniture,Chairs,"Global Leather & Oak Executive Chair, Burgundy",211.246,2,0.3,-66.3916
4548,CA-2015-126557,7/12/2015,7/17/2015,Second Class,RL-19615,Rob Lucas (corrected),Consumer,United States,Chicago,Illinois,60610,Central,OFF-AR-10003190,Office Supplies,Art,Newell_32,6.912,3,0.2,0.6912
2553,CA-2017-101042,11/19/2017,11/23/2017,Standard Class,AB-10105,Adrian Barton,Consumer,United States,Henderson,Kentucky,42420,South,OFF-BI-10000088,Office Supplies,Binders,GBC Imprintable Covers,21.96,2,0.0,10.7604
2872,CA-2014-148040,3/22/2014,3/26/2014,Standard Class,BF-11275,Beth Fritzler (corrected),Corporate,United States,Tucson,Arizona,85705,West,FUR-CH-10001482,Furniture,Chairs,Office_Star_-_Mesh_Screen_back_chair_with_Vinyl_seat,314.352,3,0.2,-35.3646
4888,CA-2016-163167,11/28/2016,12/1/2016,Second Class,RF-19345,Randy Ferguson (corrected),Corporate,United States,Marietta,Georgia,30062,South,TEC-AC-10003441,Technology,Accessories,Kingston_Digital_DataTraveler_32GB_USB_2.0,101.7,6,0.0,6.102
488,CA-2014-154627,10/29/2014,10/31/2014,First Class,SA-20830,Sue Ann Reed,Consumer,United States,Chicago,Illinois,60610,Central,TEC-PH-10001363,Technology,Phones,Apple iPhone 5S,2735.952,6,0.2,341.994
7253,CA-2016-152457,9/12/2016,9/18/2016,Standard Class,SC-20695,Steve Chapman,Corporate,United States,Roseville,Michigan,48066,Central,OFF-PA-10003790,Office Supplies,Paper,Xerox 1991,68.52,3,0.0,31.5192
740,CA-2014-112326,1/4/2014,1/8/2014,Standard Class,PO-19195,Phillina Ober,Home Office,United States,Naperville,Illinois,60540,Central,OFF-LA-10003223,Office Supplies,Labels,Avery 508,11.784,3,0.2,4.2717
3210,CA-2016-108882,1/9/2016,1/15/2016,Standard Class,LA-16780,Laura Armstrong,Corporate,United States,Fresno,California,93727,West,TEC-PH-10002726,Technology,Phones,netTALK DUO VoIP Telephone Service,377.928,9,0.2,141.723
3111,CA-2016-121671,7/17/2016,7/22/2016,Standard Class,AA-10480,Andrew Allen,Consumer,United States,Springfield,Missouri,65807,Central,OFF-PA-10001934,Office Supplies,Paper,Xerox 1993,51.84,8,0.0,25.4016
8054,CA-2017-152205,9/28/2017,10/5/2017,Standard Class,SF-20965,Sylvia Foulston,Corporate,United States,Seattle,IL,45752,South,OFF-BI-10004094,Office Supplies,Binders,GBC Standard Plastic Binding Systems Combs,2.655,1,0.7,-1.8585
5239,CA-2014-166744,9/20/2014,9/24/2014,Standard Class,DN-13690,Duane Noonan,Consumer,United States,Columbia,Maryland,21044,East,TEC-AC-10003628,Technology,Accessories,Logitech_910-002974_M325_Wireless_Mouse_for_Web_Scrolling,59.98,2,0.0,26.3912
5893,CA-2016-146157,11/21/2016,11/26/2016,Standard Class,RD-19720,Roger Demir,Consumer,United States,Los Angeles,AZ,26917,East,TEC-AC-10003657,Technology,Accessories,Lenovo 17-Key USB Numeric Keypad,81.576,3,0.2,2.0394
8292,CA-2014-156244,8/12/2014,8/16/2014,Standard Class,DH-13675,Duane Huffman,Home Office,United States,Miami,Florida,33180,South,OFF-LA-10000443,Office Supplies,Labels,Avery 501,2.952,1,0.2,0.9963
9857,CA-2014-120950,11/6/2014,11/11/2014,Standard Class,GA-14515,George Ashbrook,Consumer,United States,Columbus,Georgia,31907,South,OFF-PA-10000587,Office Supplies,Paper,"Array Parchment Paper, Assorted Colors",43.68,6,0.0,20.9664
3463,CA-2015-152611,2/20/2015,2/23/2015,Second Class,KA-16525,Kelly Andreada,Consumer,United States,Houston,WA,99906,South,OFF-AR-10003903,Office Supplies,Art,Sanford 52201 APSCO Electric Pencil Sharpener,286.79,7,0.0,74.5654
3326,CA-2014-165309,11/11/2014,11/15/2014,Standard Class,KD-16270,Karen Daniels,Consumer,United States,Houston,Texas,77095,Central,OFF-BI-10001267,Office Supplies,Binders,"Universal Recycled Hanging Pressboard Report Binders, Letter Size",1.234,1,0.8,-1.9744
4387,NEW-1-20260304121052,2017-02-05 00:00:00,2017-02-08 00:00:00,Standard Class,BP-11095,Bart Pistole,Corporate,United States,San Francisco,California,94122,West,OFF-AP-10001366,Office Supplies,Appliances,Staple holder,42.6,4,0.0,18.29
7637,US-2017-158526,12/29/2017,1/1/2018,Second Class,KH-16360,Katherine Hughes,Consumer,United States,Louisville,Kentucky,40214,South,FUR-CH-10001270,Furniture,Chairs,Harbour Creations Steel Folding Chair,258.75,3,0.0,77.625
4098,NEW-237-20260304121052,2015-01-02 00:00:00,2015-01-05 00:00:00,Standard Class,SC-20095,Sanjit Chand,Consumer,United States,Minneapolis,Minnesota,55407,Central,OFF-ST-10000736,Office Supplies,Storage,Carina Double Wide Media Storage Towers in Natural & Black,490.07,5,0.0,13.06
9799,CA-2015-128608,1/12/2015,1/17/2015,Standard Class,CS-12490,Cindy Schnelling,Corporate,United States,Houston,AZ,33845,West,TEC-PH-10000912,Technology,Phones,Anker 24W Portable Micro USB Car Charger,26.376,4,0.4,2.6376
8290,NEW-408-20260304121052,2014-10-16 00:00:00,2014-10-19 00:00:00,Standard Class,DH-13675,Duane Huffman,Home Office,United States,Miami,Florida,33180,South,OFF-AP-10002403,Office Supplies,Appliances,Acco Smartsocket Color-Coded Six-Outlet AC Adapter Model Surge Protectors,191.24,6,0.2,20.9
3448,NEW-144-20260304121052,2017-07-23 00:00:00,2017-07-26 00:00:00,Standard Class,KN-16705,Kristina Nunn,Home Office,United States,Auburn,Alabama,36830,South,OFF-AR-10001919,Office Supplies,Art,"OIC #2 Pencils, Medium Soft",3.96,2,0.0,1.7
7741,CA-2014-154781,11/21/2014,11/26/2014,Standard Class,SC-20680,Steve Carroll,Home Office,United States,San Francisco,California,94110,West,TEC-AC-10000474,Technology,Accessories,Kensington Expert Mouse Optical USB Trackball for PC or Mac,94.99,1,0.0,28.497
9446,NEW-77-20260304121052,2015-11-15 00:00:00,2015-11-17 00:00:00,Standard Class,KB-16315,Karl Braun,Consumer,United States,Indianapolis,Indiana,46203,Central,OFF-LA-10004484,Office Supplies,Labels,Avery 476,17.1,3,0.0,4.88
5700,CA-2017-148320,11/3/2017,11/8/2017,Standard Class,PG-18895,Paul Gonzalez (corrected),Consumer,United States,San Francisco,California,94109,West,OFF-PA-10003022,Office Supplies,Paper,Xerox_1992,35.88,6,0.0,17.5812
1449,NEW-430-20260304121052,2014-08-19 00:00:00,2014-08-20 00:00:00,First Class,TS-21160,Theresa Swint,Corporate,United States,Philadelphia,Pennsylvania,19134,East,OFF-BI-10004876,Office Supplies,Binders,Wilson Jones Suede Grain Vinyl Binders,2.15,3,0.7,-2.68
9124,NEW-288-20260304121052,2016-12-09 00:00:00,2016-12-13 00:00:00,Second Class,EH-13945,Eric Hoffmann,Consumer,United States,Philadelphia,Pennsylvania,19120,East,OFF-BI-10003364,Office Supplies,Binders,Binding Machine Supplies,93.57,9,0.7,-40.93
3573,US-2017-126081,6/29/2017,7/4/2017,Standard Class,FC-14335,Fred Chung,Corporate,United States,Phoenix,TX,92201,South,OFF-PA-10003953,Office Supplies,Paper,Xerox 218,5.184,1,0.2,1.8144
7697,CA-2017-107958,7/2/2017,7/5/2017,First Class,AH-10120,Adrian Hane,Home Office,United States,Houston,Texas,77036,Central,OFF-BI-10001787,Office Supplies,Binders,Wilson Jones Four-Pocket Poly Binders,5.232,4,0.8,-8.1096
9135,CA-2016-124254,4/12/2016,4/17/2016,Standard Class,TB-21175,Thomas Boland,Corporate,United States,Wilson,North Carolina,27893,South,OFF-ST-10001469,Office Supplies,Storage,Fellowes Bankers Box Recycled Super Stor/Drawer,129.552,3,0.2,-22.6716
1411,NEW-242-20260304121052,2018-04-23 00:00:00,2018-04-28 00:00:00,Standard Class,SZ-20035,Sam Zeldin,Home Office,United States,Grand Prairie,Texas,75051,Central,OFF-LA-10003923,Office Supplies,Labels,Alphabetical Labels for Top Tab Filing,31.9,2,0.2,6.79
8933,CA-2017-143252,12/18/2017,12/24/2017,Standard Class,HE-14800,Harold Engle (corrected),Corporate,United States,Milwaukee,Wisconsin,53209,Central,TEC-AC-10002331,Technology,Accessories,"Maxell_74_Minute_CDR,_10/Pack",29.34,3,0.0,10.8558
2996,US-2014-150532,7/14/2014,7/21/2014,Standard Class,PB-19150,Philip Brown,Consumer,United States,Phoenix,Arizona,85023,West,OFF-ST-10000760,Office Supplies,Storage,Eldon Fold 'N Roll Cart System,55.92,5,0.2,6.291
9128,CA-2017-112473,5/25/2017,6/1/2017,Standard Class,JL-15505,Jeremy Lonsdale,Consumer,United States,Houston,Texas,77070,Central,OFF-ST-10002182,Office Supplies,Storage,"Iris 3-Drawer Stacking Bin, Black",50.136,3,0.2,-11.2806
3185,NEW-236-20260304121052,2018-02-10 00:00:00,2018-02-19 00:00:00,Second Class,BM-11650,Brian Moss,Corporate,United States,Columbia,Maryland,21044,East,OFF-ST-10003208,Office Supplies,Storage,Adjustable Depth Letter/Legal Cart,591.76,3,0.0,235.18
4905,US-2014-161613,12/1/2014,12/3/2014,Second Class,MC-17605,Matt Connell,Corporate,United States,Seattle,TX,91837,South,FUR-CH-10003746,Furniture,Chairs,Hon 4070 Series Pagoda Round Back Stacking Chairs,674.058,3,0.3,-19.2588
7524,CA-2016-162383,9/5/2016,9/11/2016,Standard Class,MD-17350,Maribeth Dona,Consumer,United States,Lancaster,Ohio,43130,East,FUR-CH-10004477,Furniture,Chairs,"Global Push Button Manager's Chair, Indigo",85.246,2,0.3,-1.2178
4827,NEW-172-20260304121052,2017-12-03 00:00:00,2017-12-12 00:00:00,First Class,JE-15610,Jim Epp,Corporate,United States,Los Angeles,California,90036,West,OFF-BI-10003460,Office Supplies,Binders,Acco 3-Hole Punch,12.3,4,0.2,7.79
5433,NEW-179-20260304121052,2017-12-08 00:00:00,2017-12-10 00:00:00,Standard Class,FC-14245,Frank Carlisle,Home Office,United States,Lakewood,Ohio,44107,East,OFF-BI-10002799,Office Supplies,Binders,"SlimView Poly Binder, 3/8""",6.66,4,0.7,-6.72
5132,CA-2017-146626,12/29/2017,1/5/2018,Standard Class,BP-11185,Ben Peterman,Corporate,United States,Anaheim,California,92804,West,FUR-FU-10002501,Furniture,Furnishings,Nu-Dell Executive Frame,101.12,8,0.0,37.4144
2627,CA-2017-127180,10/22/2017,10/24/2017,First Class,TA-21385,Tom Ashbrook,Home Office,United States,New York City,New York,10024,East,TEC-PH-10003800,Technology,Phones,i.Sound Portable Power - 8000 mAh,52.99,1,0.0,0.5299
3710,CA-2014-120544,11/23/2014,11/27/2014,Standard Class,SS-20140,Saphhira Shifley (corrected),Corporate,United States,Mesquite,Texas,75150,Central,TEC-AC-10003709,Technology,Accessories,Maxell_4.7GB_DVD-R_5/Pack,5.544,7,0.2,1.6632
7805,CA-2015-102260,9/22/2015,9/26/2015,Standard Class,SJ-20125,Sanjit Jacobs,Home Office,United States,Chicago,NY,40792,Central,OFF-ST-10002289,Office Supplies,Storage,"Safco Wire Cube Shelving System, For Use as 4 or 5 14"" Cubes, Black",25.424,1,0.2,-4.767
2512,CA-2015-102722,4/18/2015,4/19/2015,First Class,KW-16570,Kelly Williams,Consumer,United States,New York,NY,16730,West,TEC-AC-10003116,Technology,Accessories,Memorex Froggy Flash Drive 8 GB,106.5,6,0.0,41.535
7148,CA-2016-139941,6/12/2016,6/17/2016,Standard Class,CB-12415,Christy Brittain,Consumer,United States,Houston,AZ,32597,West,OFF-PA-10000241,Office Supplies,Paper,"IBM Multi-Purpose Copy Paper, 8 1/2 x 11"", Case",92.94,3,0.0,41.823
1838,NEW-35-20260304121052,2014-10-17 00:00:00,2014-10-26 00:00:00,Standard Class,BF-10975,Barbara Fisher,Corporate,United States,Charlotte,North Carolina,28205,South,OFF-LA-10000240,Office Supplies,Labels,Self-Adhesive Address Labels for Typewriters by Universal,22.89,3,0.2,7.24
748,NEW-302-20260304121052,2014-06-14 00:00:00,2014-06-22 00:00:00,Same Day,MH-17785,Maya Herman,Corporate,United States,San Diego,California,92105,West,OFF-ST-10001809,Office Supplies,Storage,Fellowes Officeware Wire Shelving,349.29,4,0.0,9.65
8775,NEW-12-20260304121052,2015-06-26 00:00:00,2015-06-29 00:00:00,Standard Class,LC-16960,Lindsay Castell,Home Office,United States,New York City,New York,10024,East,OFF-BI-10002982,Office Supplies,Binders,Avery Self-Adhesive Photo Pockets for Polaroid Photos,14.04,2,0.2,4.18
4495,CA-2014-150798,12/1/2014,12/3/2014,Second Class,JK-15730,Joe Kamberova,Consumer,United States,Columbus,Ohio,43229,East,FUR-CH-10000015,Furniture,Chairs,Hon_Multipurpose_Stacking_Arm_Chairs,909.72,6,0.3,-51.984
4850,CA-2014-107818,9/8/2014,9/14/2014,Standard Class,MC-17275,Marc Crier,Consumer,United States,Los Angeles,WA,45609,West,OFF-AR-10003045,Office Supplies,Art,Prang Colored Pencils,5.88,2,0.0,2.646
7524,NEW-346-20260304121052,2017-01-16 00:00:00,2017-01-24 00:00:00,Standard Class,MD-17350,Maribeth Dona,Consumer,United States,Lancaster,Ohio,43130,East,FUR-CH-10004477,Furniture,Chairs,"Global Push Button Manager's Chair, Indigo",77.68,2,0.3,-0.92
4477,NEW-360-20260304121052,2017-11-13 00:00:00,2017-11-20 00:00:00,Same Day,MG-17680,Maureen Gastineau,Home Office,United States,Mentor,Ohio,44060,East,OFF-PA-10002606,Office Supplies,Paper,Xerox 1928,8.12,2,0.2,2.26
3004,CA-2017-104381,12/16/2017,12/23/2017,Standard Class,RD-19810,Ross DeVincentis,Home Office,United States,Rochester,New York,14609,East,OFF-BI-10001628,Office Supplies,Binders,"Acco Data Flex Cable Posts For Top & Bottom Load Binders, 6"" Capacity",33.376,4,0.2,10.43
8461,NEW-104-20260304121052,2014-10-31 00:00:00,2014-11-04 00:00:00,Standard Class,AT-10735,Annie Thurman,Consumer,United States,Bristol,Connecticut,6010,East,OFF-BI-10002432,Office Supplies,Binders,Wilson Jones Standard D-Ring Binders,31.64,5,0.0,9.62
3866,NEW-230-20260304121052,2014-12-11 00:00:00,2014-12-15 00:00:00,Second Class,GW-14605,Giulietta Weimer,Consumer,United States,San Francisco,California,94122,West,TEC-AC-10002842,Technology,Accessories,WD My Passport Ultra 2TB Portable External Hard Drive,246.74,2,0.0,36.72
5391,CA-2017-163874,11/10/2017,11/12/2017,Second Class,NC-18535,Nick Crebassa,Corporate,United States,Phoenix,CA,50458,West,OFF-BI-10000088,Office Supplies,Binders,GBC Imprintable Covers,26.352,3,0.2,9.5526
9835,NEW-491-20260304121052,2017-01-25 00:00:00,2017-02-01 00:00:00,First Class,WB-21850,William Brown,Consumer,United States,La Porte,Texas,77571,Central,FUR-FU-10004963,Furniture,Furnishings,"Eldon 400 Class Desk Accessories, Black Carbon",16.54,4,0.6,-8.62
4309,CA-2014-125829,11/4/2014,11/11/2014,Standard Class,WB-21850,William Brown,Consumer,United States,Los Angeles,California,90045,West,TEC-PH-10001079,Technology,Phones,Polycom SoundPoint Pro SE-225 Corded phone,666.344,7,0.2,66.6344
4143,US-2014-107699,5/19/2014,5/23/2014,Standard Class,JH-15820,John Huston,Consumer,United States,Los Angeles,WA,85442,South,OFF-BI-10001249,Office Supplies,Binders,Avery Heavy-Duty EZD View Binder with Locking Rings,57.42,9,0.0,26.4132
8279,NEW-167-20260304121052,2016-06-21 00:00:00,2016-06-29 00:00:00,Standard Class,LC-16960,Lindsay Castell,Home Office,United States,Tampa,Florida,33614,South,OFF-ST-10001496,Office Supplies,Storage,Standard Rollaway File with Lock,384.22,3,0.2,31.03
2952,CA-2017-134915,11/12/2017,11/12/2017,Same Day,EM-14140,Eugene Moren,Home Office,United States,Glendale,Arizona,85301,West,FUR-CH-10004875,Furniture,Chairs,Harbour Creations 67200 Series Stacking Chairs,113.888,2,0.2,9.9652
2556,CA-2015-111458,9/26/2015,9/30/2015,Standard Class,PF-19165,Philip Fox,Consumer,United States,New York City,New York,10035,East,TEC-AC-10001590,Technology,Accessories,Dell Slim USB Multimedia Keyboard,50.0,2,0.0,12.0
6281,CA-2017-152226,5/12/2017,5/16/2017,Standard Class,JH-15910,Jonathan Howell,Consumer,United States,Cincinnati,Ohio,45231,East,OFF-LA-10000443,Office Supplies,Labels,Avery 501,5.904,2,0.2,1.9926
5914,US-2015-126977,9/17/2015,9/23/2015,Standard Class,PF-19120,Peter Fuller,Consumer,United States,Chicago,WA,68371,East,OFF-ST-10000617,Office Supplies,Storage,Woodgrain Magazine Files by Perma,14.9,5,0.0,1.043
6052,CA-2015-153878,4/25/2015,4/30/2015,Standard Class,TS-21655,Trudy Schmidt,Consumer,United States,Milwaukee,Wisconsin,53209,Central,OFF-AP-10001205,Office Supplies,Appliances,Belkin 5 Outlet SurgeMaster Power Centers,272.4,5,0.0,76.272
9512,CA-2014-130575,12/14/2014,12/16/2014,First Class,CS-11845,Cari Sayre,Corporate,United States,Chicago,Illinois,60623,Central,OFF-BI-10002353,Office Supplies,Binders,GBC VeloBind Cover Sets,9.264,3,0.8,-13.896
4500,CA-2016-124814,4/10/2016,4/16/2016,Standard Class,FM-14215,Filia McAdams,Corporate,United States,Chicago,WA,46152,West,OFF-PA-10002787,Office Supplies,Paper,Xerox 227,12.96,2,0.0,6.2208
2,CA-2016-152156,11/8/2016,11/11/2016,Second Class,CG-12520,Claire Gute,Consumer,United States,Chicago,NY,67060,West,FUR-CH-10000454,Furniture,Chairs,"Hon Deluxe Fabric Upholstered Stacking Chairs, Rounded Back",731.94,3,0.0,219.582
1859,CA-2015-121608,9/3/2015,9/5/2015,First Class,JB-15400,Jennifer Braxton,Corporate,United States,Bristol,Connecticut,6010,East,OFF-AP-10002311,Office Supplies,Appliances,"Holmes Replacement Filter for HEPA Air Cleaner, Very Large Room, HEPA Filter",137.62,2,0.0,60.5528
9278,CA-2017-122539,12/1/2017,12/5/2017,Standard Class,SC-20305,Sean Christensen,Consumer,United States,Philadelphia,Pennsylvania,19140,East,OFF-LA-10004853,Office Supplies,Labels,Avery 483,15.936,4,0.2,5.1792
9775,NEW-165-20260304121052,2014-12-08 00:00:00,2014-12-13 00:00:00,Standard Class,LF-17185,Luke Foster,Consumer,United States,San Antonio,Texas,78207,Central,OFF-BI-10004995,Office Supplies,Binders,GBC DocuBind P400 Electric Binding System,2357.3,8,0.8,-4753.23
6630,NEW-67-20260304121052,2015-12-09 00:00:00,2015-12-18 00:00:00,Standard Class,NP-18685,Nora Pelletier,Home Office,United States,Wilson,North Carolina,27893,South,OFF-BI-10001757,Office Supplies,Binders,Pressboard Hanging Data Binders for Unburst Sheets,9.38,5,0.7,-5.44
420,CA-2017-110478,3/4/2017,3/9/2017,Standard Class,SP-20860,Sung Pak (corrected),Corporate,United States,Los Angeles,California,90045,West,OFF-AR-10001573,Office Supplies,Art,American_Pencil,9.32,4,0.0,2.7028
7730,US-2016-109260,9/26/2016,10/1/2016,Standard Class,TN-21040,Tanja Norvell,Home Office,United States,Tallahassee,Florida,32303,South,TEC-AC-10002637,Technology,Accessories,Logitech VX Revolution Cordless Laser Mouse for Notebooks (Black),431.976,3,0.2,-75.5958
6303,NEW-318-20260304121052,2018-01-22 00:00:00,2018-01-31 00:00:00,Standard Class,AH-10210,Alan Hwang,Consumer,United States,Dallas,Texas,75220,Central,TEC-PH-10001305,Technology,Phones,Panasonic KX TS208W Corded phone,200.09,5,0.2,29.15
2682,CA-2017-127026,1/21/2017,1/27/2017,Standard Class,MH-18115,Mick Hernandez,Home Office,United States,Chicago,IL,66706,Central,OFF-BI-10001196,Office Supplies,Binders,"Avery Flip-Chart Easel Binder, Black",89.52,4,0.0,42.0744
9968,CA-2017-153871,12/11/2017,12/17/2017,Standard Class,RB-19435,Richard Bierner,Consumer,United States,Plainfield,New Jersey,7060,East,OFF-BI-10004209,Office Supplies,Binders,"Fellowes Twister Kit, Gray/Clear, 3/pkg",40.2,5,0.0,18.09
8192,US-2017-155866,11/17/2017,11/21/2017,Standard Class,CC-12370,Christopher Conant,Consumer,United States,New York City,New York,10011,East,FUR-FU-10004091,Furniture,Furnishings,"Howard Miller 13"" Diameter Goldtone Round Wall Clock",187.76,4,0.0,76.9816
4738,CA-2015-155054,6/13/2015,6/19/2015,Standard Class,PS-19045,Penelope Sewall,Home Office,United States,New York,WA,58509,South,TEC-AC-10003657,Technology,Accessories,Lenovo 17-Key USB Numeric Keypad,67.98,2,0.0,14.9556
3524,NEW-244-20260304121052,2016-11-06 00:00:00,2016-11-07 00:00:00,Standard Class,ML-17395,Marina Lichtenstein,Corporate,United States,San Diego,California,92105,West,TEC-AC-10002345,Technology,Accessories,HP Standard 104 key PS/2 Keyboard,123.49,8,0.0,21.28
6890,CA-2017-164756,9/18/2017,9/22/2017,Standard Class,SS-20140,Saphhira Shifley,Corporate,United States,Columbus,Georgia,31907,South,TEC-PH-10001552,Technology,Phones,I Need's 3d Hello Kitty Hybrid Silicone Case Cover for HTC One X 4g with 3d Hello Kitty Stylus Pen Green/pink,95.68,8,0.0,26.7904
8594,NEW-120-20260304121052,2018-04-15 00:00:00,2018-04-17 00:00:00,Standard Class,PM-19135,Peter McVee,Home Office,United States,Jacksonville,Florida,32216,South,TEC-AC-10002567,Technology,Accessories,Logitech G602 Wireless Gaming Mouse,175.71,3,0.2,59.95
3533,CA-2014-110849,4/18/2014,4/23/2014,Standard Class,JL-15835,John Lee,Consumer,United States,Los Angeles,California,90049,West,TEC-MA-10002859,Technology,Machines,Ativa MDM8000 8-Sheet Micro-Cut Shredder,287.968,4,0.2,97.1892
4036,US-2016-108777,12/12/2016,12/12/2016,Same Day,JM-15655,Jim Mitchum,Corporate,United States,Lorain,Ohio,44052,East,TEC-AC-10002567,Technology,Accessories,Logitech G602 Wireless Gaming Mouse,383.952,6,0.2,76.7904
1863,NEW-268-20260304121052,2015-03-17 00:00:00,2015-03-23 00:00:00,Same Day,RF-19840,Roy Französisch,Consumer,United States,San Antonio,Texas,78207,Central,OFF-ST-10001328,Office Supplies,Storage,"Personal Filing Tote with Lid, Black/Gray",61.88,4,0.2,3.67
2304,CA-2017-157931,9/17/2017,9/22/2017,Second Class,MO-17800,Meg O'Connel,Home Office,United States,Roswell,Georgia,30076,South,FUR-CH-10000785,Furniture,Chairs,Global Ergonomic Managers Chair,723.92,4,0.0,188.2192
191,CA-2015-102281,10/12/2015,10/14/2015,First Class,MP-17470,Mark Packer,Home Office,United States,Chicago,TX,42874,West,TEC-PH-10001552,Technology,Phones,I Need's 3d Hello Kitty Hybrid Silicone Case Cover for HTC One X 4g with 3d Hello Kitty Stylus Pen Green/pink,71.76,6,0.0,20.0928
4517,US-2016-128678,9/15/2016,9/20/2016,Standard Class,RB-19570,Rob Beeghly,Consumer,United States,Seattle,Washington,98105,West,OFF-PA-10000807,Office Supplies,Paper,"TOPS ""Important Message"" Pads, Canary, 4-1/4 x 5-1/2, 50 Sheets per Pad",21.4,5,0.0,10.058
8862,CA-2015-125934,9/11/2015,9/18/2015,Standard Class,SN-20560,Skye Norling,Home Office,United States,Paterson,New Jersey,7501,East,FUR-FU-10002107,Furniture,Furnishings,Eldon Pizzaz Desk Accessories,8.92,4,0.0,3.9248
8909,NEW-458-20260304121052,2015-02-18 00:00:00,2015-02-20 00:00:00,Standard Class,EM-13825,Elizabeth Moffitt,Corporate,United States,Moreno Valley,California,92553,West,OFF-PA-10003790,Office Supplies,Paper,Xerox 1991,232.9,8,0.0,111.62
320,CA-2014-164973,11/4/2014,11/9/2014,Standard Class,NM-18445,Nathan Mautz,Home Office,United States,New York City,New York,10024,East,TEC-PH-10004093,Technology,Phones,Panasonic Kx-TS550,275.94,6,0.0,80.0226
7603,CA-2014-131947,9/17/2014,9/22/2014,Standard Class,JA-15970,Joseph Airdo,Consumer,United States,Springfield,Oregon,97477,West,TEC-AC-10004633,Technology,Accessories,"Verbatim 25 GB 6x Blu-ray Single Layer Recordable Disc, 3/Pack",55.92,10,0.2,16.776
3178,CA-2017-122280,9/10/2017,9/10/2017,Same Day,SH-20395,Shahid Hopkins (corrected),Consumer,United States,New York City,New York,10024,East,OFF-PA-10004911,Office Supplies,Paper,"Rediform_S.O.S._1-Up_Phone_Message_Bk,_4-1/4x3-1/16_Bk,_1_Form/Pg,_40_Messages/Bk,_3/Pk",18.76,2,0.0,9.0048
8,CA-2014-115812,6/9/2014,6/14/2014,Standard Class,BH-11710,Brosina Hoffman,Consumer,United States,Los Angeles,California,90032,West,TEC-PH-10002275,Technology,Phones,Mitel 5320 IP Phone VoIP phone,907.152,6,0.2,90.7152
8381,CA-2014-103527,9/9/2014,9/14/2014,Second Class,CC-12220,Chris Cortes,Consumer,United States,Chicago,Illinois,60653,Central,OFF-PA-10001622,Office Supplies,Paper,"Ampad_Poly_Cover_Wirebound_Steno_Book,_6""_x_9""_Assorted_Colors,_Gregg_Ruled",10.896,3,0.2,3.405
9618,CA-2017-160633,11/16/2017,11/21/2017,Standard Class,BS-11380,Bill Stewart,Corporate,United States,Bowling Green,Ohio,43402,East,TEC-CO-10002095,Technology,Copiers,Hewlett Packard 610 Color Digital Copier / Printer,899.982,3,0.4,74.9985
197,NEW-317-20260304121052,2014-07-23 00:00:00,2014-07-27 00:00:00,Standard Class,CB-12025,Cassandra Brandow,Consumer,United States,Hamilton,Ohio,45011,East,OFF-AR-10004027,Office Supplies,Art,"Binney & Smith inkTank Erasable Desk Highlighter, Chisel Tip, Yellow, 12/Box",5.34,3,0.2,2.53
1340,NEW-324-20260304121052,2017-05-17 00:00:00,2017-05-24 00:00:00,Second Class,CM-12115,Chad McGuire,Consumer,United States,New York City,New York,10011,East,OFF-PA-10004911,Office Supplies,Paper,"Rediform S.O.S. 1-Up Phone Message Bk, 4-1/4x3-1/16 Bk, 1 Form/Pg, 40 Messages/Bk, 3/Pk",99.36,8,0.0,26.13
2310,NEW-460-20260304121052,2017-08-05 00:00:00,2017-08-09 00:00:00,First Class,BC-11125,Becky Castell,Home Office,United States,Peoria,Arizona,85345,West,OFF-ST-10002370,Office Supplies,Storage,"Sortfiler Multipurpose Personal File Organizer, Black",58.26,4,0.2,5.92
7152,CA-2017-142909,12/22/2017,12/25/2017,Second Class,AG-10330,Alex Grayson (corrected),Consumer,United States,Mesa,Arizona,85204,West,FUR-TA-10003008,Furniture,Tables,"Lesro_Round_Back_Collection_Coffee_Table,_End_Table",182.55,2,0.5,-135.087
3021,CA-2015-123568,11/8/2015,11/14/2015,Standard Class,SC-20095,Sanjit Chand (corrected),Consumer,United States,West Jordan,Utah,84084,West,OFF-PA-10001125,Office Supplies,Paper,Xerox_1988,92.94,3,0.0,41.823
690,US-2014-117135,6/21/2014,6/23/2014,Second Class,NP-18325,Naresj Patel (corrected),Consumer,United States,Waynesboro,Virginia,22980,South,FUR-FU-10004071,Furniture,Furnishings,Luxo_Professional_Magnifying_Clamp-On_Fluorescent_Lamps,104.01,1,0.0,14.5614
4921,CA-2017-101728,8/19/2017,8/23/2017,Standard Class,SC-20575,Sonia Cooley,Consumer,United States,Chicago,Illinois,60653,Central,OFF-BI-10002393,Office Supplies,Binders,Binder Posts,2.296,2,0.8,-3.9032
5669,CA-2016-142405,6/11/2016,6/15/2016,Standard Class,SE-20110,Sanjit Engle,Consumer,United States,Seattle,Washington,98103,West,OFF-BI-10004728,Office Supplies,Binders,Wilson Jones Turn Tabs Binder Tool for Ring Binders,53.984,14,0.2,17.5448
3827,CA-2014-132801,10/7/2014,10/12/2014,Standard Class,JG-15805,John Grady,Corporate,United States,Dallas,Texas,75217,Central,OFF-ST-10001228,Office Supplies,Storage,"Fellowes Personal Hanging Folder Files, Navy",107.44,10,0.2,10.744
417,CA-2017-122105,6/24/2017,6/28/2017,Standard Class,CJ-12010,Caroline Jumper,Consumer,United States,Huntington Beach,California,92646,West,OFF-AR-10004344,Office Supplies,Art,Bulldog Vacuum Base Pencil Sharpener,95.92,8,0.0,25.8984
3987,NEW-108-20260304121052,2017-05-20 00:00:00,2017-05-23 00:00:00,Standard Class,KF-16285,Karen Ferguson,Home Office,United States,Plainfield,New Jersey,7060,East,OFF-ST-10001780,Office Supplies,Storage,Tennsco 16-Compartment Lockers with Coat Rack,2916.29,4,0.0,816.51
5178,CA-2016-123015,12/26/2016,12/30/2016,Standard Class,AJ-10795,Anthony Johnson,Corporate,United States,New York City,New York,10024,East,OFF-BI-10004967,Office Supplies,Binders,Round_Ring_Binders,4.992,3,0.2,1.6848
2059,CA-2017-120376,12/22/2017,12/25/2017,First Class,TP-21130,Theone Pippenger,Consumer,United States,Detroit,Michigan,48227,Central,FUR-TA-10004534,Furniture,Tables,Bevis 44 x 96 Conference Tables,411.8,2,0.0,70.006
4600,CA-2015-146948,7/16/2015,7/20/2015,Standard Class,MG-17890,Michael Granlund,Home Office,United States,Houston,CA,49962,West,FUR-CH-10004853,Furniture,Chairs,"Global Manager's Adjustable Task Chair, Storm",150.98,1,0.0,43.7842
4787,NEW-209-20260304121052,2016-02-06 00:00:00,2016-02-15 00:00:00,Standard Class,IM-15070,Irene Maddox,Consumer,United States,Colorado Springs,Colorado,80906,West,OFF-AR-10001545,Office Supplies,Art,Newell 326,4.55,3,0.2,0.61
2873,CA-2017-135167,6/15/2017,6/20/2017,Standard Class,SC-20800,Stuart Calhoun,Consumer,United States,Los Angeles,California,90036,West,OFF-AR-10002399,Office Supplies,Art,"Dixon_Prang_Watercolor_Pencils,_10-Color_Set_with_Brush",4.26,1,0.0,1.7466
4074,US-2015-164308,9/24/2015,9/27/2015,First Class,SC-20680,Steve Carroll,Home Office,United States,Phoenix,AZ,19952,South,TEC-PH-10004120,Technology,Phones,AT&T 1080 Phone,821.94,6,0.0,213.7044
121,NEW-489-20260304121052,2016-08-10 00:00:00,2016-08-16 00:00:00,First Class,SC-20725,Steven Cartwright,Consumer,United States,Wilmington,Delaware,19805,East,OFF-BI-10003910,Office Supplies,Binders,DXL Angle-View Binders with Locking Rings by Samsill,39.89,4,0.0,16.16
3512,CA-2014-166863,6/20/2014,6/24/2014,Standard Class,SC-20020,Sam Craven (corrected),Consumer,United States,Plano,Texas,75023,Central,OFF-ST-10004123,Office Supplies,Storage,Safco_Industrial_Wire_Shelving_System,509.488,7,0.2,-127.372
2668,CA-2016-111794,10/1/2016,10/1/2016,Same Day,HG-15025,Hunter Glantz,Consumer,United States,Amarillo,Texas,79109,Central,OFF-PA-10000474,Office Supplies,Paper,Easy-staple_paper,28.352,1,0.2,9.5688
9267,CA-2014-125759,2/8/2014,2/9/2014,First Class,NM-18445,Nathan Mautz,Home Office,United States,North Las Vegas,Nevada,89031,West,FUR-FU-10002111,Furniture,Furnishings,"Master Caster Door Stop, Large Brown",14.56,2,0.0,5.5328
9700,CA-2017-154116,12/15/2017,12/19/2017,Standard Class,KM-16660,Khloe Miller,Consumer,United States,Inglewood,California,90301,West,OFF-AP-10000027,Office Supplies,Appliances,Hoover Commercial SteamVac,54.32,4,0.0,16.296
3764,CA-2016-156251,8/13/2016,8/18/2016,Second Class,TS-21160,Theresa Swint,Corporate,United States,Chicago,WA,96862,West,OFF-BI-10003529,Office Supplies,Binders,Avery Round Ring Poly Binders,8.52,3,0.0,4.1748
1622,NEW-220-20260304121052,2017-11-04 00:00:00,2017-11-05 00:00:00,Standard Class,JC-15385,Jenna Caffey,Consumer,United States,Kent,Washington,98031,West,OFF-LA-10003930,Office Supplies,Labels,"Dot Matrix Printer Tape Reel Labels, White, 5000/Box",1081.86,8,0.0,607.73
5504,CA-2017-127782,11/2/2017,11/6/2017,Standard Class,TH-21115,Thea Hudgings,Corporate,United States,Philadelphia,Pennsylvania,19140,East,OFF-AP-10001962,Office Supplies,Appliances,Black & Decker Filter for Double Action Dustbuster Cordless Vac BLDV7210,20.136,3,0.2,1.2585
7358,CA-2016-114748,10/9/2016,10/14/2016,Standard Class,MZ-17335,Maria Zettner (corrected),Home Office,United States,Phoenix,Arizona,85023,West,FUR-FU-10001488,Furniture,Furnishings,"Tenex_46""_x_60""_Computer_Anti-Static_Chairmat,_Rectangular_Shaped",169.568,2,0.2,0.0
1424,CA-2015-124800,9/26/2015,9/30/2015,Standard Class,RW-19540,Rick Wilson,Corporate,United States,Mesa,Arizona,85204,West,OFF-ST-10000798,Office Supplies,Storage,2300 Heavy-Duty Transfer File Systems by Perma,119.904,6,0.2,-1.4988
7060,CA-2016-165330,12/11/2016,12/11/2016,Same Day,WB-21850,William Brown,Consumer,United States,Houston,WA,41099,West,OFF-AP-10001469,Office Supplies,Appliances,Fellowes 8 Outlet Superior Workstation Surge Protector,83.42,2,0.0,24.1918
862,NEW-314-20260304121052,2014-09-06 00:00:00,2014-09-07 00:00:00,Standard Class,CM-12445,Chuck Magee,Consumer,United States,San Francisco,California,94122,West,OFF-AR-10003752,Office Supplies,Art,Deluxe Chalkboard Eraser Cleaner,31.63,2,0.0,16.9
6821,NEW-438-20260304121052,2018-03-16 00:00:00,2018-03-25 00:00:00,Standard Class,LO-17170,Lori Olson,Corporate,United States,Peoria,Illinois,61604,Central,FUR-CH-10004698,Furniture,Chairs,"Padded Folding Chairs, Black, 4/Carton",99.05,2,0.3,-4.38
8097,CA-2017-133046,7/27/2017,8/1/2017,Second Class,DK-13375,Dennis Kane,Consumer,United States,Seattle,Washington,98115,West,TEC-AC-10000991,Technology,Accessories,Sony_Micro_Vault_Click_8_GB_USB_2.0_Flash_Drive,234.95,5,0.0,32.893
1749,US-2014-157406,4/25/2014,4/29/2014,Standard Class,DA-13450,Dianna Arnett,Home Office,United States,Houston,Texas,77095,Central,OFF-PA-10003543,Office Supplies,Paper,Xerox 1985,10.368,2,0.2,3.6288
2485,CA-2017-126067,8/28/2017,9/3/2017,Standard Class,KN-16705,Kristina Nunn,Home Office,United States,Seattle,Washington,98105,West,OFF-BI-10001658,Office Supplies,Binders,GBC Standard Therm-A-Bind Covers,99.68,5,0.2,32.396
5878,CA-2014-152443,5/21/2014,5/26/2014,Standard Class,FG-14260,Frank Gastineau (corrected),Home Office,United States,Lawrence,Massachusetts,1841,East,OFF-PA-10003022,Office Supplies,Paper,Xerox_1992,17.94,3,0.0,8.7906
4337,CA-2015-154795,12/20/2015,12/24/2015,Standard Class,GZ-14470,Gary Zandusky,Consumer,United States,Bullhead City,Arizona,86442,West,FUR-FU-10002088,Furniture,Furnishings,Nu-Dell Float Frame 11 x 14 1/2,14.368,2,0.2,3.9512
2510,CA-2017-163902,3/2/2017,3/8/2017,Standard Class,MY-17380,Maribeth Yedwab,Corporate,United States,Los Angeles,California,90045,West,TEC-AC-10000580,Technology,Accessories,Logitech G13 Programmable Gameboard with LCD Display,479.94,6,0.0,52.7934
2871,CA-2014-148040,3/22/2014,3/26/2014,Standard Class,BF-11275,Beth Fritzler,Corporate,United States,Tucson,Arizona,85705,West,OFF-PA-10002581,Office Supplies,Paper,Xerox 1951,74.352,3,0.2,23.235
4980,NEW-283-20260304121052,2017-05-07 00:00:00,2017-05-13 00:00:00,Second Class,RW-19630,Rob Williams,Corporate,United States,Chicago,Illinois,60610,Central,OFF-SU-10001664,Office Supplies,Supplies,Acme Office Executive Series Stainless Steel Trimmers,19.99,3,0.2,1.79
7240,CA-2016-101651,12/24/2016,12/30/2016,Standard Class,SC-20305,Sean Christensen,Consumer,United States,New York,CA,81983,West,OFF-EN-10001990,Office Supplies,Envelopes,Staple envelope,39.76,7,0.0,18.6872
4845,US-2014-128685,4/4/2014,4/5/2014,First Class,MZ-17515,Mary Zewe,Corporate,United States,Los Angeles,California,90008,West,OFF-BI-10004140,Office Supplies,Binders,Avery Non-Stick Binders,7.184,2,0.2,2.245
4274,US-2017-158505,7/21/2017,7/21/2017,Same Day,SF-20200,Sarah Foster,Consumer,United States,Murray,Utah,84107,West,OFF-AR-10001044,Office Supplies,Art,"BOSTON Ranger #55 Pencil Sharpener, Black",25.99,1,0.0,7.5371
4064,US-2014-130358,6/23/2014,6/26/2014,First Class,DL-13330,Denise Leinenbach,Consumer,United States,Concord,North Carolina,28027,South,OFF-AR-10002766,Office Supplies,Art,Prang Drawing Pencil Set,20.016,9,0.2,1.7514
5766,US-2014-126340,11/8/2014,11/14/2014,Standard Class,EB-13870,Emily Burns (corrected),Consumer,United States,Redding,California,96003,West,TEC-PH-10004447,Technology,Phones,Toshiba_IPT2010-SD_IP Telephone,333.576,3,0.2,25.0182
7978,CA-2014-166051,5/31/2014,6/5/2014,Standard Class,JK-15625,Jim Karlsson,Consumer,United States,Jackson,Mississippi,39212,South,TEC-PH-10002680,Technology,Phones,Samsung Galaxy Note 3,659.97,3,0.0,197.991
7272,CA-2016-123337,9/16/2016,9/22/2016,Standard Class,KD-16495,Keith Dawkins,Corporate,United States,San Jose,California,95123,West,OFF-AP-10002287,Office Supplies,Appliances,"Eureka_Sanitaire__Multi-Pro_Heavy-Duty_Upright,_Disposable_Bags",17.48,4,0.0,4.5448
17,NEW-43-20260304121052,2015-01-02 00:00:00,2015-01-04 00:00:00,Standard Class,PK-19075,Pete Kriz,Consumer,United States,Madison,Wisconsin,53711,Central,OFF-ST-10004186,Office Supplies,Storage,"Stur-D-Stor Shelving, Vertical 5-Shelf: 72""H x 36""W x 18 1/2""D",660.29,6,0.0,11.64
3378,NEW-140-20260304121052,2017-03-12 00:00:00,2017-03-15 00:00:00,First Class,CS-12490,Cindy Schnelling,Corporate,United States,Conroe,Texas,77301,Central,OFF-ST-10004950,Office Supplies,Storage,"Tenex Personal Filing Tote With Secure Closure Lid, Black/Frost",104.26,9,0.2,6.44
1409,CA-2016-130407,9/2/2016,9/6/2016,Standard Class,KD-16270,Karen Daniels,Consumer,United States,New York City,New York,10024,East,FUR-FU-10001967,Furniture,Furnishings,Telescoping Adjustable Floor Lamp,39.98,2,0.0,9.995
9597,CA-2017-104619,1/24/2017,1/29/2017,Standard Class,KD-16495,Keith Dawkins (corrected),Corporate,United States,San Jose,California,95123,West,OFF-BI-10004318,Office Supplies,Binders,Ibico_EB-19_Dual_Function_Manual_Binding_System,276.784,2,0.2,89.9548
5647,CA-2015-104241,1/4/2015,1/9/2015,Standard Class,AG-10495,Andrew Gjertsen,Corporate,United States,Alexandria,Virginia,22304,South,FUR-FU-10001473,Furniture,Furnishings,DAX Wood Document Frame,192.22,14,0.0,69.1992
3673,CA-2016-104969,4/8/2016,4/14/2016,Standard Class,EH-14125,Eugene Hildebrand,Home Office,United States,Troy,Ohio,45373,East,OFF-EN-10002312,Office Supplies,Envelopes,#10_Self-Seal_White_Envelopes,8.872,1,0.2,3.2161
8662,CA-2015-131856,5/12/2015,5/17/2015,Standard Class,JG-15160,James Galang,Consumer,United States,Houston,Texas,77041,Central,FUR-FU-10000175,Furniture,Furnishings,DAX Wood Document Frame.,21.968,4,0.6,-15.9268
4766,CA-2015-118227,4/24/2015,4/28/2015,Standard Class,DB-13270,Deborah Brumfield,Home Office,United States,New York City,New York,10009,East,OFF-AR-10001044,Office Supplies,Art,"BOSTON Ranger #55 Pencil Sharpener, Black",25.99,1,0.0,7.5371
467,CA-2016-109869,4/22/2016,4/29/2016,Standard Class,TN-21040,Tanja Norvell,Home Office,United States,Phoenix,Arizona,85023,West,OFF-AP-10002578,Office Supplies,Appliances,"Fellowes_Premier_Superior_Surge_Suppressor,_10-Outlet,_With_Phone_and_Remote",78.272,2,0.2,5.8704
572,CA-2017-164826,12/28/2017,1/4/2018,Standard Class,JF-15415,Jennifer Ferguson,Consumer,United States,New York City,New York,10024,East,OFF-FA-10000585,Office Supplies,Fasteners,OIC_Bulk_Pack_Metal_Binder_Clips,13.96,4,0.0,6.4216
78,US-2017-118038,12/9/2017,12/11/2017,First Class,KB-16600,Ken Brennan,Corporate,United States,Houston,Texas,77041,Central,OFF-ST-10000615,Office Supplies,Storage,"SimpliFile_Personal_File,_Black_Granite,_15w_x_6-15/16d_x_11-1/4h",27.24,3,0.2,2.724
3696,CA-2016-142097,10/15/2016,10/20/2016,Standard Class,QJ-19255,Quincy Jones (corrected),Corporate,United States,Springfield,Virginia,22153,South,OFF-EN-10002312,Office Supplies,Envelopes,#10_Self-Seal_White_Envelopes,66.54,6,0.0,32.6046
9394,CA-2014-125997,9/20/2014,9/23/2014,First Class,MW-18220,Mitch Webber,Consumer,United States,New York City,New York,10011,East,TEC-PH-10003484,Technology,Phones,Ooma Telo VoIP Home Phone System,629.95,5,0.0,157.4875
2584,NEW-153-20260304121052,2014-04-13 00:00:00,2014-04-15 00:00:00,Standard Class,SD-20485,Shirley Daniels,Home Office,United States,Alexandria,Virginia,22304,South,FUR-FU-10001847,Furniture,Furnishings,Eldon Image Series Black Desk Accessories,15.88,3,0.0,6.49
3452,CA-2014-168592,9/8/2014,9/14/2014,Standard Class,DP-13390,Dennis Pardue,Home Office,United States,Chicago,AZ,53990,Central,OFF-FA-10002988,Office Supplies,Fasteners,Ideal Clamps,4.02,2,0.0,1.9698
1492,NEW-437-20260304121052,2018-04-09 00:00:00,2018-04-15 00:00:00,Standard Class,TS-21370,Todd Sumrall,Corporate,United States,New York City,New York,10035,East,OFF-PA-10001838,Office Supplies,Paper,"Adams Telephone Message Book W/Dividers/Space For Phone Numbers, 5 1/4""X8 1/2"", 300/Messages",5.48,1,0.0,3.59
60,CA-2016-111682,6/17/2016,6/18/2016,First Class,TB-21055,Ted Butterfield,Consumer,United States,Troy,New York,12180,East,TEC-AC-10002167,Technology,Accessories,Imation 8gb Micro Traveldrive Usb 2.0 Flash Drive,30.0,2,0.0,3.3
6590,NEW-40-20260304121052,2017-08-20 00:00:00,2017-08-21 00:00:00,Standard Class,AM-10705,Anne McFarland,Consumer,United States,Salem,Virginia,24153,South,OFF-SU-10003505,Office Supplies,Supplies,Premier Electric Letter Opener,290.39,2,0.0,14.76
6542,US-2017-107888,11/16/2017,11/19/2017,First Class,CC-12220,Chris Cortes,Consumer,United States,Seattle,Washington,98103,West,FUR-FU-10003394,Furniture,Furnishings,"Tenex_""The_Solids""_Textured_Chair_Mats",139.92,2,0.0,23.7864
9638,CA-2014-124702,11/18/2014,11/25/2014,Standard Class,MH-17785,Maya Herman,Corporate,United States,Seattle,Washington,98105,West,FUR-TA-10003008,Furniture,Tables,"Lesro_Round_Back_Collection_Coffee_Table,_End_Table",730.2,4,0.0,94.926
3339,US-2017-109253,8/21/2017,8/22/2017,First Class,PR-18880,Patrick Ryan,Consumer,United States,Oakland,California,94601,West,OFF-BI-10000962,Office Supplies,Binders,"Acco Flexible ACCOHIDE Square Ring Data Binder, Dark Blue, 11 1/2"" X 14"" 7/8""",117.144,9,0.2,42.4647
2734,CA-2014-107594,7/2/2014,7/6/2014,Standard Class,EH-13945,Eric Hoffmann,Consumer,United States,Phoenix,NY,30753,Central,OFF-AR-10000716,Office Supplies,Art,DIXON Ticonderoga Erasable Checking Pencils,5.58,1,0.0,2.1762
6507,US-2016-128909,10/9/2016,10/11/2016,Second Class,SP-20545,Sibella Parks (corrected),Corporate,United States,Philadelphia,Pennsylvania,19143,East,OFF-PA-10001593,Office Supplies,Paper,Xerox_1947,19.136,4,0.2,5.98
5343,US-2014-168501,11/21/2014,11/27/2014,Standard Class,JK-15325,Jason Klamczynski,Corporate,United States,Houston,AZ,66268,Central,OFF-EN-10001509,Office Supplies,Envelopes,Poly String Tie Envelopes,1.632,1,0.2,0.5508
9343,CA-2016-119123,3/13/2016,3/18/2016,Standard Class,DB-13360,Dennis Bolton,Home Office,United States,Los Angeles,IL,60999,West,OFF-BI-10001036,Office Supplies,Binders,Cardinal EasyOpen D-Ring Binders,51.184,7,0.2,19.194
9027,CA-2016-102127,6/26/2016,7/2/2016,Standard Class,VP-21760,Victoria Pisteka,Corporate,United States,Seattle,IL,48571,Central,FUR-FU-10003976,Furniture,Furnishings,"DAX Executive Solid Wood Document Frame, Desktop or Hang, Mahogany, 5 x 7",37.74,3,0.0,12.8316
8221,CA-2014-120775,10/3/2014,10/7/2014,Standard Class,RD-19930,Russell D'Ascenzo (corrected),Consumer,United States,Dallas,Texas,75217,Central,OFF-BI-10002609,Office Supplies,Binders,Avery_Hidden_Tab_Dividers_for_Binding_Systems,1.788,3,0.8,-3.0396
6279,US-2016-139087,7/17/2016,7/22/2016,Second Class,DK-13375,Dennis Kane,Consumer,United States,Chicago,TX,61342,East,TEC-PH-10000148,Technology,Phones,Cyber Acoustics AC-202b Speech Recognition Stereo Headset,20.784,2,0.2,-4.6764
7741,NEW-17-20260304121052,2014-12-10 00:00:00,2014-12-11 00:00:00,Standard Class,SC-20680,Steve Carroll,Home Office,United States,San Francisco,California,94110,West,TEC-AC-10000474,Technology,Accessories,Kensington Expert Mouse Optical USB Trackball for PC or Mac,105.96,1,0.0,31.46
1361,NEW-64-20260304121052,2018-02-17 00:00:00,2018-02-19 00:00:00,Standard Class,HM-14860,Harry Marie,Corporate,United States,Philadelphia,Pennsylvania,19120,East,OFF-AR-10002956,Office Supplies,Art,Boston 16801 Nautilus Battery Pencil Sharpener,169.49,7,0.2,8.93
5728,CA-2017-117324,12/8/2017,12/13/2017,Standard Class,JP-15520,Jeremy Pistek,Consumer,United States,Madison,Wisconsin,53711,Central,TEC-AC-10003023,Technology,Accessories,Logitech G105 Gaming Keyboard,178.11,3,0.0,32.0598
7311,CA-2015-121699,8/10/2015,8/14/2015,Standard Class,BD-11320,Bill Donatelli,Consumer,United States,Detroit,Michigan,48227,Central,OFF-BI-10004632,Office Supplies,Binders,GBC Binding covers,64.75,5,0.0,29.1375
7222,US-2017-104437,1/27/2017,1/31/2017,Standard Class,TG-21310,Toby Gnade,Consumer,United States,New York City,New York,10035,East,TEC-PH-10000193,Technology,Phones,Jensen_SMPS-640_- speaker_phone,137.94,3,0.0,35.8644
3773,NEW-65-20260304121052,2014-10-27 00:00:00,2014-10-28 00:00:00,Second Class,RF-19735,Roland Fjeld,Consumer,United States,Columbia,South Carolina,29203,South,TEC-AC-10000023,Technology,Accessories,"Maxell 74 Minute CD-R Spindle, 50/Pack",64.33,3,0.0,34.37
8228,CA-2016-123050,4/4/2016,4/8/2016,Second Class,BC-11125,Becky Castell,Home Office,United States,Los Angeles,WA,32420,West,FUR-FU-10000723,Furniture,Furnishings,"Deflect-o EconoMat Studded, No Bevel Mat for Low Pile Carpeting",82.64,2,0.0,7.4376
9897,CA-2014-156342,6/17/2014,6/20/2014,Second Class,JF-15415,Jennifer Ferguson,Consumer,United States,Los Angeles,NY,47794,South,OFF-PA-10001725,Office Supplies,Paper,Xerox 1892,62.016,2,0.2,22.4808
1391,US-2016-108504,2/5/2016,2/5/2016,Same Day,PP-18955,Paul Prost (corrected),Home Office,United States,Smyrna,Georgia,30080,South,OFF-PA-10000357,Office Supplies,Paper,"White_Dual_Perf_Computer_Printout_Paper,_2700_Sheets,_1_Part,_Heavyweight,_20_lbs.,_14_7/8_x_11",122.97,3,0.0,60.2553
2076,NEW-229-20260304121052,2015-02-12 00:00:00,2015-02-14 00:00:00,Standard Class,TR-21325,Toby Ritter,Consumer,United States,San Francisco,California,94122,West,FUR-FU-10001861,Furniture,Furnishings,"Floodlight Indoor Halogen Bulbs, 1 Bulb per Pack, 60 Watts",72.45,3,0.0,34.21
2232,NEW-33-20260304121052,2017-07-16 00:00:00,2017-07-24 00:00:00,Standard Class,DB-13405,Denny Blanton,Consumer,United States,La Porte,Indiana,46350,Central,FUR-FU-10000293,Furniture,Furnishings,Eldon Antistatic Chair Mats for Low to Medium Pile Carpets,479.5,5,0.0,46.75
5897,NEW-433-20260304121052,2015-02-21 00:00:00,2015-02-27 00:00:00,Standard Class,PL-18925,Paul Lucas,Home Office,United States,Los Angeles,California,90049,West,OFF-PA-10004947,Office Supplies,Paper,Easy-staple paper,25.31,5,0.0,12.15
2302,NEW-262-20260304121052,2015-04-18 00:00:00,2015-04-19 00:00:00,Standard Class,JL-15505,Jeremy Lonsdale,Consumer,United States,Midland,Michigan,48640,Central,OFF-BI-10000546,Office Supplies,Binders,Avery Durable Binders,13.24,4,0.0,5.84
7708,CA-2017-100237,10/15/2017,10/19/2017,Standard Class,SV-20815,Stuart Van,Corporate,United States,Orem,Utah,84057,West,OFF-AR-10001761,Office Supplies,Art,Avery Hi-Liter Smear-Safe Highlighters,11.68,2,0.0,4.2048
3597,CA-2014-102869,9/9/2014,9/14/2014,Second Class,LC-17140,Logan Currie,Consumer,United States,New York,IL,55886,East,OFF-PA-10000788,Office Supplies,Paper,Xerox 210,15.552,3,0.2,5.4432
5923,NEW-304-20260304121052,2015-09-23 00:00:00,2015-09-25 00:00:00,Standard Class,PF-19120,Peter Fuller,Consumer,United States,New York City,New York,10035,East,TEC-PH-10000169,Technology,Phones,ARKON Windshield Dashboard Air Vent Car Mount Holder,91.88,4,0.0,1.06
7373,US-2017-123862,1/7/2017,1/9/2017,Second Class,JF-15190,Jamie Frazer,Consumer,United States,Long Beach,California,90805,West,OFF-ST-10002301,Office Supplies,Storage,Tennsco Commercial Shelving,61.02,3,0.0,0.6102
3709,CA-2014-120544,11/23/2014,11/27/2014,Standard Class,SS-20140,Saphhira Shifley,Corporate,United States,Mesquite,Texas,75150,Central,OFF-AP-10004336,Office Supplies,Appliances,"Conquest 14 Commercial Heavy-Duty Upright Vacuum, Collection System, Accessory Kit",34.176,3,0.8,-87.1488
1649,CA-2015-120341,9/26/2015,9/29/2015,Second Class,SF-20200,Sarah Foster (corrected),Consumer,United States,Philadelphia,Pennsylvania,19143,East,OFF-BI-10004224,Office Supplies,Binders,Catalog_Binders_with_Expanding_Posts,121.104,6,0.7,-100.92
3557,CA-2017-118542,12/1/2017,12/5/2017,Standard Class,CC-12550,Clay Cheatham,Consumer,United States,Houston,AZ,62260,South,OFF-PA-10004735,Office Supplies,Paper,Xerox 1905,45.36,7,0.0,21.7728
8138,CA-2014-103219,11/9/2014,11/13/2014,Standard Class,BF-11215,Benjamin Farhat,Home Office,United States,New York City,New York,10035,East,FUR-FU-10004091,Furniture,Furnishings,"Eldon 200 Class Desk Accessories, Black",56.52,9,0.0,21.4776
9327,US-2017-130687,9/7/2017,9/10/2017,First Class,PF-19225,Phillip Flathmann (corrected),Consumer,United States,Edmonds,Washington,98026,West,FUR-FU-10004053,Furniture,Furnishings,DAX_Two-Tone_Silver_Metal_Document_Frame,80.96,4,0.0,34.8128
3644,CA-2014-156594,12/20/2014,12/23/2014,Second Class,MC-17845,Michael Chen,Consumer,United States,Los Angeles,California,90008,West,OFF-AR-10001725,Office Supplies,Art,Boston Home & Office Model 2000 Electric Pencil Sharpeners,47.3,2,0.0,12.298
4669,US-2017-133200,5/6/2017,5/11/2017,Standard Class,DB-13555,Dorothy Badders,Corporate,United States,Fort Worth,Texas,76106,Central,OFF-BI-10002827,Office Supplies,Binders,Avery Durable Poly Binders,11.06,10,0.8,-18.802
1928,CA-2017-121538,11/28/2017,12/1/2017,First Class,RH-19495,Rick Hansen,Consumer,United States,Denver,Colorado,80219,West,OFF-PA-10004071,Office Supplies,Paper,"Eaton_Premium_Continuous-Feed_Paper,_25%_Cotton,_Letter_Size,_White,_1000_Shts/Box",88.768,2,0.2,31.0688
9864,CA-2017-113278,1/14/2017,1/20/2017,Standard Class,HR-14770,Hallie Redmond,Home Office,United States,Richmond,Indiana,47374,Central,OFF-PA-10004156,Office Supplies,Paper,Xerox 188,11.34,1,0.0,5.5566
6025,CA-2017-139717,8/24/2017,8/26/2017,Second Class,DM-13015,Darrin Martin (corrected),Consumer,United States,Lancaster,Ohio,43130,East,OFF-AP-10000938,Office Supplies,Appliances,Avanti_1.7_Cu._Ft._Refrigerator,646.272,8,0.2,64.6272
1594,CA-2014-117317,10/19/2014,10/19/2014,Same Day,JF-15490,Jeremy Farry,Consumer,United States,Los Angeles,California,90032,West,OFF-PA-10004519,Office Supplies,Paper,Spiral Phone Message Books with Labels by Adams,13.44,3,0.0,6.5856
5167,CA-2014-121006,11/10/2014,11/16/2014,Standard Class,SC-20020,Sam Craven,Consumer,United States,Midland,Michigan,48640,Central,OFF-PA-10002479,Office Supplies,Paper,Xerox 4200 Series MultiUse Premium Copy Paper (20Lb. and 84 Bright),15.84,3,0.0,7.128
6259,CA-2015-133536,3/28/2015,3/30/2015,Second Class,JH-15820,John Huston,Consumer,United States,New York City,New York,10009,East,OFF-EN-10004459,Office Supplies,Envelopes,Security-Tint Envelopes,22.92,3,0.0,11.2308
2894,CA-2017-139913,10/23/2017,10/29/2017,Standard Class,JC-16105,Julie Creighton,Corporate,United States,Rochester,New York,14609,East,OFF-PA-10002479,Office Supplies,Paper,Xerox 4200 Series MultiUse Premium Copy Paper (20Lb. and 84 Bright),26.4,5,0.0,11.88
7785,CA-2016-162236,11/4/2016,11/6/2016,Second Class,ER-13855,Elpida Rittenbach,Corporate,United States,Charlotte,North Carolina,28205,South,OFF-SU-10003505,Office Supplies,Supplies,Premier Electric Letter Opener,185.376,2,0.2,-34.758
2135,CA-2015-122210,11/30/2015,12/4/2015,Standard Class,WB-21850,William Brown,Consumer,United States,Philadelphia,Pennsylvania,19134,East,OFF-FA-10000053,Office Supplies,Fasteners,Revere Boxed Rubber Bands by Revere,10.584,7,0.2,-2.3814
5723,NEW-464-20260304121052,2015-12-12 00:00:00,2015-12-18 00:00:00,First Class,KB-16585,Ken Black,Corporate,United States,Springfield,Oregon,97477,West,TEC-AC-10002800,Technology,Accessories,Plantronics Audio 478 Stereo USB Headset,166.35,4,0.2,30.5
6308,CA-2016-163328,11/4/2016,11/6/2016,Second Class,TP-21565,Tracy Poddar,Corporate,United States,Eugene,Oregon,97405,West,OFF-PA-10004353,Office Supplies,Paper,Southworth 25% Cotton Premium Laser Paper and Envelopes,47.952,3,0.2,16.7832
3643,CA-2014-156594,12/20/2014,12/23/2014,Second Class,MC-17845,Michael Chen,Consumer,United States,Los Angeles,California,90008,West,OFF-BI-10004632,Office Supplies,Binders,Ibico Hi-Tech Manual Binding System,487.984,2,0.2,152.495
251,CA-2016-145625,9/11/2016,9/17/2016,Standard Class,KC-16540,Kelly Collister,Consumer,United States,San Diego,California,92037,West,OFF-PA-10004569,Office Supplies,Paper,"Wirebound Message Books, Two 4 1/4"" x 5"" Forms per Page",7.61,1,0.0,3.5767
2970,CA-2017-167941,11/6/2017,11/9/2017,Second Class,JF-15565,Jill Fjeld,Consumer,United States,Chicago,TX,25464,Central,OFF-PA-10001800,Office Supplies,Paper,Xerox 220,31.104,6,0.2,10.8864
2280,CA-2017-142622,10/30/2017,11/2/2017,First Class,JK-15625,Jim Karlsson,Consumer,United States,Seattle,Washington,98115,West,FUR-CH-10003833,Furniture,Chairs,Novimex Fabric Task Chair,97.568,2,0.2,-6.098
1685,NEW-429-20260304121052,2017-09-03 00:00:00,2017-09-06 00:00:00,First Class,DK-12835,Damala Kotsonis,Corporate,United States,Philadelphia,Pennsylvania,19143,East,OFF-AP-10002495,Office Supplies,Appliances,"Acco Smartsocket Table Surge Protector, 6 Color-Coded Adapter Outlets",126.79,2,0.2,19.35
7284,NEW-386-20260304121052,2017-12-14 00:00:00,2017-12-19 00:00:00,Standard Class,LC-17140,Logan Currie,Consumer,United States,Cleveland,Ohio,44105,East,OFF-AR-10001374,Office Supplies,Art,"BIC Brite Liner Highlighters, Chisel Tip",34.28,5,0.2,5.9
6830,NEW-147-20260304121052,2016-11-10 00:00:00,2016-11-19 00:00:00,Standard Class,TC-20980,Tamara Chand,Corporate,United States,Lafayette,Indiana,47905,Central,OFF-AR-10001958,Office Supplies,Art,Stanley Bostitch Contemporary Electric Pencil Sharpeners,37.93,2,0.0,11.6
3763,CA-2016-156251,8/13/2016,8/18/2016,Second Class,TS-21160,Theresa Swint,Corporate,United States,Los Angeles,WA,96398,South,FUR-BO-10001337,Furniture,Bookcases,O'Sullivan Living Dimensions 2-Shelf Bookcases,241.96,2,0.0,24.196
6439,US-2017-113992,12/14/2017,12/19/2017,Standard Class,LC-16885,Lena Creighton,Consumer,United States,Plano,Texas,75023,Central,FUR-TA-10000577,Furniture,Tables,Bretford CR4500 Series Slim Rectangular Table,974.988,4,0.3,-97.4988
9313,CA-2017-148642,3/6/2017,3/12/2017,Standard Class,DW-13540,Don Weiss,Consumer,United States,Dallas,Texas,75220,Central,OFF-AR-10000588,Office Supplies,Art,Newell 345,63.488,4,0.2,4.7616
7994,NEW-57-20260304121052,2016-01-13 00:00:00,2016-01-15 00:00:00,Second Class,MM-18055,Michelle Moray,Consumer,United States,Aurora,Colorado,80013,West,OFF-BI-10001982,Office Supplies,Binders,Wilson Jones Custom Binder Spines & Labels,5.56,3,0.7,-4.45
8477,CA-2017-134880,10/27/2017,11/1/2017,Standard Class,TW-21025,Tamara Willingham,Home Office,United States,Chicago,WA,44050,West,OFF-PA-10004039,Office Supplies,Paper,Xerox 1882,44.784,1,0.2,16.2342
8257,CA-2017-152310,8/12/2017,8/19/2017,Standard Class,DK-12895,Dana Kaydos,Consumer,United States,Seattle,Washington,98103,West,OFF-ST-10001228,Office Supplies,Storage,Personal File Boxes with Fold-Down Carry Handle,46.74,3,0.0,11.685
7890,CA-2016-148684,12/25/2016,12/29/2016,Standard Class,TS-21655,Trudy Schmidt,Consumer,United States,Fayetteville,Arkansas,72701,South,OFF-AR-10003811,Office Supplies,Art,Newell 327,19.89,9,0.0,5.3703
1735,CA-2017-101483,7/29/2017,8/1/2017,Second Class,AG-10675,Anna Gayman,Consumer,United States,Jacksonville,North Carolina,28540,South,OFF-AP-10002082,Office Supplies,Appliances,Holmes_HEPA_Air_Purifier,34.848,2,0.2,6.534
7815,US-2017-109316,6/8/2017,6/10/2017,First Class,MG-17680,Maureen Gastineau,Home Office,United States,Los Angeles,California,90049,West,FUR-BO-10004834,Furniture,Bookcases,"Riverside Palais Royal Lawyers Bookcase, Royale Cherry Finish",1497.666,2,0.15,140.9568
9163,NEW-255-20260304121052,2017-01-01 00:00:00,2017-01-04 00:00:00,Standard Class,AG-10900,Arthur Gainer,Consumer,United States,Eau Claire,Wisconsin,54703,Central,FUR-CH-10002335,Furniture,Chairs,Hon GuestStacker Chair,676.68,3,0.0,191.4
2121,US-2017-168690,1/7/2017,1/13/2017,Standard Class,TS-21085,Thais Sissman (corrected),Consumer,United States,Ormond Beach,Florida,32174,South,OFF-BI-10000145,Office Supplies,Binders,Zipper_Ring_Binder_Pockets,2.808,3,0.7,-1.9656
542,CA-2016-136924,7/14/2016,7/17/2016,First Class,ES-14080,Erin Smith,Corporate,United States,Tucson,Arizona,85705,West,TEC-PH-10002262,Technology,Phones,LG Electronics Tone+ HBS-730 Bluetooth Headset,380.864,8,0.2,38.0864
3086,NEW-440-20260304121052,2017-06-12 00:00:00,2017-06-21 00:00:00,Standard Class,TP-21415,Tom Prescott,Consumer,United States,Houston,Texas,77070,Central,TEC-AC-10002402,Technology,Accessories,Razer Kraken PRO Over Ear PC and Music Headset,171.87,2,0.2,23.75
4068,CA-2014-102673,11/1/2014,11/5/2014,Standard Class,KH-16630,Ken Heidel,Corporate,United States,Charlotte,North Carolina,28205,South,OFF-LA-10001771,Office Supplies,Labels,Avery 513,47.808,12,0.2,15.5376
7351,CA-2017-142125,10/21/2017,10/27/2017,Standard Class,JB-15400,Jennifer Braxton,Corporate,United States,Chicago,CA,93452,West,OFF-BI-10003460,Office Supplies,Binders,Acco 3-Hole Punch,21.9,5,0.0,10.512
6434,CA-2015-121405,3/30/2015,4/4/2015,Standard Class,FC-14335,Fred Chung,Corporate,United States,Chicago,Illinois,60610,Central,OFF-PA-10001838,Office Supplies,Paper,"Adams Telephone Message Book W/Dividers/Space For Phone Numbers, 5 1/4""X8 1/2"", 300/Messages",23.52,5,0.2,8.526
7254,CA-2016-152730,5/30/2016,6/4/2016,Standard Class,EM-14140,Eugene Moren (corrected),Home Office,United States,Superior,Wisconsin,54880,Central,OFF-AP-10002684,Office Supplies,Appliances,"Acco_7-Outlet_Masterpiece_Power_Center,_Wihtout_Fax/Phone_Line_Protection",364.74,3,0.0,109.422
1454,CA-2016-133711,11/26/2016,11/29/2016,First Class,MC-17425,Mark Cousins,Corporate,United States,Mobile,Alabama,36608,South,OFF-BI-10004352,Office Supplies,Binders,Wilson Jones DublLock D-Ring Binders,33.75,5,0.0,16.875
3030,US-2016-164189,3/24/2016,3/28/2016,Standard Class,DR-12880,Dan Reichenbach,Corporate,United States,Gresham,Oregon,97030,West,TEC-PH-10003691,Technology,Phones,BlackBerry Q10,403.168,4,0.2,25.198
7852,NEW-415-20260304121052,2015-04-10 00:00:00,2015-04-12 00:00:00,Standard Class,TS-21205,Thomas Seio,Corporate,United States,Chicago,Illinois,60653,Central,OFF-PA-10000143,Office Supplies,Paper,Astroparche Fine Business Paper,7.47,2,0.2,2.8
5833,NEW-240-20260304121052,2016-08-06 00:00:00,2016-08-10 00:00:00,Standard Class,BP-11290,Beth Paige,Consumer,United States,Concord,North Carolina,28027,South,OFF-LA-10000262,Office Supplies,Labels,Avery 494,6.48,3,0.2,2.07
3727,CA-2016-165169,6/5/2016,6/11/2016,Standard Class,JL-15235,Janet Lee,Consumer,United States,Houston,CA,35350,West,OFF-ST-10001496,Office Supplies,Storage,Standard Rollaway File with Lock,360.38,2,0.0,93.6988
1294,NEW-53-20260304121052,2015-09-17 00:00:00,2015-09-18 00:00:00,Standard Class,PF-19165,Philip Fox,Consumer,United States,San Diego,California,92105,West,OFF-PA-10002968,Office Supplies,Paper,Xerox 1973,109.47,5,0.0,63.11
5783,CA-2015-155586,12/12/2015,12/16/2015,Second Class,XP-21865,Xylona Preis,Consumer,United States,Seattle,WA,72718,East,OFF-EN-10003072,Office Supplies,Envelopes,Peel & Seel Envelopes,15.52,4,0.0,7.4496
3395,US-2017-131583,6/10/2017,6/10/2017,Same Day,CL-11890,Carl Ludwig,Consumer,United States,Chicago,AZ,22149,Central,OFF-PA-10000380,Office Supplies,Paper,"REDIFORM Incoming/Outgoing Call Register, 11"" X 8 1/2"", 100 Messages",40.032,6,0.2,15.012
7997,US-2017-105998,11/3/2017,11/5/2017,First Class,CR-12580,Clay Rozendal,Home Office,United States,San Diego,California,92037,West,TEC-AC-10004469,Technology,Accessories,Microsoft_Sculpt_Comfort_Mouse,199.75,5,0.0,87.89
3318,CA-2015-165057,9/11/2015,9/15/2015,Standard Class,SC-20725,Steven Cartwright,Consumer,United States,Redlands,California,92374,West,OFF-AR-10004648,Office Supplies,Art,Boston 19500 Mighty Mite Electric Pencil Sharpener,181.35,9,0.0,48.9645
7868,CA-2014-100972,11/19/2014,11/24/2014,Second Class,DB-13360,Dennis Bolton (corrected),Home Office,United States,Salt Lake City,Utah,84106,West,OFF-PA-10000357,Office Supplies,Paper,Xerox_1888,166.44,3,0.0,79.8912
1242,CA-2016-128727,8/29/2016,9/4/2016,Standard Class,MO-17800,Meg O'Connel (corrected),Home Office,United States,New York City,New York,10024,East,TEC-PH-10003442,Technology,Phones,Samsung_Replacement_EH64AVFWE_Premium_Headset,22.0,4,0.0,5.5
9052,CA-2014-141838,3/26/2014,3/31/2014,Second Class,DK-12835,Damala Kotsonis,Corporate,United States,San Francisco,California,94122,West,OFF-AR-10004272,Office Supplies,Art,Newell_308,3.36,2,0.0,0.84
7121,NEW-127-20260304121052,2014-05-31 00:00:00,2014-06-01 00:00:00,Standard Class,MM-18280,Muhammed MacIntyre,Corporate,United States,Smyrna,Tennessee,37167,South,OFF-BI-10003091,Office Supplies,Binders,GBC DocuBind TL200 Manual Binding Machine,60.68,1,0.7,-41.34
6944,CA-2015-139248,7/25/2015,7/30/2015,Standard Class,RD-19930,Russell D'Ascenzo,Consumer,United States,Los Angeles,California,90032,West,TEC-PH-10004094,Technology,Phones,Motorola_L703CM,623.96,5,0.2,38.9975
5734,NEW-238-20260304121052,2017-09-25 00:00:00,2017-09-26 00:00:00,First Class,DR-12880,Dan Reichenbach,Corporate,United States,Milford,Connecticut,6460,East,OFF-SU-10002537,Office Supplies,Supplies,Acme Box Cutter Scissors,30.99,3,0.0,11.83
9176,NEW-49-20260304121052,2017-08-21 00:00:00,2017-08-28 00:00:00,Second Class,SB-20185,Sarah Brown,Consumer,United States,Kent,Washington,98031,West,OFF-PA-10001639,Office Supplies,Paper,Xerox 203,19.82,3,0.0,13.24
2255,NEW-66-20260304121052,2015-12-29 00:00:00,2016-01-05 00:00:00,First Class,HG-14965,Henry Goldwyn,Corporate,United States,San Francisco,California,94110,West,OFF-AP-10002082,Office Supplies,Appliances,Holmes HEPA Air Purifier,52.83,2,0.0,21.51
2290,CA-2017-115154,1/8/2017,1/11/2017,First Class,RS-19420,Ricardo Sperren,Corporate,United States,Houston,WA,90270,South,FUR-TA-10001950,Furniture,Tables,Balt Solid Wood Round Tables,892.98,2,0.0,80.3682
1119,NEW-72-20260304121052,2015-11-13 00:00:00,2015-11-18 00:00:00,Standard Class,CS-12355,Christine Sundaresam,Consumer,United States,Roswell,Georgia,30076,South,TEC-AC-10002049,Technology,Accessories,Logitech G19 Programmable Gaming Keyboard,527.59,5,0.0,148.53
2925,CA-2014-157721,9/2/2014,9/5/2014,First Class,JM-16195,Justin MacKendrick,Consumer,United States,Watertown,New York,13601,East,OFF-AP-10001303,Office Supplies,Appliances,"Holmes Cool Mist Humidifier for the Whole House with 8-Gallon Output per Day, Extended Life Filter",19.9,1,0.0,8.955
5695,US-2015-138093,12/10/2015,12/16/2015,Standard Class,KM-16225,Kalyca Meade,Corporate,United States,Baltimore,Maryland,21215,East,FUR-CH-10000785,Furniture,Chairs,Global Ergonomic Managers Chair,542.94,3,0.0,141.1644
409,CA-2017-117457,12/8/2017,12/12/2017,Standard Class,KH-16510,Keith Herrera,Consumer,United States,San Francisco,California,94110,West,FUR-TA-10002041,Furniture,Tables,"Bevis Round Conference Table Top, X-Base",1004.024,7,0.2,-112.9527
4535,CA-2015-163104,3/19/2015,3/26/2015,Standard Class,MC-18130,Mike Caudle,Corporate,United States,Los Angeles,California,90004,West,OFF-PA-10001947,Office Supplies,Paper,Xerox 1974,11.96,2,0.0,5.8604
4278,NEW-308-20260304121052,2016-07-03 00:00:00,2016-07-08 00:00:00,Standard Class,BS-11365,Bill Shonely,Corporate,United States,Lakewood,New Jersey,8701,East,TEC-MA-10001047,Technology,Machines,"3D Systems Cube Printer, 2nd Generation, Magenta",10965.01,7,0.0,3709.44
6087,NEW-20-20260304121052,2017-02-06 00:00:00,2017-02-11 00:00:00,Standard Class,JE-15475,Jeremy Ellison,Consumer,United States,Houston,Texas,77095,Central,OFF-BI-10003196,Office Supplies,Binders,Accohide Poly Flexible Ring Binders,4.53,6,0.8,-9.34
2894,NEW-423-20260304121052,2018-01-30 00:00:00,2018-01-31 00:00:00,Standard Class,JC-16105,Julie Creighton,Corporate,United States,Rochester,New York,14609,East,OFF-PA-10002479,Office Supplies,Paper,Xerox 4200 Series MultiUse Premium Copy Paper (20Lb. and 84 Bright),25.13,5,0.0,8.74
660,CA-2015-146563,8/24/2015,8/28/2015,Standard Class,CB-12025,Cassandra Brandow,Consumer,United States,Phoenix,WA,77929,West,OFF-ST-10001490,Office Supplies,Storage,"Hot File 7-Pocket, Floor Stand",999.432,7,0.2,124.929
6189,NEW-280-20260304121052,2016-04-01 00:00:00,2016-04-05 00:00:00,First Class,MH-17785,Maya Herman,Corporate,United States,New York City,New York,10035,East,OFF-AR-10001955,Office Supplies,Art,Newell 319,121.77,6,0.0,45.31
5463,CA-2014-146591,1/19/2014,1/20/2014,First Class,TS-21340,Toby Swindell,Consumer,United States,Scottsdale,Arizona,85254,West,OFF-BI-10003676,Office Supplies,Binders,"GBC Standard Recycled Report Covers, Clear Plastic Sheets",32.34,10,0.7,-23.716
3218,CA-2017-104640,11/10/2017,11/16/2017,Standard Class,FH-14275,Frank Hawley,Corporate,United States,New York City,New York,10024,East,OFF-BI-10003925,Office Supplies,Binders,Fellowes PB300 Plastic Comb Binding Machine,931.176,3,0.2,314.2719
5472,CA-2017-116946,12/19/2017,12/23/2017,Standard Class,TS-21505,Tony Sayre,Consumer,United States,Parker,Colorado,80134,West,FUR-FU-10000320,Furniture,Furnishings,OIC Stacking Trays,13.36,5,0.2,4.008
1917,CA-2017-124597,4/30/2017,5/5/2017,Standard Class,AS-10630,Ann Steele,Home Office,United States,Boynton Beach,Florida,33437,South,OFF-LA-10001569,Office Supplies,Labels,Avery 499,11.952,3,0.2,3.8844
7896,CA-2017-124744,6/21/2017,6/25/2017,Standard Class,EH-14125,Eugene Hildebrand,Home Office,United States,Wheeling,West Virginia,26003,East,OFF-BI-10000145,Office Supplies,Binders,Zipper Ring Binder Pockets,6.24,2,0.0,3.0576
9093,CA-2015-162950,6/28/2015,7/3/2015,Second Class,DW-13585,Dorothy Wardle,Corporate,United States,Chicago,AZ,40678,West,FUR-BO-10001918,Furniture,Bookcases,"Sauder Forest Hills Library with Doors, Woodland Oak Finish",482.94,6,0.5,-376.6932
4512,NEW-413-20260304121052,2017-03-26 00:00:00,2017-04-04 00:00:00,Standard Class,KM-16225,Kalyca Meade,Corporate,United States,Springfield,Missouri,65807,Central,OFF-BI-10001597,Office Supplies,Binders,"Wilson Jones Ledger-Size, Piano-Hinge Binder, 2"", Blue",89.57,2,0.0,53.62
3108,CA-2016-121671,7/17/2016,7/22/2016,Standard Class,AA-10480,Andrew Allen,Consumer,United States,Springfield,Missouri,65807,Central,OFF-PA-10001471,Office Supplies,Paper,Strathmore Photo Frame Cards,21.93,3,0.0,10.0878
3771,CA-2016-155530,12/17/2016,12/21/2016,Standard Class,CM-12160,Charles McCrossin,Consumer,United States,San Francisco,California,94122,West,FUR-TA-10004256,Furniture,Tables,Bretford “Just In Time” Height-Adjustable Multi-Task Work Tables,2003.52,6,0.2,-325.572
2377,NEW-477-20260304121052,2014-11-13 00:00:00,2014-11-19 00:00:00,Second Class,MS-17770,Maxwell Schwartz,Consumer,United States,Columbus,Ohio,43229,East,OFF-BI-10001718,Office Supplies,Binders,GBC DocuBind P50 Personal Binding Machine,92.0,4,0.7,-90.42
4078,CA-2015-100685,12/19/2015,12/21/2015,Second Class,SM-20950,Suzanne McNair,Corporate,United States,Omaha,Nebraska,68104,Central,OFF-FA-10003472,Office Supplies,Fasteners,Bagged Rubber Bands,5.04,4,0.0,0.2016
8322,US-2016-149790,9/26/2016,10/1/2016,Standard Class,SC-20380,Shahid Collister,Consumer,United States,Chicago,CA,88904,South,OFF-BI-10002026,Office Supplies,Binders,Ibico Recycled Linen-Style Covers,15.624,2,0.8,-24.9984
3830,NEW-418-20260304121052,2017-08-21 00:00:00,2017-08-30 00:00:00,Standard Class,RW-19540,Rick Wilson,Corporate,United States,Detroit,Michigan,48234,Central,FUR-CH-10000595,Furniture,Chairs,Safco Contoured Stacking Chairs,594.84,2,0.0,153.74
7716,US-2017-101518,11/3/2017,11/8/2017,Standard Class,PB-19105,Peter Bühler (corrected),Consumer,United States,Philadelphia,Pennsylvania,19140,East,TEC-AC-10001553,Technology,Accessories,"Memorex_25GB_6X_Branded_Blu-Ray_Recordable_Disc,_15/Pack",40.776,3,0.2,0.5097
8359,CA-2014-110555,4/11/2014,4/18/2014,Standard Class,MM-18055,Michelle Moray,Consumer,United States,Great Falls,Montana,59405,West,TEC-PH-10000586,Technology,Phones,AT&T SB67148 SynJ,105.584,2,0.2,9.2386
9287,NEW-297-20260304121052,2017-08-07 00:00:00,2017-08-12 00:00:00,Standard Class,DB-13270,Deborah Brumfield,Home Office,United States,Dallas,Texas,75081,Central,OFF-BI-10003166,Office Supplies,Binders,GBC Plasticlear Binding Covers,9.24,3,0.8,-7.92
5769,NEW-99-20260304121052,2015-04-24 00:00:00,2015-04-28 00:00:00,Standard Class,SS-20875,Sung Shariari,Consumer,United States,Leominster,Massachusetts,1453,East,OFF-LA-10001641,Office Supplies,Labels,Avery 518,2.73,1,0.0,1.13
3569,CA-2017-168109,7/3/2017,7/3/2017,Same Day,JK-15640,Jim Kriz,Home Office,United States,Chicago,AZ,57796,West,TEC-AC-10003628,Technology,Accessories,Logitech 910-002974 M325 Wireless Mouse for Web Scrolling,59.98,2,0.0,26.3912
971,NEW-431-20260304121052,2014-05-23 00:00:00,2014-05-31 00:00:00,Second Class,DL-13315,Delfina Latchford,Consumer,United States,Philadelphia,Pennsylvania,19134,East,FUR-FU-10001095,Furniture,Furnishings,DAX Black Cherry Wood-Tone Poster Frame,147.2,6,0.2,44.9
6289,CA-2014-100090,7/8/2014,7/12/2014,Standard Class,EB-13705,Ed Braxton,Corporate,United States,Seattle,TX,46843,East,OFF-BI-10001597,Office Supplies,Binders,"Wilson Jones Ledger-Size, Piano-Hinge Binder, 2"", Blue",196.704,6,0.2,68.8464
877,CA-2016-116736,1/17/2016,1/21/2016,Standard Class,CC-12430,Chuck Clark,Home Office,United States,Concord,New Hampshire,3301,East,TEC-AC-10003628,Technology,Accessories,Logitech_910-002974_M325_Wireless_Mouse_for_Web_Scrolling,29.99,1,0.0,13.1956
3149,CA-2016-120558,6/7/2016,6/10/2016,First Class,RD-19810,Ross DeVincentis,Home Office,United States,New York City,New York,10035,East,OFF-PA-10003441,Office Supplies,Paper,Xerox 226,32.4,5,0.0,15.552
8442,CA-2017-145779,5/6/2017,5/10/2017,Standard Class,DB-13615,Doug Bickford,Consumer,United States,Tucson,Arizona,85705,West,OFF-PA-10002254,Office Supplies,Paper,Xerox 1883,84.416,4,0.2,27.4352
4384,NEW-116-20260304121052,2015-08-27 00:00:00,2015-08-29 00:00:00,Standard Class,RA-19915,Russell Applegate,Consumer,United States,Highland Park,Illinois,60035,Central,FUR-BO-10004690,Furniture,Bookcases,O'Sullivan Cherrywood Estates Traditional Barrister Bookcase,504.14,4,0.3,-155.45
5418,NEW-109-20260304121052,2014-12-13 00:00:00,2014-12-16 00:00:00,Second Class,AM-10360,Alice McCarthy,Corporate,United States,Omaha,Nebraska,68104,Central,OFF-BI-10004099,Office Supplies,Binders,GBC VeloBinder Strips,20.25,2,0.0,11.18
2632,US-2017-110604,5/15/2017,5/20/2017,Standard Class,JF-15295,Jason Fortune-,Consumer,United States,Seattle,Washington,98103,West,FUR-FU-10000076,Furniture,Furnishings,24-Hour Round Wall Clock,39.96,2,0.0,17.1828
6277,US-2016-139087,7/17/2016,7/22/2016,Second Class,DK-13375,Dennis Kane (corrected),Consumer,United States,Seattle,Washington,98105,West,OFF-LA-10001074,Office Supplies,Labels,Round_Specialty_Laser_Printer_Labels,87.71,7,0.0,41.2237
5604,CA-2016-117919,8/27/2016,8/29/2016,Second Class,TB-21355,Todd Boyes,Corporate,United States,Houston,Texas,77041,Central,OFF-PA-10004353,Office Supplies,Paper,Southworth 25% Cotton Premium Laser Paper and Envelopes,79.92,5,0.2,27.972
1310,CA-2016-141397,6/20/2016,6/21/2016,First Class,RC-19825,Roy Collins,Consumer,United States,Pasadena,California,91104,West,OFF-ST-10001469,Office Supplies,Storage,Fellowes Bankers Box Recycled Super Stor/Drawer,161.94,3,0.0,9.7164
3688,CA-2016-108567,5/20/2016,5/24/2016,Standard Class,DB-13210,Dean Braden,Consumer,United States,Los Angeles,AZ,15716,Central,OFF-BI-10004140,Office Supplies,Binders,Avery Non-Stick Binders,2.694,2,0.7,-2.245
6239,CA-2015-134075,12/12/2015,12/16/2015,Standard Class,HA-14905,Helen Abelman (corrected),Consumer,United States,San Jose,California,95123,West,FUR-FU-10004597,Furniture,Furnishings,Eldon_Cleatmat_Chair_Mats_for_Medium_Pile_Carpets,166.5,3,0.0,21.645
8503,CA-2015-102316,3/1/2015,3/3/2015,Second Class,DH-13075,Dave Hallsten (corrected),Corporate,United States,Los Angeles,California,90045,West,FUR-CH-10003396,Furniture,Chairs,Global_Deluxe_Steno_Chair,184.752,3,0.2,-20.7846
5434,CA-2017-129707,4/25/2017,4/29/2017,Standard Class,LH-16750,Larry Hughes,Consumer,United States,Chandler,Arizona,85224,West,OFF-AR-10000246,Office Supplies,Art,Newell 318,8.896,4,0.2,0.6672
7496,NEW-434-20260304121052,2017-09-03 00:00:00,2017-09-04 00:00:00,Standard Class,TC-21295,Toby Carlisle,Consumer,United States,Westminster,California,92683,West,OFF-BI-10004022,Office Supplies,Binders,Acco Suede Grain Vinyl Round Ring Binder,4.05,2,0.2,1.77
8848,CA-2017-156664,12/18/2017,12/23/2017,Standard Class,BP-11290,Beth Paige,Consumer,United States,Columbus,Ohio,43229,East,OFF-AP-10004487,Office Supplies,Appliances,Kensington 4 Outlet MasterPiece Compact Power Control Center,130.112,2,0.2,13.0112
6091,CA-2017-100111,9/20/2017,9/26/2017,Standard Class,SV-20365,Seth Vernon,Consumer,United States,Houston,AZ,72208,South,FUR-CH-10003846,Furniture,Chairs,Hon Valutask Swivel Chairs,272.646,3,0.1,18.1764
6762,NEW-9-20260304121052,2017-01-01 00:00:00,2017-01-09 00:00:00,Second Class,DB-12970,Darren Budd,Corporate,United States,New York City,New York,10035,East,FUR-CH-10001708,Furniture,Chairs,Office Star - Contemporary Swivel Chair with Padded Adjustable Arms and Flex Back,257.81,2,0.1,26.38
1145,NEW-212-20260304121052,2014-11-12 00:00:00,2014-11-18 00:00:00,Standard Class,AP-10915,Arthur Prichep,Consumer,United States,Los Angeles,California,90045,West,TEC-MA-10004241,Technology,Machines,Star Micronics TSP800 TSP847IIU Receipt Printer,791.95,2,0.2,244.25
4516,US-2017-111920,10/22/2017,10/26/2017,Standard Class,PS-18970,Paul Stevenson,Home Office,United States,Tulsa,Oklahoma,74133,Central,OFF-AR-10003179,Office Supplies,Art,Dixon Ticonderoga Core-Lock Colored Pencils,36.44,4,0.0,12.0252
3862,NEW-405-20260304121052,2014-07-16 00:00:00,2014-07-24 00:00:00,Standard Class,NC-18415,Nathan Cano,Consumer,United States,Yonkers,New York,10701,East,OFF-BI-10004828,Office Supplies,Binders,GBC Poly Designer Binding Covers,36.71,3,0.2,17.86
9881,CA-2015-104297,5/29/2015,5/31/2015,First Class,CC-12100,Chad Cunningham,Home Office,United States,Cleveland,Ohio,44105,East,OFF-PA-10000474,Office Supplies,Paper,Easy-staple paper,85.056,3,0.2,28.7064
2533,CA-2014-111500,8/17/2014,8/21/2014,Standard Class,DJ-13510,Don Jones,Corporate,United States,Little Rock,Arkansas,72209,South,OFF-FA-10002676,Office Supplies,Fasteners,Colored Push Pins,12.67,7,0.0,4.5612
3089,NEW-293-20260304121052,2017-08-01 00:00:00,2017-08-10 00:00:00,Second Class,DB-12910,Daniel Byrd,Home Office,United States,Henderson,Kentucky,42420,South,FUR-FU-10001591,Furniture,Furnishings,Advantus Panel Wall Certificate Holder - 8.5x11,82.75,5,0.0,24.77
7226,CA-2016-109953,7/14/2016,7/18/2016,Standard Class,RB-19360,Raymond Buch,Consumer,United States,San Francisco,California,94122,West,FUR-FU-10000073,Furniture,Furnishings,Deflect-O Glasstique Clear Desk Accessories,30.8,4,0.0,10.164
3620,CA-2017-141929,9/4/2017,9/8/2017,Standard Class,RA-19285,Ralph Arnett,Consumer,United States,Los Angeles,California,90004,West,OFF-ST-10002974,Office Supplies,Storage,"Trav-L-File_Heavy-Duty_Shuttle_II,_Black",217.85,5,0.0,65.355
4142,CA-2016-136287,6/13/2016,6/17/2016,Standard Class,SS-20590,Sonia Sunley,Consumer,United States,Wichita,Kansas,67212,Central,OFF-LA-10003148,Office Supplies,Labels,Avery 51,18.9,3,0.0,8.694
3230,CA-2014-154641,8/11/2014,8/16/2014,Standard Class,KL-16645,Ken Lonsdale (corrected),Consumer,United States,New York City,New York,10035,East,OFF-ST-10004459,Office Supplies,Storage,Tennsco_Single-Tier_Lockers,375.34,1,0.0,18.767
1926,CA-2017-102834,3/9/2017,3/13/2017,Standard Class,LW-16990,Lindsay Williams (corrected),Corporate,United States,San Francisco,California,94110,West,TEC-AC-10001908,Technology,Accessories,Logitech_Wireless_Headset_h800,199.98,2,0.0,69.993
9458,CA-2017-151855,5/27/2017,6/3/2017,Standard Class,BW-11110,Bart Watters,Corporate,United States,Greensboro,North Carolina,27405,South,OFF-BI-10004209,Office Supplies,Binders,"Fellowes Twister Kit, Gray/Clear, 3/pkg",12.06,5,0.7,-10.05
7005,CA-2014-126333,12/23/2014,12/28/2014,Standard Class,ME-18010,Michelle Ellison,Corporate,United States,Phoenix,WA,33262,East,OFF-PA-10000223,Office Supplies,Paper,Xerox 2000,5.184,1,0.2,1.8144
6110,NEW-186-20260304121052,2016-09-19 00:00:00,2016-09-27 00:00:00,Standard Class,AS-10090,Adam Shillingsburg,Consumer,United States,Chicago,Illinois,60653,Central,OFF-BI-10004141,Office Supplies,Binders,Insertable Tab Indexes For Data Binders,1.96,3,0.8,-3.09
7384,NEW-168-20260304121052,2017-02-20 00:00:00,2017-02-26 00:00:00,Standard Class,AG-10270,Alejandro Grove,Consumer,United States,Omaha,Nebraska,68104,Central,OFF-PA-10002250,Office Supplies,Paper,Things To Do Today Pad,17.1,3,0.0,6.8
9693,CA-2015-107902,8/28/2015,9/2/2015,Standard Class,SM-20950,Suzanne McNair,Corporate,United States,New York,WA,30001,West,OFF-ST-10001837,Office Supplies,Storage,"SAFCO Mobile Desk Side File, Wire Frame",470.36,11,0.0,122.2936
7121,US-2014-147774,1/20/2014,1/26/2014,Standard Class,MM-18280,Muhammed MacIntyre,Corporate,United States,Smyrna,Tennessee,37167,South,OFF-BI-10003091,Office Supplies,Binders,GBC DocuBind TL200 Manual Binding Machine,67.194,1,0.7,-51.5154
863,NEW-133-20260304121052,2016-02-17 00:00:00,2016-02-20 00:00:00,Second Class,AJ-10795,Anthony Johnson,Corporate,United States,Jacksonville,Florida,32216,South,TEC-AC-10001714,Technology,Accessories,Logitech MX Performance Wireless Mouse,246.85,6,0.2,37.36
6590,CA-2017-104731,7/21/2017,7/27/2017,Standard Class,AM-10705,Anne McFarland,Consumer,United States,Salem,Virginia,24153,South,OFF-SU-10003505,Office Supplies,Supplies,Premier Electric Letter Opener,231.72,2,0.0,11.586
8395,CA-2016-142594,12/1/2016,12/6/2016,Second Class,EJ-14155,Eva Jacobs,Consumer,United States,Franklin,Massachusetts,2038,East,OFF-AP-10002945,Office Supplies,Appliances,Honeywell Enviracaire Portable HEPA Air Cleaner for 17' x 22' Room,901.95,3,0.0,297.6435
4044,NEW-320-20260304121052,2015-01-19 00:00:00,2015-01-25 00:00:00,Standard Class,AJ-10795,Anthony Johnson,Corporate,United States,San Francisco,California,94110,West,FUR-FU-10000672,Furniture,Furnishings,"Executive Impressions 10"" Spectator Wall Clock",97.93,6,0.0,37.56
3290,CA-2015-157770,12/13/2015,12/15/2015,First Class,RD-19585,Rob Dowd,Consumer,United States,Temecula,California,92592,West,TEC-AC-10001552,Technology,Accessories,Logitech K350 2.4Ghz Wireless Keyboard,248.85,5,0.0,27.3735
490,CA-2014-133753,6/9/2014,6/13/2014,Second Class,CW-11905,Carl Weiss,Home Office,United States,Huntsville,Texas,77340,Central,TEC-AC-10000303,Technology,Accessories,Logitech M510 Wireless Mouse,63.984,2,0.2,10.3974
348,NEW-29-20260304121052,2017-11-22 00:00:00,2017-11-27 00:00:00,Standard Class,TD-20995,Tamara Dahlen,Consumer,United States,Lowell,Massachusetts,1852,East,OFF-PA-10000249,Office Supplies,Paper,Easy-staple paper,27.95,2,0.0,8.67
1778,NEW-78-20260304121052,2016-01-22 00:00:00,2016-01-23 00:00:00,Standard Class,DP-13000,Darren Powers,Consumer,United States,Los Angeles,California,90004,West,OFF-PA-10000675,Office Supplies,Paper,Xerox 1919,429.64,9,0.0,208.09
5172,NEW-157-20260304121052,2016-10-17 00:00:00,2016-10-21 00:00:00,Second Class,LA-16780,Laura Armstrong,Corporate,United States,Detroit,Michigan,48205,Central,OFF-PA-10001790,Office Supplies,Paper,Xerox 1910,141.24,3,0.0,110.4
3179,CA-2017-105235,12/5/2017,12/11/2017,Standard Class,SM-20950,Suzanne McNair,Corporate,United States,Phoenix,AZ,41337,South,FUR-FU-10001487,Furniture,Furnishings,"Eldon Expressions Wood and Plastic Desk Accessories, Cherry Wood",20.94,3,0.0,6.0726
7779,CA-2014-166961,12/27/2014,12/31/2014,Standard Class,CD-12790,Cynthia Delaney,Home Office,United States,Moreno Valley,California,92553,West,OFF-BI-10002353,Office Supplies,Binders,GBC VeloBind Cover Sets,37.056,3,0.2,13.896
8278,US-2016-139262,2/21/2016,2/25/2016,Standard Class,LC-16960,Lindsay Castell,Home Office,United States,Tampa,Florida,33614,South,OFF-BI-10002026,Office Supplies,Binders,Avery Arch Ring Binders,34.86,2,0.7,-26.726
4668,NEW-449-20260304121052,2016-05-15 00:00:00,2016-05-22 00:00:00,Standard Class,KB-16585,Ken Black,Corporate,United States,Seattle,Washington,98115,West,TEC-AC-10002335,Technology,Accessories,Logitech Media Keyboard K200,80.02,2,0.0,12.94
560,CA-2017-118731,11/20/2017,11/22/2017,Second Class,LP-17080,Liz Pelletier,Consumer,United States,Chicago,WA,85104,Central,FUR-FU-10003347,Furniture,Furnishings,Coloredge Poster Frame,42.6,3,0.0,16.614
7596,CA-2017-119655,4/20/2017,4/24/2017,Standard Class,CV-12295,Christina VanderZanden,Consumer,United States,Detroit,Michigan,48234,Central,OFF-BI-10001036,Office Supplies,Binders,Cardinal_EasyOpen_D-Ring_Binders,36.56,4,0.0,18.28
686,CA-2014-157784,7/5/2014,7/8/2014,First Class,MC-17845,Michael Chen,Consumer,United States,Jackson,Mississippi,39212,South,TEC-AC-10003911,Technology,Accessories,NETGEAR AC1750 Dual Band Gigabit Smart WiFi Router,479.97,3,0.0,163.1898
326,CA-2017-153339,11/3/2017,11/5/2017,Second Class,DJ-13510,Don Jones,Corporate,United States,Murfreesboro,Tennessee,37130,South,FUR-FU-10001967,Furniture,Furnishings,Telescoping Adjustable Floor Lamp,15.992,1,0.2,0.9995
1126,US-2014-147627,1/20/2014,1/26/2014,Standard Class,HL-15040,Hunter Lopez,Consumer,United States,Jonesboro,Arkansas,72401,South,OFF-EN-10001539,Office Supplies,Envelopes,Staple_envelope,23.34,3,0.0,10.9698
2994,CA-2017-147291,3/11/2017,3/17/2017,Standard Class,MJ-17740,Max Jones,Consumer,United States,Detroit,Michigan,48227,Central,OFF-BI-10003091,Office Supplies,Binders,GBC DocuBind TL200 Manual Binding Machine,895.92,4,0.0,421.0824
1126,US-2014-147627,1/20/2014,1/26/2014,Standard Class,HL-15040,Hunter Lopez,Consumer,United States,Phoenix,NY,56395,West,OFF-EN-10001539,Office Supplies,Envelopes,Staple envelope,23.34,3,0.0,10.9698
8992,NEW-331-20260304121052,2017-12-01 00:00:00,2017-12-06 00:00:00,Standard Class,TN-21040,Tanja Norvell,Home Office,United States,San Francisco,California,94110,West,TEC-AC-10004708,Technology,Accessories,Sony 32GB Class 10 Micro SDHC R40 Memory Card,99.52,5,0.0,27.92
389,CA-2014-115973,11/24/2014,11/26/2014,First Class,NG-18430,Nathan Gelder,Consumer,United States,Cincinnati,Ohio,45231,East,OFF-AR-10004757,Office Supplies,Art,Crayola Colored Pencils,2.624,1,0.2,0.4264
8562,CA-2016-132829,12/23/2016,12/26/2016,Second Class,LA-16780,Laura Armstrong (corrected),Corporate,United States,Houston,Texas,77041,Central,FUR-FU-10000206,Furniture,Furnishings,"GE_General_Purpose,_Extra_Long_Life,_Showcase_&_Floodlight_Incandescent_Bulbs",2.328,2,0.6,-0.7566
1621,NEW-63-20260304121052,2017-08-15 00:00:00,2017-08-23 00:00:00,Standard Class,JC-15385,Jenna Caffey,Consumer,United States,Kent,Washington,98031,West,FUR-FU-10002937,Furniture,Furnishings,"GE 48"" Fluorescent Tube, Cool White Energy Saver, 34 Watts, 30/Box",255.72,2,0.0,110.0
870,CA-2016-158099,9/3/2016,9/5/2016,First Class,PK-18910,Paul Knutson,Home Office,United States,Philadelphia,Pennsylvania,19143,East,OFF-BI-10000545,Office Supplies,Binders,GBC Ibimaster 500 Manual ProClick Binding System,1141.47,5,0.7,-760.98
2133,NEW-349-20260304121052,2016-03-25 00:00:00,2016-03-31 00:00:00,Standard Class,DL-12865,Dan Lawera,Consumer,United States,New York City,New York,10011,East,OFF-PA-10003883,Office Supplies,Paper,"Message Book, Phone, Wirebound Standard Line Memo, 2 3/4"" X 5""",20.77,3,0.0,7.37
4638,CA-2017-168228,4/27/2017,4/29/2017,First Class,AP-10915,Arthur Prichep,Consumer,United States,Houston,TX,25676,West,OFF-AR-10000390,Office Supplies,Art,Newell Chalk Holder,12.39,3,0.0,5.6994
3718,CA-2016-142370,9/19/2016,9/23/2016,Standard Class,TP-21130,Theone Pippenger,Consumer,United States,Columbus,Georgia,31907,South,OFF-SU-10003002,Office Supplies,Supplies,Letter Slitter,5.04,2,0.0,0.1512
5156,US-2015-124219,8/7/2015,8/8/2015,First Class,KW-16570,Kelly Williams,Consumer,United States,Kirkwood,Missouri,63122,Central,FUR-FU-10000305,Furniture,Furnishings,"Tenex V2T-RE Standard Weight Series Chair Mat, 45"" x 53"", Lip 25"" x 12""",212.94,3,0.0,34.0704
4717,CA-2017-143126,12/3/2017,12/7/2017,Second Class,CM-12655,Corinna Mitchell,Home Office,United States,Seattle,Washington,98115,West,FUR-TA-10002958,Furniture,Tables,"Bevis Oval Conference Table, Walnut",521.96,2,0.0,88.7332
2042,NEW-13-20260304121052,2015-08-26 00:00:00,2015-08-31 00:00:00,Standard Class,SN-20560,Skye Norling,Home Office,United States,Peoria,Arizona,85345,West,FUR-FU-10004973,Furniture,Furnishings,Flat Face Poster Frame,93.51,5,0.2,21.5
4044,CA-2014-110786,12/29/2014,1/2/2015,Standard Class,AJ-10795,Anthony Johnson,Corporate,United States,San Francisco,California,94110,West,FUR-FU-10000672,Furniture,Furnishings,"Executive Impressions 10"" Spectator Wall Clock",70.56,6,0.0,23.9904
3158,CA-2015-139584,8/24/2015,8/28/2015,Standard Class,EM-13810,Eleni McCrary (corrected),Corporate,United States,New York City,New York,10009,East,TEC-AC-10001266,Technology,Accessories,Memorex_Micro_Travel_Drive_8_GB,26.0,2,0.0,11.7
2289,CA-2017-143343,6/10/2017,6/13/2017,First Class,BW-11200,Ben Wallace,Consumer,United States,Los Angeles,California,90032,West,OFF-AR-10002375,Office Supplies,Art,Newell 351,16.4,5,0.0,4.756
9529,CA-2017-156958,12/5/2017,12/6/2017,First Class,PB-18805,Patrick Bzostek,Home Office,United States,Seattle,Washington,98115,West,OFF-BI-10002071,Office Supplies,Binders,Fellowes Black Plastic Comb Bindings,9.296,2,0.2,3.0212
6209,CA-2017-148138,9/29/2017,10/3/2017,Standard Class,ME-18010,Michelle Ellison,Corporate,United States,Marion,Ohio,43302,East,OFF-ST-10000563,Office Supplies,Storage,Fellowes Bankers Box Stor/Drawer Steel Plus,51.168,2,0.2,-6.396
689,CA-2017-161480,12/25/2017,12/29/2017,Standard Class,RA-19285,Ralph Arnett,Consumer,United States,New York City,New York,10035,East,FUR-BO-10004015,Furniture,Bookcases,"Bush_Andora_Bookcase,_Maple/Graphite_Gray_Finish",191.984,2,0.2,4.7996
4905,US-2014-161613,12/1/2014,12/3/2014,Second Class,MC-17605,Matt Connell (corrected),Corporate,United States,Houston,Texas,77070,Central,FUR-CH-10003746,Furniture,Chairs,Hon_4070_Series_Pagoda_Round_Back_Stacking_Chairs,674.058,3,0.3,-19.2588
7346,CA-2017-168389,12/11/2017,12/17/2017,Standard Class,DV-13045,Darrin Van Huff,Corporate,United States,Jacksonville,Florida,32216,South,TEC-PH-10003555,Technology,Phones,Motorola HK250 Universal Bluetooth Headset,73.568,4,0.2,-16.5528
6800,CA-2016-109827,12/25/2016,1/1/2017,Standard Class,LW-16825,Laurel Workman,Corporate,United States,Houston,CA,42484,South,FUR-TA-10002607,Furniture,Tables,KI Conference Tables,35.445,1,0.5,-24.1026
5358,CA-2014-150490,8/5/2014,8/11/2014,Standard Class,SS-20590,Sonia Sunley,Consumer,United States,San Francisco,California,94122,West,TEC-AC-10004510,Technology,Accessories,Logitech Desktop MK120 Mouse and keyboard Combo,16.36,1,0.0,1.636
6128,CA-2016-124100,3/31/2016,4/6/2016,Standard Class,EH-13990,Erica Hackney,Consumer,United States,New York City,New York,10009,East,FUR-CH-10003817,Furniture,Chairs,"Global Value Steno Chair, Gray",327.996,6,0.1,54.666
893,CA-2017-133256,6/26/2017,6/27/2017,First Class,TH-21550,Tracy Hopkins,Home Office,United States,Los Angeles,TX,52639,Central,OFF-AR-10003158,Office Supplies,Art,Fluorescent Highlighters by Dixon,15.92,4,0.0,5.4128
2704,CA-2014-143413,5/24/2014,5/30/2014,Standard Class,RP-19390,Resi Pölking (corrected),Consumer,United States,Baltimore,Maryland,21215,East,OFF-PA-10002319,Office Supplies,Paper,Xerox_1944,116.28,3,0.0,56.9772
6334,NEW-271-20260304121052,2014-03-07 00:00:00,2014-03-12 00:00:00,Standard Class,XP-21865,Xylona Preis,Consumer,United States,Westland,Michigan,48185,Central,OFF-BI-10004364,Office Supplies,Binders,Storex Dura Pro Binders,30.05,5,0.0,14.97
7242,CA-2017-136651,4/23/2017,4/25/2017,Second Class,JF-15355,Jay Fein (corrected),Consumer,United States,Pasadena,California,91104,West,OFF-BI-10003638,Office Supplies,Binders,GBC_Durable_Plastic_Covers,92.88,6,0.2,30.186
8549,CA-2015-149566,12/5/2015,12/10/2015,Standard Class,GB-14530,George Bell,Corporate,United States,Chicago,TX,80437,West,OFF-LA-10000452,Office Supplies,Labels,Avery 488,12.6,4,0.0,6.048
6156,CA-2017-151484,4/20/2017,4/23/2017,First Class,CV-12805,Cynthia Voltz,Corporate,United States,Philadelphia,Pennsylvania,19120,East,OFF-ST-10000142,Office Supplies,Storage,Deluxe Rollaway Locking File with Drawer,332.704,1,0.2,33.2704
8639,NEW-128-20260304121052,2017-08-10 00:00:00,2017-08-19 00:00:00,First Class,PO-19180,Philisse Overcash,Home Office,United States,Kenosha,Wisconsin,53142,Central,TEC-AC-10000736,Technology,Accessories,Logitech G600 MMO Gaming Mouse,382.61,5,0.0,105.25
916,US-2014-141215,6/15/2014,6/21/2014,Standard Class,KL-16555,Kelly Lampkin,Corporate,United States,San Antonio,Texas,78207,Central,FUR-TA-10001520,Furniture,Tables,"Lesro Sheffield Collection Coffee Table, End Table, Center Table, Corner Table",99.918,2,0.3,-18.5562
5872,CA-2016-154235,9/24/2016,9/28/2016,Standard Class,RD-19900,Ruben Dartt,Consumer,United States,Bloomington,Indiana,47401,Central,FUR-FU-10004006,Furniture,Furnishings,"Deflect-o DuraMat Lighweight, Studded, Beveled Mat for Low Pile Carpeting",127.95,3,0.0,21.7515
8681,CA-2016-143805,12/1/2016,12/3/2016,Second Class,JD-15895,Jonathan Doherty (corrected),Corporate,United States,Richmond,Virginia,23223,South,OFF-AP-10002945,Office Supplies,Appliances,Honeywell_Enviracaire_Portable_HEPA_Air_Cleaner_for_17'_x_22'_Room,2104.55,7,0.0,694.5015
9337,NEW-475-20260304121052,2018-03-05 00:00:00,2018-03-11 00:00:00,Standard Class,CY-12745,Craig Yedwab,Corporate,United States,San Francisco,California,94110,West,OFF-FA-10000621,Office Supplies,Fasteners,"OIC Colored Binder Clips, Assorted Sizes",17.38,5,0.0,13.29
9719,NEW-69-20260304121052,2016-06-12 00:00:00,2016-06-19 00:00:00,Same Day,AT-10735,Annie Thurman,Consumer,United States,Houston,Texas,77041,Central,TEC-AC-10000109,Technology,Accessories,Sony Micro Vault Click 16 GB USB 2.0 Flash Drive,287.05,5,0.2,12.23
909,CA-2017-143259,12/30/2017,1/3/2018,Standard Class,PO-18865,Patrick O'Donnell,Consumer,United States,New York City,New York,10009,East,OFF-BI-10003684,Office Supplies,Binders,Wilson Jones Legal Size Ring Binders,52.776,3,0.2,19.791
1338,CA-2017-100524,3/31/2017,4/2/2017,Second Class,CM-12115,Chad McGuire,Consumer,United States,New York City,New York,10011,East,FUR-FU-10004018,Furniture,Furnishings,Tensor Computer Mounted Lamp,29.78,2,0.0,8.0406
2438,NEW-344-20260304121052,2015-01-27 00:00:00,2015-01-29 00:00:00,Second Class,PW-19240,Pierre Wener,Consumer,United States,Louisville,Colorado,80027,West,FUR-TA-10000849,Furniture,Tables,Bevis Rectangular Conference Tables,182.17,2,0.5,-101.63
2449,CA-2015-128027,9/14/2015,9/17/2015,Second Class,CM-12385,Christopher Martinez,Consumer,United States,North Charleston,South Carolina,29406,South,OFF-ST-10001809,Office Supplies,Storage,Fellowes Officeware Wire Shelving,269.49,3,0.0,5.3898
3479,CA-2016-131289,12/8/2016,12/14/2016,Standard Class,SP-20620,Stefania Perrino,Corporate,United States,San Francisco,California,94110,West,OFF-AR-10003056,Office Supplies,Art,Newell 341,8.56,2,0.0,2.4824
8702,CA-2017-119284,6/15/2017,6/20/2017,Standard Class,TS-21205,Thomas Seio,Corporate,United States,Los Angeles,WA,61605,East,OFF-ST-10001490,Office Supplies,Storage,"Hot File 7-Pocket, Floor Stand",142.776,1,0.2,17.847
9281,CA-2016-166772,9/20/2016,9/24/2016,Standard Class,HJ-14875,Heather Jas,Home Office,United States,Seattle,Washington,98105,West,FUR-BO-10002853,Furniture,Bookcases,O'Sullivan 5-Shelf Heavy-Duty Bookcases,163.88,2,0.0,40.97
5306,US-2016-168410,2/21/2016,2/26/2016,Standard Class,BV-11245,Benjamin Venier (corrected),Corporate,United States,Oceanside,New York,11572,East,FUR-FU-10000629,Furniture,Furnishings,9-3/4_Diameter_Round_Wall_Clock,68.95,5,0.0,28.959
8139,CA-2016-102561,7/18/2016,7/22/2016,Standard Class,NK-18490,Neil Knudson,Home Office,United States,Philadelphia,Pennsylvania,19140,East,OFF-AR-10001545,Office Supplies,Art,Newell 326,11.264,8,0.2,1.2672
3628,CA-2017-113530,5/19/2017,5/21/2017,Second Class,BC-11125,Becky Castell,Home Office,United States,Phoenix,TX,41043,West,TEC-AC-10001465,Technology,Accessories,SanDisk Cruzer 64 GB USB Flash Drive,36.32,1,0.0,10.896
1936,NEW-178-20260304121052,2018-01-04 00:00:00,2018-01-09 00:00:00,Standard Class,LW-16990,Lindsay Williams,Corporate,United States,San Francisco,California,94109,West,TEC-AC-10001284,Technology,Accessories,Enermax Briskie RF Wireless Keyboard and Mouse Combo,192.79,8,0.0,74.58
630,CA-2017-133431,12/17/2017,12/21/2017,Standard Class,LC-17140,Logan Currie,Consumer,United States,San Francisco,California,94122,West,OFF-PA-10002615,Office Supplies,Paper,"Ampad_Gold_Fibre_Wirebound_Steno_Books,_6""_x_9"",_Gregg_Ruled",13.23,3,0.0,6.0858
97,CA-2017-161018,11/9/2017,11/11/2017,Second Class,PN-18775,Parhena Norris,Home Office,United States,New York City,New York,10009,East,FUR-FU-10000629,Furniture,Furnishings,9-3/4 Diameter Round Wall Clock,96.53,7,0.0,40.5426
6293,NEW-383-20260304121052,2015-08-10 00:00:00,2015-08-17 00:00:00,Standard Class,AZ-10750,Annie Zypern,Consumer,United States,Los Angeles,California,90008,West,TEC-PH-10002923,Technology,Phones,"Logitech B530 USB Headset - headset - Full size, Binaural",114.32,3,0.2,11.16
2708,CA-2017-155873,6/16/2017,6/21/2017,Standard Class,AB-10255,Alejandro Ballentine,Home Office,United States,Carlsbad,New Mexico,88220,West,OFF-PA-10001815,Office Supplies,Paper,Xerox 1885,192.16,4,0.0,92.2368
3211,NEW-50-20260304121052,2017-10-04 00:00:00,2017-10-13 00:00:00,Standard Class,SH-19975,Sally Hughsby,Corporate,United States,Pearland,Texas,77581,Central,OFF-EN-10001415,Office Supplies,Envelopes,Staple envelope,11.62,3,0.2,5.65
9179,NEW-368-20260304121052,2017-03-18 00:00:00,2017-03-24 00:00:00,Standard Class,DP-13000,Darren Powers,Consumer,United States,New York City,New York,10035,East,OFF-AR-10001725,Office Supplies,Art,Boston Home & Office Model 2000 Electric Pencil Sharpeners,21.81,1,0.0,4.72
3988,CA-2017-112333,4/8/2017,4/14/2017,Standard Class,KF-16285,Karen Ferguson,Home Office,United States,Chicago,TX,43001,South,OFF-AP-10001962,Office Supplies,Appliances,Black & Decker Filter for Double Action Dustbuster Cordless Vac BLDV7210,41.95,5,0.0,10.4875
4760,CA-2014-121573,11/3/2014,11/7/2014,Standard Class,SG-20605,Speros Goranitis,Consumer,United States,New York City,New York,10009,East,OFF-BI-10000666,Office Supplies,Binders,Surelock Post Binders,48.896,2,0.2,18.336
7689,CA-2016-169838,11/25/2016,11/29/2016,Standard Class,BB-11545,Brenda Bowman,Corporate,United States,Jackson,Michigan,49201,Central,TEC-AC-10004518,Technology,Accessories,Memorex Mini Travel Drive 32 GB USB 2.0 Flash Drive,160.0,8,0.0,62.4
7013,NEW-373-20260304121052,2014-10-26 00:00:00,2014-10-31 00:00:00,Standard Class,GT-14710,Greg Tran,Consumer,United States,New York City,New York,10035,East,OFF-AP-10002118,Office Supplies,Appliances,"1.7 Cubic Foot Compact ""Cube"" Office Refrigerators",194.62,1,0.0,43.56
4202,CA-2015-143105,12/10/2015,12/10/2015,Same Day,MA-17560,Matt Abelman,Home Office,United States,New York City,New York,10024,East,OFF-PA-10002713,Office Supplies,Paper,"Adams Phone Message Book, 200 Message Capacity, 8 1/16” x 11”",41.28,6,0.0,18.9888
6663,CA-2015-129322,8/8/2015,8/10/2015,Second Class,DB-13405,Denny Blanton,Consumer,United States,Lawrence,Massachusetts,1841,East,OFF-BI-10001718,Office Supplies,Binders,GBC DocuBind P50 Personal Binding Machine,447.86,7,0.0,210.4942
7360,US-2014-115189,12/30/2014,1/3/2015,Second Class,AR-10345,Alex Russell,Corporate,United States,Philadelphia,Pennsylvania,19143,East,FUR-TA-10004575,Furniture,Tables,Hon 5100 Series Wood Tables,523.764,3,0.4,-192.0468
3539,NEW-54-20260304121052,2014-08-29 00:00:00,2014-09-04 00:00:00,Same Day,SB-20290,Sean Braxton,Corporate,United States,Henderson,Kentucky,42420,South,OFF-LA-10001641,Office Supplies,Labels,Avery 518,10.45,3,0.0,3.26
9226,NEW-195-20260304121052,2017-12-31 00:00:00,2018-01-01 00:00:00,Same Day,FM-14290,Frank Merwin,Home Office,United States,Bryan,Texas,77803,Central,OFF-BI-10004040,Office Supplies,Binders,Wilson Jones Impact Binders,5.41,4,0.8,-9.59
3732,CA-2015-109575,9/18/2015,9/23/2015,Standard Class,KH-16630,Ken Heidel,Corporate,United States,Clinton,Maryland,20735,East,TEC-PH-10000730,Technology,Phones,Samsung Galaxy S4 Active,499.99,1,0.0,129.9974
5386,CA-2017-161410,6/26/2017,7/3/2017,Standard Class,CC-12220,Chris Cortes,Consumer,United States,Philadelphia,Pennsylvania,19143,East,TEC-PH-10000673,Technology,Phones,Plantronics Voyager Pro HD - Bluetooth Headset,545.916,14,0.4,72.7888
3863,CA-2014-135755,5/3/2014,5/10/2014,Standard Class,NC-18415,Nathan Cano,Consumer,United States,Yonkers,New York,10701,East,OFF-BI-10003981,Office Supplies,Binders,"Avery Durable Plastic 1"" Binders",10.896,3,0.2,3.9498
155,CA-2015-124919,5/31/2015,6/2/2015,First Class,SP-20650,Stephanie Phelps,Corporate,United States,Houston,CA,95209,West,OFF-PA-10002254,Office Supplies,Paper,Xerox 1883,105.52,4,0.0,48.5392
5665,CA-2016-141957,7/21/2016,7/21/2016,Same Day,JG-15310,Jason Gross,Corporate,United States,Newark,Ohio,43055,East,OFF-BI-10001116,Office Supplies,Binders,"Wilson Jones 1"" Hanging DublLock Ring Binders",11.088,7,0.7,-8.1312
89,CA-2016-159695,4/5/2016,4/10/2016,Second Class,GM-14455,Gary Mitchum,Home Office,United States,Houston,Texas,77095,Central,OFF-ST-10003442,Office Supplies,Storage,Eldon Portable Mobile Manager,158.368,7,0.2,13.8572
8424,CA-2017-150091,10/12/2017,10/16/2017,Standard Class,NP-18670,Nora Paige,Consumer,United States,Lakewood,New Jersey,8701,East,FUR-FU-10004053,Furniture,Furnishings,DAX Two-Tone Silver Metal Document Frame,40.48,2,0.0,17.4064
9054,CA-2014-141838,3/26/2014,3/31/2014,Second Class,DK-12835,Damala Kotsonis,Corporate,United States,San Francisco,California,94122,West,TEC-PH-10004100,Technology,Phones,Griffin GC17055 Auxiliary Audio Cable,28.784,2,0.2,2.8784
6636,CA-2017-144498,5/6/2017,5/6/2017,Same Day,MB-18085,Mick Brown,Consumer,United States,Charlotte,North Carolina,28205,South,TEC-PH-10004977,Technology,Phones,GE_30524EE4,627.168,4,0.2,70.5564
8341,CA-2014-161634,11/14/2014,11/20/2014,Standard Class,CC-12220,Chris Cortes,Consumer,United States,Houston,WA,12705,South,OFF-PA-10002262,Office Supplies,Paper,Xerox 192,32.4,5,0.0,15.552
7490,CA-2017-157196,11/5/2017,11/9/2017,Standard Class,AA-10645,Anna Andreadi (corrected),Consumer,United States,San Diego,California,92105,West,OFF-PA-10003172,Office Supplies,Paper,Xerox_1996,12.96,2,0.0,6.2208
843,CA-2016-161669,11/7/2016,11/9/2016,First Class,EM-14095,Eudokia Martin,Corporate,United States,Los Angeles,California,90036,West,OFF-BI-10001294,Office Supplies,Binders,Fellowes Binding Cases,37.44,4,0.2,11.7
4398,US-2014-138758,7/7/2014,7/11/2014,Standard Class,JL-15835,John Lee,Consumer,United States,Philadelphia,Pennsylvania,19120,East,FUR-CH-10002880,Furniture,Chairs,"Global High-Back Leather Tilter, Burgundy",172.186,2,0.3,-46.7362
6626,CA-2015-141250,1/19/2015,1/23/2015,Standard Class,PM-18940,Paul MacIntyre,Consumer,United States,Texas City,Texas,77590,Central,FUR-CH-10004875,Furniture,Chairs,Harbour Creations 67200 Series Stacking Chairs,199.304,4,0.3,-8.5416
2223,CA-2015-131884,12/6/2015,12/6/2015,Same Day,DK-13375,Dennis Kane,Consumer,United States,Marion,Ohio,43302,East,OFF-AR-10004078,Office Supplies,Art,Newell 312,37.376,8,0.2,4.672
4426,CA-2017-159464,5/18/2017,5/19/2017,First Class,TB-21355,Todd Boyes,Corporate,United States,New York,WA,34686,South,OFF-BI-10000315,Office Supplies,Binders,Poly Designer Cover & Back,113.94,6,0.0,54.6912
9753,US-2016-158680,7/1/2016,7/2/2016,First Class,NZ-18565,Nick Zandusky,Home Office,United States,Houston,IL,11962,East,OFF-BI-10000145,Office Supplies,Binders,Zipper Ring Binder Pockets,2.496,1,0.2,0.9048
3855,US-2017-131849,6/6/2017,6/10/2017,Standard Class,GH-14410,Gary Hansen,Home Office,United States,Houston,AZ,38038,South,OFF-ST-10002957,Office Supplies,Storage,Sterilite Show Offs Storage Containers,26.4,5,0.0,0.0
2398,CA-2017-169264,8/14/2017,8/16/2017,Second Class,NP-18700,Nora Preis,Consumer,United States,San Francisco,California,94109,West,OFF-LA-10001613,Office Supplies,Labels,Avery File Folder Labels,5.76,2,0.0,2.8224
5282,CA-2015-105158,9/5/2015,9/10/2015,Standard Class,SP-20860,Sung Pak,Corporate,United States,Rochester,Minnesota,55901,Central,FUR-FU-10001706,Furniture,Furnishings,Longer-Life Soft White Bulbs,6.16,2,0.0,2.9568
3002,CA-2014-138317,6/21/2014,6/25/2014,Standard Class,NW-18400,Natalie Webber,Consumer,United States,Philadelphia,Pennsylvania,19120,East,OFF-BI-10000069,Office Supplies,Binders,"GBC Prepunched Paper, 19-Hole, for Binding Systems, 24-lb",9.006,2,0.7,-7.2048
61,CA-2016-111682,6/17/2016,6/18/2016,First Class,TB-21055,Ted Butterfield,Consumer,United States,Phoenix,AZ,35829,South,OFF-BI-10001460,Office Supplies,Binders,Plastic Binding Combs,48.48,4,0.2,16.362
3707,NEW-282-20260304121052,2017-05-08 00:00:00,2017-05-10 00:00:00,Standard Class,EN-13780,Edward Nazzal,Consumer,United States,Dallas,Texas,75220,Central,OFF-AR-10001915,Office Supplies,Art,Peel-Off China Markers,22.22,3,0.2,9.23
5112,CA-2014-138450,10/18/2014,10/22/2014,Standard Class,EH-13765,Edward Hooks,Corporate,United States,Philadelphia,Pennsylvania,19134,East,OFF-PA-10003016,Office Supplies,Paper,"Adams ""While You Were Out"" Message Pads",10.048,4,0.2,3.14
1099,CA-2016-107216,6/14/2016,6/17/2016,First Class,PV-18985,Paul Van Hugh,Home Office,United States,Chicago,WA,22289,Central,OFF-AR-10001545,Office Supplies,Art,Newell 326,7.04,4,0.0,2.0416
6746,CA-2017-111269,6/16/2017,6/18/2017,Second Class,CS-12355,Christine Sundaresam,Consumer,United States,Dublin,Ohio,43017,East,OFF-AR-10001427,Office Supplies,Art,Newell 330,23.92,5,0.2,1.794
302,CA-2016-142545,10/28/2016,11/3/2016,Standard Class,JD-15895,Jonathan Doherty,Corporate,United States,Belleville,New Jersey,7109,East,FUR-FU-10001861,Furniture,Furnishings,"Floodlight_Indoor_Halogen_Bulbs,_1_Bulb_per_Pack,_60_Watts",77.6,4,0.0,38.024
5818,CA-2014-124730,11/26/2014,11/26/2014,Same Day,LS-17245,Lynn Smith,Consumer,United States,Utica,New York,13501,East,OFF-BI-10001031,Office Supplies,Binders,Pressboard Data Binders by Wilson Jones,17.088,4,0.2,5.7672
5560,US-2015-114741,12/6/2015,12/10/2015,Standard Class,IL-15100,Ivan Liston,Consumer,United States,North Las Vegas,Nevada,89031,West,OFF-ST-10000078,Office Supplies,Storage,Tennsco 6- and 18-Compartment Lockers,1325.85,5,0.0,238.653
1060,CA-2016-105284,11/24/2016,12/1/2016,Standard Class,MG-17650,Matthew Grinstein,Home Office,United States,Philadelphia,Pennsylvania,19143,East,OFF-FA-10001754,Office Supplies,Fasteners,Stockwell_Gold_Paper_Clips,4.416,3,0.2,1.6008
6413,NEW-152-20260304121052,2017-12-11 00:00:00,2017-12-13 00:00:00,Standard Class,AH-10120,Adrian Hane,Home Office,United States,Louisville,Kentucky,40214,South,OFF-BI-10002735,Office Supplies,Binders,GBC Prestige Therm-A-Bind Covers,121.63,3,0.0,53.21
9053,CA-2014-141838,3/26/2014,3/31/2014,Second Class,DK-12835,Damala Kotsonis,Corporate,United States,Seattle,IL,89107,South,OFF-BI-10003291,Office Supplies,Binders,Wilson Jones Leather-Like Binders with DublLock Round Rings,27.936,4,0.2,9.4284
8547,CA-2016-119074,3/27/2016,3/31/2016,Standard Class,DS-13180,David Smith,Corporate,United States,Columbus,Georgia,31907,South,OFF-BI-10000962,Office Supplies,Binders,"Acco Flexible ACCOHIDE Square Ring Data Binder, Dark Blue, 11 1/2"" X 14"" 7/8""",32.54,2,0.0,15.9446
8132,NEW-113-20260304121052,2014-08-02 00:00:00,2014-08-09 00:00:00,First Class,JD-15895,Jonathan Doherty,Corporate,United States,Riverside,California,92503,West,OFF-AR-10003481,Office Supplies,Art,Newell 348,13.48,4,0.0,4.45
9052,CA-2014-141838,3/26/2014,3/31/2014,Second Class,DK-12835,Damala Kotsonis,Corporate,United States,Phoenix,IL,71019,South,OFF-AR-10004272,Office Supplies,Art,Newell 308,3.36,2,0.0,0.84
6162,NEW-138-20260304121052,2014-05-12 00:00:00,2014-05-21 00:00:00,First Class,MC-17605,Matt Connell,Corporate,United States,Lakeland,Florida,33801,South,OFF-LA-10000443,Office Supplies,Labels,Avery 501,15.39,4,0.2,6.27
3532,CA-2016-155565,5/28/2016,5/28/2016,Same Day,EH-13765,Edward Hooks,Corporate,United States,New York City,New York,10035,East,OFF-SU-10001218,Office Supplies,Supplies,Fiskars_Softgrip_Scissors,54.9,5,0.0,15.372
451,NEW-436-20260304121052,2016-04-15 00:00:00,2016-04-17 00:00:00,Second Class,RB-19360,Raymond Buch,Consumer,United States,Auburn,New York,13021,East,OFF-AR-10003156,Office Supplies,Art,50 Colored Long Pencils,30.58,3,0.0,6.81
771,CA-2017-104220,1/30/2017,2/5/2017,Standard Class,BV-11245,Benjamin Venier,Corporate,United States,Phoenix,CA,11433,East,OFF-BI-10001036,Office Supplies,Binders,Cardinal EasyOpen D-Ring Binders,18.28,2,0.0,9.14
9260,CA-2014-168368,2/11/2014,2/15/2014,Second Class,GA-14725,Guy Armstrong,Consumer,United States,New York,TX,24551,East,OFF-ST-10002583,Office Supplies,Storage,Fellowes Neat Ideas Storage Cubes,64.96,2,0.0,2.5984
832,NEW-266-20260304121052,2017-09-14 00:00:00,2017-09-20 00:00:00,Second Class,JE-15745,Joel Eaton,Consumer,United States,Florence,Kentucky,41042,South,TEC-PH-10001557,Technology,Phones,Pyle PMP37LED,197.27,2,0.0,59.13
5681,CA-2016-141551,9/24/2016,9/30/2016,Standard Class,BP-11230,Benjamin Patterson,Consumer,United States,Broken Arrow,Oklahoma,74012,Central,OFF-BI-10001249,Office Supplies,Binders,Avery Heavy-Duty EZD View Binder with Locking Rings,6.38,1,0.0,2.9348
732,NEW-465-20260304121052,2016-12-18 00:00:00,2016-12-22 00:00:00,First Class,EG-13900,Emily Grady,Consumer,United States,Oceanside,New York,11572,East,OFF-LA-10001317,Office Supplies,Labels,Avery 520,5.51,2,0.0,3.98
9170,CA-2016-140571,3/15/2016,3/19/2016,Standard Class,SJ-20125,Sanjit Jacobs,Home Office,United States,Jackson,Mississippi,39212,South,OFF-PA-10001954,Office Supplies,Paper,Xerox 1964,45.68,2,0.0,21.0128
4682,CA-2016-169215,7/14/2016,7/18/2016,Second Class,RE-19450,Richard Eichhorn,Consumer,United States,Auburn,New York,13021,East,OFF-FA-10000936,Office Supplies,Fasteners,Acco Hot Clips Clips to Go,29.61,9,0.0,13.3245
1493,CA-2017-166436,11/24/2017,11/28/2017,Standard Class,TS-21370,Todd Sumrall,Corporate,United States,New York City,New York,10035,East,FUR-CH-10000785,Furniture,Chairs,Global Ergonomic Managers Chair,977.292,6,0.1,173.7408
5299,NEW-453-20260304121052,2017-01-16 00:00:00,2017-01-17 00:00:00,First Class,DV-13045,Darrin Van Huff,Corporate,United States,San Diego,California,92037,West,OFF-EN-10001509,Office Supplies,Envelopes,Poly String Tie Envelopes,4.1,2,0.0,2.39
5505,CA-2017-127782,11/2/2017,11/6/2017,Standard Class,TH-21115,Thea Hudgings,Corporate,United States,Philadelphia,Pennsylvania,19140,East,OFF-EN-10003845,Office Supplies,Envelopes,Colored Envelopes,8.856,3,0.2,2.8782
4157,CA-2015-101091,12/5/2015,12/9/2015,Second Class,SW-20245,Scot Wooten,Consumer,United States,Philadelphia,Pennsylvania,19140,East,TEC-AC-10003280,Technology,Accessories,Belkin F8E887 USB Wired Ergonomic Keyboard,47.984,2,0.2,0.5998
658,NEW-375-20260304121052,2017-03-03 00:00:00,2017-03-05 00:00:00,Same Day,EH-14125,Eugene Hildebrand,Home Office,United States,Aurora,Illinois,60505,Central,FUR-CH-10001215,Furniture,Chairs,Global Troy Executive Leather Low-Back Tilter,804.27,2,0.3,-62.47
297,CA-2014-111451,12/26/2014,12/28/2014,First Class,KL-16555,Kelly Lampkin,Corporate,United States,Colorado Springs,Colorado,80906,West,OFF-BI-10004593,Office Supplies,Binders,Ibico Laser Imprintable Binding System Covers,78.6,5,0.7,-62.88
9453,CA-2015-129546,9/28/2015,10/5/2015,Standard Class,RP-19855,Roy Phan,Corporate,United States,Los Angeles,California,90032,West,OFF-BI-10004001,Office Supplies,Binders,GBC Recycled VeloBinder Covers,81.792,6,0.2,26.5824
5285,NEW-150-20260304121052,2014-08-11 00:00:00,2014-08-13 00:00:00,Standard Class,Dl-13600,Dorris liebe,Corporate,United States,Seattle,Washington,98105,West,OFF-LA-10002312,Office Supplies,Labels,Avery 490,55.84,3,0.0,24.71
2144,CA-2016-155481,9/1/2016,9/5/2016,Standard Class,DK-13225,Dean Katz (corrected),Corporate,United States,Philadelphia,Pennsylvania,19140,East,TEC-PH-10002293,Technology,Phones,Anker_36W_4-Port_USB_Wall_Charger_Travel_Power_Adapter_for_iPhone_5s_5c_5,23.988,2,0.4,-4.7976
6267,CA-2014-146731,11/3/2014,11/8/2014,Standard Class,AT-10735,Annie Thurman,Consumer,United States,Nashville,Tennessee,37211,South,OFF-PA-10001019,Office Supplies,Paper,Xerox 1884,143.856,9,0.2,48.5514
9250,NEW-48-20260304121052,2017-01-01 00:00:00,2017-01-08 00:00:00,Standard Class,SW-20275,Scott Williamson,Consumer,United States,New York City,New York,10009,East,TEC-PH-10003691,Technology,Phones,BlackBerry Q10,842.86,7,0.0,326.96
7988,US-2016-117793,8/23/2016,8/29/2016,Standard Class,MA-17560,Matt Abelman (corrected),Home Office,United States,Sheboygan,Wisconsin,53081,Central,OFF-LA-10002945,Office Supplies,Labels,"Permanent_Self-Adhesive_File_Folder_Labels_for_Typewriters,_1_1/8_x_3_1/2,_White",25.2,4,0.0,11.592
727,CA-2017-144113,9/16/2017,9/20/2017,Standard Class,JF-15355,Jay Fein (corrected),Consumer,United States,Austin,Texas,78745,Central,TEC-PH-10002170,Technology,Phones,ClearSounds_CSC500_Amplified_Spirit_Phone_Corded_phone,55.992,1,0.2,5.5992
1570,CA-2017-165029,11/26/2017,11/30/2017,Standard Class,AH-10075,Adam Hart,Corporate,United States,Atlanta,Georgia,30318,South,OFF-AR-10003504,Office Supplies,Art,Newell 347,12.84,3,0.0,3.7236
7712,NEW-473-20260304121052,2018-01-22 00:00:00,2018-01-25 00:00:00,Second Class,JM-15250,Janet Martin,Consumer,United States,Fayetteville,North Carolina,28314,South,FUR-FU-10001876,Furniture,Furnishings,"Computer Room Manger, 14""",87.26,3,0.2,19.64
9720,CA-2017-166835,11/12/2017,11/14/2017,Second Class,DK-13375,Dennis Kane (corrected),Consumer,United States,Lancaster,Pennsylvania,17602,East,OFF-ST-10002574,Office Supplies,Storage,"SAFCO_Commercial_Wire_Shelving,_Black",221.024,2,0.2,-55.256
510,CA-2015-145352,3/16/2015,3/22/2015,Standard Class,CM-12385,Christopher Martinez,Consumer,United States,Atlanta,Georgia,30318,South,OFF-BI-10003527,Office Supplies,Binders,Fellowes PB500 Electric Punch Plastic Comb Binding Machine with Manual Bind,6354.95,5,0.0,3177.475
1870,CA-2016-148201,8/26/2016,8/29/2016,Second Class,CC-12145,Charles Crestani,Consumer,United States,Seattle,Washington,98103,West,OFF-PA-10000019,Office Supplies,Paper,Xerox 1931,6.48,1,0.0,3.1104
6836,CA-2017-142643,10/15/2017,10/20/2017,Standard Class,DL-13495,Dionis Lloyd,Corporate,United States,Thousand Oaks,California,91360,West,OFF-LA-10003510,Office Supplies,Labels,"Avery 4027 File Folder Labels for Dot Matrix Printers, 5000 Labels per Box, White",152.65,5,0.0,70.219
1569,US-2017-152002,6/11/2017,6/11/2017,Same Day,DV-13465,Dianna Vittorini,Consumer,United States,Los Angeles,California,90004,West,OFF-PA-10000357,Office Supplies,Paper,"White Dual Perf Computer Printout Paper, 2700 Sheets, 1 Part, Heavyweight, 20 lbs., 14 7/8 x 11",122.97,3,0.0,60.2553
3602,CA-2014-159835,11/17/2014,11/24/2014,Standard Class,RB-19330,Randy Bradley,Consumer,United States,Philadelphia,Pennsylvania,19143,East,OFF-PA-10002137,Office Supplies,Paper,"Southworth 100% Résumé Paper, 24lb.",12.448,2,0.2,3.89
5597,CA-2015-159779,9/25/2015,9/29/2015,Standard Class,SB-20185,Sarah Brown (corrected),Consumer,United States,Concord,New Hampshire,3301,East,OFF-BI-10002735,Office Supplies,Binders,GBC_Prestige_Therm-A-Bind_Covers,68.62,2,0.0,32.2514
761,CA-2015-112319,8/31/2015,9/5/2015,Standard Class,AR-10510,Andrew Roberts,Consumer,United States,Los Angeles,California,90004,West,OFF-PA-10003441,Office Supplies,Paper,Xerox_226,58.32,9,0.0,27.9936
6903,CA-2017-111220,9/2/2017,9/8/2017,Standard Class,JS-15595,Jill Stevenson,Corporate,United States,Chicago,Illinois,60653,Central,OFF-FA-10002280,Office Supplies,Fasteners,Advantus Plastic Paper Clips,16.0,4,0.2,5.6
1076,CA-2016-134348,11/12/2016,11/19/2016,Standard Class,MS-17710,Maurice Satty,Consumer,United States,Mesa,Arizona,85204,West,TEC-AC-10003447,Technology,Accessories,Micropad Numeric Keypads,31.984,2,0.2,1.999
5629,CA-2017-148810,6/26/2017,7/1/2017,Standard Class,DR-12880,Dan Reichenbach,Corporate,United States,Miami,Florida,33180,South,FUR-CH-10001545,Furniture,Chairs,Hon Comfortask Task/Swivel Chairs,273.552,3,0.2,-13.6776
6676,CA-2015-109337,11/21/2015,11/23/2015,Second Class,DL-13330,Denise Leinenbach (corrected),Consumer,United States,Lawrence,Indiana,46226,Central,TEC-MA-10002930,Technology,Machines,Ricoh_-_Ink_Collector_Unit_for_GX3000_Series_Printers,83.9,2,0.0,22.653
4373,NEW-184-20260304121052,2017-09-13 00:00:00,2017-09-17 00:00:00,Second Class,LH-16900,Lena Hernandez,Consumer,United States,Elkhart,Indiana,46514,Central,OFF-AR-10003602,Office Supplies,Art,"Quartet Omega Colored Chalk, 12/Pack",11.29,2,0.0,6.57
8386,CA-2017-137582,9/4/2017,9/8/2017,Standard Class,CV-12805,Cynthia Voltz,Corporate,United States,Oakland,California,94601,West,OFF-BI-10001757,Office Supplies,Binders,Pressboard Hanging Data Binders for Unburst Sheets,11.808,3,0.2,4.1328
7565,US-2016-166660,1/30/2016,2/1/2016,Second Class,TB-21250,Tim Brockman,Consumer,United States,Chicago,IL,87089,West,FUR-CH-10001190,Furniture,Chairs,Global Deluxe High-Back Office Chair in Storm,435.168,4,0.2,-59.8356
2502,CA-2017-131618,6/17/2017,6/20/2017,First Class,LS-17200,Luke Schmidt,Corporate,United States,Skokie,Illinois,60076,Central,OFF-BI-10000546,Office Supplies,Binders,Avery Durable Binders,2.304,4,0.8,-3.5712
2080,CA-2015-120103,12/24/2015,12/29/2015,Standard Class,MS-17365,Maribeth Schnelling,Consumer,United States,Phoenix,Arizona,85023,West,OFF-PA-10001295,Office Supplies,Paper,Computer_Printout_Paper_with_Letter-Trim_Perforations,106.232,7,0.2,37.1812
7218,CA-2015-150770,5/3/2015,5/6/2015,First Class,LC-16870,Lena Cacioppo,Consumer,United States,San Francisco,California,94109,West,OFF-BI-10002026,Office Supplies,Binders,Ibico Recycled Linen-Style Covers,62.496,2,0.2,21.8736
2048,CA-2016-131835,7/17/2016,7/21/2016,Standard Class,MC-17590,Matt Collister,Corporate,United States,Seattle,IL,81908,West,OFF-PA-10004071,Office Supplies,Paper,"Eaton Premium Continuous-Feed Paper, 25% Cotton, Letter Size, White, 1000 Shts/Box",55.48,1,0.0,26.6304
3580,CA-2016-104157,7/25/2016,7/29/2016,Standard Class,MT-17815,Meg Tillman,Consumer,United States,Jackson,Mississippi,39212,South,OFF-PA-10004665,Office Supplies,Paper,Advantus_Motivational_Note_Cards,65.5,5,0.0,32.095
7472,NEW-494-20260304121052,2015-10-25 00:00:00,2015-10-26 00:00:00,Standard Class,AC-10615,Ann Chong,Corporate,United States,Philadelphia,Pennsylvania,19143,East,OFF-ST-10001522,Office Supplies,Storage,"Gould Plastics 18-Pocket Panel Bin, 34w x 5-1/4d x 20-1/2h",162.99,2,0.2,-38.17
981,CA-2016-144939,10/3/2016,10/8/2016,Standard Class,EB-13870,Emily Burns,Consumer,United States,New York,IL,47265,South,FUR-CH-10003199,Furniture,Chairs,Office Star - Contemporary Task Swivel Chair,599.292,6,0.1,93.2232
8450,NEW-410-20260304121052,2018-01-20 00:00:00,2018-01-22 00:00:00,First Class,AH-10075,Adam Hart,Corporate,United States,Cranston,Rhode Island,2920,East,OFF-PA-10003724,Office Supplies,Paper,"Wirebound Message Book, 4 per Page",54.55,8,0.0,32.22
3265,NEW-261-20260304121052,2016-06-30 00:00:00,2016-07-06 00:00:00,Second Class,RF-19345,Randy Ferguson,Corporate,United States,Miami,Florida,33180,South,OFF-LA-10001641,Office Supplies,Labels,Avery 518,9.4,4,0.2,3.09
9606,NEW-315-20260304121052,2017-12-09 00:00:00,2017-12-11 00:00:00,Standard Class,HG-14965,Henry Goldwyn,Corporate,United States,Lancaster,Ohio,43130,East,TEC-AC-10002323,Technology,Accessories,SanDisk Ultra 32 GB MicroSDHC Class 10 Memory Card,72.25,4,0.2,-5.35
9752,NEW-47-20260304121052,2016-10-17 00:00:00,2016-10-26 00:00:00,Standard Class,EP-13915,Emily Phan,Consumer,United States,Chicago,Illinois,60610,Central,OFF-AR-10001446,Office Supplies,Art,Newell 309,37.09,3,0.2,3.49
4711,CA-2017-138149,6/29/2017,6/30/2017,First Class,WB-21850,William Brown,Consumer,United States,Los Angeles,California,90049,West,TEC-AC-10001284,Technology,Accessories,Enermax Briskie RF Wireless Keyboard and Mouse Combo,62.31,3,0.0,22.4316
6115,NEW-426-20260304121052,2017-04-04 00:00:00,2017-04-06 00:00:00,Standard Class,SP-20920,Susan Pistek,Consumer,United States,Parma,Ohio,44134,East,FUR-CH-10003746,Furniture,Chairs,Hon 4070 Series Pagoda Round Back Stacking Chairs,460.96,2,0.3,-17.14
8306,CA-2016-128671,8/11/2016,8/16/2016,Standard Class,MT-18070,Michelle Tran,Home Office,United States,Tulsa,Oklahoma,74133,Central,OFF-PA-10001870,Office Supplies,Paper,Xerox 202,32.4,5,0.0,15.552
4222,CA-2017-134565,6/11/2017,6/13/2017,Second Class,TB-21400,Tom Boeckenhauer,Consumer,United States,Seattle,Washington,98103,West,TEC-MA-10001570,Technology,Machines,Cisco Desktop Collaboration Experience DX650 IP Video Phone,385.8,5,0.2,130.2075
1896,CA-2015-109197,12/31/2015,1/4/2016,Standard Class,JO-15280,Jas O'Carroll (corrected),Consumer,United States,Missoula,Montana,59801,West,OFF-BI-10004632,Office Supplies,Binders,Ibico_Hi-Tech_Manual_Binding_System,487.984,2,0.2,152.495
2844,CA-2017-112865,5/18/2017,5/22/2017,Standard Class,BH-11710,Brosina Hoffman,Consumer,United States,Philadelphia,Pennsylvania,19140,East,TEC-AC-10000387,Technology,Accessories,KeyTronic KT800P2 - Keyboard - Black,36.048,3,0.2,-0.9012
1029,CA-2014-163552,7/11/2014,7/15/2014,Standard Class,LA-16780,Laura Armstrong (corrected),Corporate,United States,Hackensack,New Jersey,7601,East,OFF-PA-10000474,Office Supplies,Paper,Easy-staple_paper,177.2,5,0.0,83.284
774,NEW-422-20260304121052,2017-06-25 00:00:00,2017-06-27 00:00:00,Standard Class,BV-11245,Benjamin Venier,Corporate,United States,Des Moines,Iowa,50315,Central,OFF-BI-10003910,Office Supplies,Binders,DXL Angle-View Binders with Locking Rings by Samsill,8.16,1,0.0,4.78
9575,NEW-421-20260304121052,2015-12-24 00:00:00,2016-01-01 00:00:00,Same Day,SF-20065,Sandra Flanagan,Consumer,United States,Pomona,California,91767,West,FUR-FU-10001889,Furniture,Furnishings,Ultra Door Pull Handle,29.31,3,0.0,9.78
2285,CA-2015-153108,3/5/2015,3/9/2015,Standard Class,SF-20200,Sarah Foster,Consumer,United States,New Castle,Indiana,47362,Central,OFF-AP-10002222,Office Supplies,Appliances,Staple holder,60.69,7,0.0,16.3863
8621,NEW-330-20260304121052,2018-04-27 00:00:00,2018-05-01 00:00:00,Second Class,LC-17050,Liz Carlisle,Consumer,United States,Dallas,Texas,75217,Central,FUR-FU-10003878,Furniture,Furnishings,"Linden 10"" Round Wall Clock, Black",33.66,5,0.6,-23.98
7567,CA-2017-140802,4/21/2017,4/23/2017,First Class,KN-16390,Katherine Nockton,Corporate,United States,Houston,Texas,77070,Central,TEC-AC-10001998,Technology,Accessories,Logitech LS21 Speaker System - PC Multimedia - 2.1-CH - Wired,47.976,3,0.2,8.3958
3919,NEW-479-20260304121052,2017-11-19 00:00:00,2017-11-22 00:00:00,Standard Class,ML-17410,Maris LaWare,Consumer,United States,Phoenix,Arizona,85023,West,FUR-CH-10000513,Furniture,Chairs,High-Back Leather Manager's Chair,284.68,3,0.2,-54.94
7707,NEW-384-20260304121052,2017-02-08 00:00:00,2017-02-09 00:00:00,Standard Class,AA-10480,Andrew Allen,Consumer,United States,Detroit,Michigan,48234,Central,OFF-AR-10002578,Office Supplies,Art,Newell 335,9.68,3,0.0,3.37
6855,NEW-61-20260304121052,2018-01-07 00:00:00,2018-01-11 00:00:00,Second Class,MF-18250,Monica Federle,Corporate,United States,Little Rock,Arkansas,72209,South,OFF-ST-10001522,Office Supplies,Storage,"Gould Plastics 18-Pocket Panel Bin, 34w x 5-1/4d x 20-1/2h",368.35,4,0.0,19.31
3497,CA-2016-107328,8/8/2016,8/15/2016,Standard Class,CA-12055,Cathy Armstrong,Home Office,United States,Phoenix,WA,31952,South,FUR-TA-10001932,Furniture,Tables,"Chromcraft 48"" x 96"" Racetrack Double Pedestal Table",513.024,2,0.2,12.8256
4771,NEW-235-20260304121052,2016-11-23 00:00:00,2016-11-30 00:00:00,Second Class,CC-12430,Chuck Clark,Home Office,United States,San Francisco,California,94109,West,OFF-SU-10001212,Office Supplies,Supplies,Kleencut Forged Office Shears by Acme United Corporation,7.53,3,0.0,2.27
4932,CA-2017-143651,3/25/2017,3/30/2017,Standard Class,FM-14215,Filia McAdams,Corporate,United States,Houston,AZ,23866,East,OFF-AR-10001446,Office Supplies,Art,Newell 309,23.1,2,0.0,6.93
3272,NEW-204-20260304121052,2016-03-07 00:00:00,2016-03-16 00:00:00,Second Class,KN-16450,Kean Nguyen,Corporate,United States,Visalia,California,93277,West,TEC-AC-10003709,Technology,Accessories,Maxell 4.7GB DVD-R 5/Pack,8.94,8,0.0,3.67
8651,CA-2014-142769,9/13/2014,9/13/2014,Same Day,RP-19390,Resi Pölking,Consumer,United States,Seattle,Washington,98103,West,OFF-FA-10000840,Office Supplies,Fasteners,OIC Thumb-Tacks,5.7,5,0.0,2.679
199,US-2017-124303,7/6/2017,7/13/2017,Standard Class,FH-14365,Fred Hopkins,Corporate,United States,Philadelphia,Pennsylvania,19120,East,OFF-BI-10000343,Office Supplies,Binders,"Pressboard Covers with Storage Hooks, 9 1/2"" x 11"", Light Blue",2.946,2,0.7,-2.2586
7219,CA-2015-150770,5/3/2015,5/6/2015,First Class,LC-16870,Lena Cacioppo,Consumer,United States,Phoenix,WA,85252,West,TEC-AC-10000844,Technology,Accessories,Logitech Gaming G510s - Keyboard,339.96,4,0.0,122.3856
7575,CA-2015-129532,12/8/2015,12/12/2015,Standard Class,YS-21880,Yana Sorensen,Corporate,United States,Chicago,NY,24906,West,OFF-ST-10004186,Office Supplies,Storage,"Stur-D-Stor Shelving, Vertical 5-Shelf: 72""H x 36""W x 18 1/2""D",221.96,2,0.0,4.4392
988,CA-2015-146829,3/10/2015,3/10/2015,Same Day,TS-21340,Toby Swindell (corrected),Consumer,United States,Houston,Texas,77041,Central,OFF-BI-10004022,Office Supplies,Binders,Acco_Suede_Grain_Vinyl_Round_Ring_Binder,1.112,2,0.8,-1.8904
1163,CA-2014-127964,3/3/2014,3/8/2014,Standard Class,AP-10720,Anne Pryor,Home Office,United States,New York City,New York,10035,East,TEC-PH-10004700,Technology,Phones,PowerGen Dual USB Car Charger,9.99,1,0.0,4.5954
7081,CA-2016-106950,9/2/2016,9/6/2016,Standard Class,JE-15715,Joe Elijah,Consumer,United States,Charlotte,North Carolina,28205,South,FUR-TA-10001768,Furniture,Tables,Hon Racetrack Conference Tables,472.518,3,0.4,-149.6307
8958,CA-2017-105620,12/25/2017,12/28/2017,First Class,JH-15430,Jennifer Halladay,Consumer,United States,Seattle,NY,55093,Central,TEC-MA-10004626,Technology,Machines,Lexmark 20R1285 X6650 Wireless All-in-One Printer,120.0,2,0.5,-7.2
2687,CA-2016-133123,9/6/2016,9/11/2016,Standard Class,KB-16315,Karl Braun,Consumer,United States,Thomasville,North Carolina,27360,South,OFF-BI-10001031,Office Supplies,Binders,Pressboard Data Binders by Wilson Jones,3.204,2,0.7,-2.4564
6723,CA-2017-102974,9/19/2017,9/24/2017,Standard Class,DP-13105,Dave Poirier,Corporate,United States,Los Angeles,California,90032,West,OFF-AR-10004956,Office Supplies,Art,Newell_33,16.74,3,0.0,4.8546
9391,CA-2015-163734,6/19/2015,6/24/2015,Standard Class,KM-16375,Katherine Murray,Home Office,United States,Houston,Texas,77070,Central,OFF-ST-10003692,Office Supplies,Storage,Recycled Steel Personal File for Hanging File Folders,228.92,5,0.2,14.3075
7381,NEW-488-20260304121052,2016-10-14 00:00:00,2016-10-22 00:00:00,Standard Class,AG-10270,Alejandro Grove,Consumer,United States,Omaha,Nebraska,68104,Central,OFF-LA-10004559,Office Supplies,Labels,Avery 49,13.6,5,0.0,6.18
1244,NEW-148-20260304121052,2016-03-07 00:00:00,2016-03-12 00:00:00,Standard Class,PG-18820,Patrick Gardner,Consumer,United States,New York City,New York,10009,East,OFF-FA-10000304,Office Supplies,Fasteners,Advantus Push Pins,11.07,4,0.0,4.72
6043,CA-2016-117912,2/4/2016,2/8/2016,Standard Class,TB-21520,Tracy Blumstein,Consumer,United States,Phoenix,WA,15392,Central,FUR-FU-10002088,Furniture,Furnishings,Nu-Dell Float Frame 11 x 14 1/2,14.368,2,0.2,3.9512
2665,NEW-461-20260304121052,2016-09-26 00:00:00,2016-09-29 00:00:00,First Class,HF-14995,Herbert Flentye,Consumer,United States,Memphis,Tennessee,38109,South,FUR-TA-10004534,Furniture,Tables,Bevis 44 x 96 Conference Tables,452.09,3,0.4,-133.65
6792,CA-2016-162348,11/10/2016,11/15/2016,Standard Class,BF-11170,Ben Ferrer,Home Office,United States,Sacramento,California,95823,West,FUR-FU-10003731,Furniture,Furnishings,"Eldon Expressions Wood and Plastic Desk Accessories, Oak",9.98,1,0.0,2.7944
4810,CA-2015-151589,12/27/2015,12/30/2015,First Class,RE-19450,Richard Eichhorn,Consumer,United States,New York,TX,84495,West,OFF-PA-10003228,Office Supplies,Paper,Xerox 1917,195.64,4,0.0,91.9508
8539,CA-2015-157343,6/7/2015,6/11/2015,Standard Class,HD-14785,Harold Dahlen,Home Office,United States,Philadelphia,Pennsylvania,19143,East,OFF-AR-10003183,Office Supplies,Art,Avery Fluorescent Highlighter Four-Color Set,8.016,3,0.2,1.002
1767,CA-2016-110254,8/4/2016,8/8/2016,Standard Class,ML-17755,Max Ludwig,Home Office,United States,Seattle,CA,48448,East,OFF-LA-10002034,Office Supplies,Labels,Avery 478,9.82,2,0.0,4.8118
3666,CA-2014-129364,12/8/2014,12/13/2014,Standard Class,TB-21250,Tim Brockman,Consumer,United States,New York,WA,93254,Central,OFF-BI-10001132,Office Supplies,Binders,"Acco PRESSTEX Data Binder with Storage Hooks, Dark Blue, 9 1/2"" X 11""",6.456,4,0.7,-4.5192
7666,US-2016-140158,10/4/2016,10/8/2016,Standard Class,DR-12940,Daniel Raglin,Home Office,United States,Providence,Rhode Island,2908,East,OFF-BI-10000977,Office Supplies,Binders,Ibico Plastic Spiral Binding Combs,30.4,1,0.0,13.984
3162,CA-2014-153969,9/21/2014,9/25/2014,Standard Class,HF-14995,Herbert Flentye,Consumer,United States,San Francisco,California,94109,West,OFF-EN-10001539,Office Supplies,Envelopes,Staple envelope,15.56,2,0.0,7.3132
332,NEW-197-20260304121052,2016-07-10 00:00:00,2016-07-16 00:00:00,Second Class,JL-15850,John Lucas,Consumer,United States,Philadelphia,Pennsylvania,19134,East,TEC-PH-10004614,Technology,Phones,AT&T 841000 Phone,89.13,2,0.4,-22.69
9502,US-2015-158589,11/20/2015,11/24/2015,Standard Class,KW-16570,Kelly Williams,Consumer,United States,San Francisco,California,94109,West,FUR-FU-10001546,Furniture,Furnishings,Dana Swing-Arm Lamps,32.04,3,0.0,8.01
4952,NEW-27-20260304121052,2015-08-25 00:00:00,2015-08-31 00:00:00,Standard Class,NC-18415,Nathan Cano,Consumer,United States,Royal Oak,Michigan,48073,Central,OFF-PA-10000304,Office Supplies,Paper,Xerox 1995,13.38,2,0.0,5.27
8360,NEW-132-20260304121052,2014-06-19 00:00:00,2014-06-23 00:00:00,Standard Class,MM-18055,Michelle Moray,Consumer,United States,Great Falls,Montana,59405,West,TEC-AC-10003399,Technology,Accessories,Memorex Mini Travel Drive 64 GB USB 2.0 Flash Drive,192.88,6,0.0,120.52
9718,CA-2016-108210,5/30/2016,5/31/2016,Same Day,AT-10735,Annie Thurman,Consumer,United States,Houston,Texas,77041,Central,TEC-PH-10002293,Technology,Phones,Anker 36W 4-Port USB Wall Charger Travel Power Adapter for iPhone 5s 5c 5,79.96,5,0.2,7.996
3289,CA-2015-157770,12/13/2015,12/15/2015,First Class,RD-19585,Rob Dowd,Consumer,United States,Temecula,California,92592,West,OFF-BI-10000050,Office Supplies,Binders,"Angle-D Binders with Locking Rings, Label Holders",29.2,5,0.2,9.855
3068,CA-2017-106859,3/13/2017,3/18/2017,Second Class,BF-11215,Benjamin Farhat (corrected),Home Office,United States,Albuquerque,New Mexico,87105,West,OFF-PA-10001534,Office Supplies,Paper,Xerox_230,45.36,7,0.0,21.7728
8811,CA-2017-120614,5/30/2017,6/4/2017,Standard Class,SM-20950,Suzanne McNair,Corporate,United States,Los Angeles,California,90004,West,OFF-PA-10004911,Office Supplies,Paper,"Rediform_S.O.S._1-Up_Phone_Message_Bk,_4-1/4x3-1/16_Bk,_1_Form/Pg,_40_Messages/Bk,_3/Pk",37.52,4,0.0,18.0096
8477,CA-2017-134880,10/27/2017,11/1/2017,Standard Class,TW-21025,Tamara Willingham,Home Office,United States,Mesa,Arizona,85204,West,OFF-PA-10004039,Office Supplies,Paper,Xerox_1882,44.784,1,0.2,16.2342
6656,CA-2017-135937,2/20/2017,2/27/2017,Standard Class,KM-16375,Katherine Murray (corrected),Home Office,United States,Gilbert,Arizona,85234,West,TEC-AC-10001114,Technology,Accessories,Microsoft_Wireless_Mobile_Mouse_4000,31.992,1,0.2,4.7988
8358,CA-2014-110555,4/11/2014,4/18/2014,Standard Class,MM-18055,Michelle Moray,Consumer,United States,Great Falls,Montana,59405,West,OFF-ST-10000876,Office Supplies,Storage,Eldon_Simplefile_Box_Office,87.08,7,0.0,24.3824
2228,CA-2017-130771,7/29/2017,8/3/2017,Standard Class,LA-16780,Laura Armstrong,Corporate,United States,Austin,Texas,78745,Central,TEC-PH-10002496,Technology,Phones,Cisco SPA301,124.792,1,0.2,15.599
3319,CA-2015-165057,9/11/2015,9/15/2015,Standard Class,SC-20725,Steven Cartwright,Consumer,United States,Redlands,California,92374,West,OFF-LA-10003190,Office Supplies,Labels,Avery 474,8.64,3,0.0,4.2336
9215,US-2017-120908,9/30/2017,10/2/2017,First Class,BF-10975,Barbara Fisher,Corporate,United States,Philadelphia,Pennsylvania,19120,East,OFF-LA-10004677,Office Supplies,Labels,Self-Adhesive Address Labels for Typewriters with Dispenser Box,20.664,7,0.2,6.9741
4135,NEW-223-20260304121052,2014-11-30 00:00:00,2014-12-09 00:00:00,Standard Class,TT-21070,Ted Trevino,Consumer,United States,Chesapeake,Virginia,23320,South,TEC-MA-10000029,Technology,Machines,"Epson WorkForce WF-2530 All-in-One Printer, Copier Scanner",267.5,3,0.0,89.39
2490,CA-2015-141040,10/9/2015,10/13/2015,Second Class,TB-21250,Tim Brockman,Consumer,United States,Houston,IL,85807,Central,TEC-PH-10001835,Technology,Phones,Jawbone JAMBOX Wireless Bluetooth Speaker,631.96,4,0.0,303.3408
1529,CA-2015-148432,11/7/2015,11/10/2015,Second Class,MC-18130,Mike Caudle,Corporate,United States,Newark,Delaware,19711,East,OFF-FA-10004968,Office Supplies,Fasteners,Rubber_Band_Ball,26.18,7,0.0,0.5236
6967,CA-2016-157161,7/16/2016,7/20/2016,Second Class,JD-15895,Jonathan Doherty (corrected),Corporate,United States,Columbia,South Carolina,29203,South,OFF-BI-10002764,Office Supplies,Binders,Recycled_Pressboard_Report_Cover_with_Reinforced_Top_Hinge,6.46,2,0.0,3.1654
324,CA-2016-162138,4/23/2016,4/27/2016,Standard Class,GK-14620,Grace Kelly,Corporate,United States,Hesperia,California,92345,West,OFF-BI-10004593,Office Supplies,Binders,Ibico Laser Imprintable Binding System Covers,251.52,6,0.2,81.744
2901,NEW-103-20260304121052,2015-12-10 00:00:00,2015-12-18 00:00:00,Standard Class,PG-18895,Paul Gonzalez,Consumer,United States,New York City,New York,10035,East,OFF-LA-10001317,Office Supplies,Labels,Avery 520,11.89,4,0.0,6.22
3512,CA-2014-166863,6/20/2014,6/24/2014,Standard Class,SC-20020,Sam Craven,Consumer,United States,Los Angeles,CA,29511,Central,OFF-ST-10004123,Office Supplies,Storage,Safco Industrial Wire Shelving System,509.488,7,0.2,-127.372
2629,US-2017-165344,11/13/2017,11/15/2017,First Class,SB-20290,Sean Braxton,Corporate,United States,Springfield,Ohio,45503,East,TEC-MA-10002210,Technology,Machines,Epson TM-T88V Direct Thermal Printer - Monochrome - Desktop,652.995,7,0.7,-935.9595
7544,US-2017-112347,12/2/2017,12/6/2017,Standard Class,BS-11380,Bill Stewart,Corporate,United States,Phoenix,IL,51831,West,TEC-PH-10004833,Technology,Phones,Macally Suction Cup Mount,57.36,6,0.2,-14.34
8140,NEW-45-20260304121052,2016-11-29 00:00:00,2016-12-01 00:00:00,Standard Class,NK-18490,Neil Knudson,Home Office,United States,Philadelphia,Pennsylvania,19140,East,OFF-ST-10001476,Office Supplies,Storage,Steel Personal Filing/Posting Tote,247.06,10,0.2,23.42
4419,NEW-206-20260304121052,2015-05-10 00:00:00,2015-05-11 00:00:00,Standard Class,MH-17455,Mark Hamilton,Consumer,United States,Hamilton,Ohio,45011,East,FUR-FU-10003773,Furniture,Furnishings,Eldon Cleatmat Plus Chair Mats for High Pile Carpets,166.09,3,0.2,-25.08
7085,NEW-86-20260304121052,2017-11-21 00:00:00,2017-11-26 00:00:00,Second Class,AR-10825,Anthony Rawles,Corporate,United States,Concord,California,94521,West,TEC-PH-10002549,Technology,Phones,Polycom SoundPoint IP 450 VoIP phone,1507.7,9,0.2,131.45
3142,US-2014-122959,12/12/2014,12/12/2014,Same Day,CY-12745,Craig Yedwab,Corporate,United States,San Antonio,Texas,78207,Central,OFF-BI-10003650,Office Supplies,Binders,GBC_DocuBind_300_Electric_Binding_Machine,210.392,2,0.8,-336.6272
6529,CA-2014-146864,12/22/2014,12/26/2014,Standard Class,BT-11530,Bradley Talbott,Home Office,United States,Seattle,NY,50474,South,OFF-ST-10004946,Office Supplies,Storage,Desktop 3-Pocket Hot File,216.4,4,0.0,56.264
8196,CA-2015-136700,12/6/2015,12/11/2015,Second Class,DB-13120,David Bremer (corrected),Corporate,United States,Santa Barbara,California,93101,West,OFF-PA-10004519,Office Supplies,Paper,Spiral_Phone_Message_Books_with_Labels_by_Adams,8.96,2,0.0,4.3904
9301,US-2015-163433,4/18/2015,4/22/2015,Second Class,MP-17965,Michael Paige,Corporate,United States,Mcallen,Texas,78501,Central,FUR-CH-10000225,Furniture,Chairs,"Global_Geo_Office_Task_Chair,_Gray",56.686,1,0.3,-20.245
213,CA-2015-146262,1/2/2015,1/9/2015,Standard Class,VW-21775,Victoria Wilson,Corporate,United States,Medina,Ohio,44256,East,OFF-LA-10004544,Office Supplies,Labels,Avery 505,23.68,2,0.2,8.88
2328,CA-2015-105102,9/15/2015,9/19/2015,Second Class,BM-11575,Brendan Murry,Corporate,United States,Los Angeles,TX,64694,East,OFF-PA-10002365,Office Supplies,Paper,Xerox 1967,12.96,2,0.0,6.2208
5699,CA-2016-143441,11/5/2016,11/5/2016,Same Day,EB-14170,Evan Bailliet,Consumer,United States,Laredo,Texas,78041,Central,OFF-LA-10002312,Office Supplies,Labels,Avery 490,11.84,1,0.2,4.44
1514,CA-2017-112809,8/18/2017,8/22/2017,Standard Class,RA-19915,Russell Applegate,Consumer,United States,Dallas,Texas,75220,Central,OFF-BI-10001098,Office Supplies,Binders,Acco D-Ring Binder w/DublLock,21.38,5,0.8,-33.139
5300,CA-2016-106656,9/23/2016,9/26/2016,First Class,DV-13045,Darrin Van Huff,Corporate,United States,Seattle,TX,15868,West,OFF-LA-10003148,Office Supplies,Labels,Avery 51,18.9,3,0.0,8.694
256,US-2015-159982,11/28/2015,12/4/2015,Standard Class,DR-12880,Dan Reichenbach (corrected),Corporate,United States,Chicago,Illinois,60623,Central,OFF-ST-10004804,Office Supplies,Storage,"Belkin_19""_Vented_Equipment_Shelf,_Black",82.368,2,0.2,-19.5624
330,US-2016-141544,8/30/2016,9/1/2016,First Class,PO-18850,Patrick O'Brill,Consumer,United States,Houston,TX,84875,South,OFF-LA-10001074,Office Supplies,Labels,Round Specialty Laser Printer Labels,100.24,10,0.2,33.831
5871,CA-2016-128223,6/14/2016,6/14/2016,Same Day,EB-13705,Ed Braxton (corrected),Corporate,United States,Anaheim,California,92804,West,FUR-TA-10001771,Furniture,Tables,"Bush_Cubix_Conference_Tables,_Fully_Assembled",1293.488,7,0.2,80.843
8384,CA-2016-145135,11/26/2016,11/28/2016,First Class,CD-12790,Cynthia Delaney,Home Office,United States,Shelton,Connecticut,6484,East,TEC-AC-10003447,Technology,Accessories,Micropad Numeric Keypads,59.97,3,0.0,14.9925
2591,US-2016-115455,9/8/2016,9/14/2016,Standard Class,SE-20110,Sanjit Engle,Consumer,United States,Chicago,AZ,84121,East,FUR-FU-10004671,Furniture,Furnishings,"Executive Impressions 12"" Wall Clock",14.136,2,0.6,-7.7748
8280,CA-2017-146192,4/22/2017,4/26/2017,Standard Class,BD-11725,Bruce Degenhardt,Consumer,United States,Columbus,Georgia,31907,South,OFF-ST-10003716,Office Supplies,Storage,Tennsco Double-Tier Lockers,675.06,3,0.0,87.7578
3085,NEW-439-20260304121052,2017-03-18 00:00:00,2017-03-21 00:00:00,Standard Class,TP-21415,Tom Prescott,Consumer,United States,Houston,Texas,77070,Central,OFF-BI-10004584,Office Supplies,Binders,GBC ProClick 150 Presentation Binding System,244.91,4,0.8,-323.8
8700,CA-2017-119284,6/15/2017,6/20/2017,Standard Class,TS-21205,Thomas Seio,Corporate,United States,Nashville,Tennessee,37211,South,TEC-PH-10000560,Technology,Phones,Samsung Galaxy S III - 16GB - pebble blue (T-Mobile),2239.936,8,0.2,223.9936
2480,CA-2017-141992,6/19/2017,6/25/2017,Standard Class,FO-14305,Frank Olsen,Consumer,United States,Dallas,Texas,75220,Central,OFF-SU-10002557,Office Supplies,Supplies,Fiskars_Spring-Action_Scissors,11.184,1,0.2,0.8388
1104,US-2017-145863,4/21/2017,4/27/2017,Standard Class,RP-19390,Resi Pölking,Consumer,United States,Houston,Texas,77041,Central,OFF-BI-10002049,Office Supplies,Binders,UniKeep View Case Binders,2.934,3,0.8,-4.9878
5891,CA-2016-146157,11/21/2016,11/26/2016,Standard Class,RD-19720,Roger Demir,Consumer,United States,Chicago,Illinois,60610,Central,OFF-PA-10001790,Office Supplies,Paper,Xerox 1910,38.432,1,0.2,13.4512
4887,NEW-366-20260304121052,2017-02-15 00:00:00,2017-02-16 00:00:00,Second Class,RF-19345,Randy Ferguson,Corporate,United States,Marietta,Georgia,30062,South,FUR-CH-10004477,Furniture,Chairs,"Global Push Button Manager's Chair, Indigo",173.76,3,0.0,54.17
8470,US-2017-132031,4/23/2017,4/27/2017,Standard Class,PN-18775,Parhena Norris (corrected),Home Office,United States,Clarksville,Tennessee,37042,South,FUR-BO-10001972,Furniture,Bookcases,O'Sullivan_4-Shelf_Bookcase_in_Odessa_Pine,387.136,4,0.2,-14.5176
7783,CA-2016-162236,11/4/2016,11/6/2016,Second Class,ER-13855,Elpida Rittenbach,Corporate,United States,Charlotte,North Carolina,28205,South,OFF-ST-10003442,Office Supplies,Storage,Eldon Portable Mobile Manager,45.248,2,0.2,3.9592
9232,NEW-264-20260304121052,2015-05-26 00:00:00,2015-05-29 00:00:00,Standard Class,RP-19390,Resi Pölking,Consumer,United States,Phoenix,Arizona,85023,West,OFF-BI-10003650,Office Supplies,Binders,GBC DocuBind 300 Electric Binding Machine,1133.67,6,0.7,-598.22
6833,NEW-59-20260304121052,2016-01-04 00:00:00,2016-01-09 00:00:00,Standard Class,DP-13165,David Philippe,Consumer,United States,Chicago,Illinois,60610,Central,OFF-AR-10003183,Office Supplies,Art,Avery Fluorescent Highlighter Four-Color Set,7.18,3,0.2,1.0
4986,CA-2014-125171,9/3/2014,9/3/2014,Same Day,AG-10390,Allen Goldenen,Consumer,United States,New York City,New York,10009,East,OFF-LA-10001175,Office Supplies,Labels,Avery 514,14.4,5,0.0,7.056
6479,CA-2017-140872,6/3/2017,6/10/2017,Standard Class,NR-18550,Nick Radford,Consumer,United States,Pembroke Pines,Florida,33024,South,OFF-PA-10000809,Office Supplies,Paper,Xerox 206,15.552,3,0.2,5.4432
2102,NEW-83-20260304121052,2014-08-09 00:00:00,2014-08-18 00:00:00,Standard Class,KT-16480,Kean Thornton,Consumer,United States,Denver,Colorado,80219,West,OFF-AR-10001044,Office Supplies,Art,"BOSTON Ranger #55 Pencil Sharpener, Black",88.98,4,0.2,8.88
2340,NEW-358-20260304121052,2014-12-04 00:00:00,2014-12-07 00:00:00,Standard Class,JK-15625,Jim Karlsson,Consumer,United States,Columbus,Ohio,43229,East,OFF-AR-10004930,Office Supplies,Art,Turquoise Lead Holder with Pocket Clip,9.36,2,0.2,1.88
3616,NEW-76-20260304121052,2018-04-26 00:00:00,2018-05-02 00:00:00,First Class,SC-20770,Stewart Carmichael,Corporate,United States,San Antonio,Texas,78207,Central,OFF-AR-10001915,Office Supplies,Art,Peel-Off China Markers,27.49,4,0.2,12.8
7397,CA-2016-110975,12/25/2016,12/30/2016,Standard Class,DB-12970,Darren Budd,Corporate,United States,New York City,New York,10024,East,FUR-CH-10003746,Furniture,Chairs,Hon 4070 Series Pagoda Round Back Stacking Chairs,866.646,3,0.1,173.3292
5010,CA-2015-102876,9/7/2015,9/14/2015,Standard Class,LR-17035,Lisa Ryan,Corporate,United States,Philadelphia,Pennsylvania,19134,East,TEC-PH-10002680,Technology,Phones,Samsung Galaxy Note 3,791.964,6,0.4,-131.994
7213,US-2016-119046,6/2/2016,6/6/2016,Standard Class,EH-13765,Edward Hooks,Corporate,United States,Seattle,Washington,98115,West,OFF-BI-10000138,Office Supplies,Binders,Acco Translucent Poly Ring Binders,11.232,3,0.2,3.9312
9615,NEW-215-20260304121052,2015-02-06 00:00:00,2015-02-08 00:00:00,First Class,MZ-17515,Mary Zewe,Corporate,United States,Seattle,Washington,98115,West,TEC-AC-10002718,Technology,Accessories,Belkin Standard 104 key USB Keyboard,119.62,7,0.0,12.37
4662,NEW-102-20260304121052,2015-09-11 00:00:00,2015-09-19 00:00:00,Standard Class,SV-20785,Stewart Visinsky,Consumer,United States,Philadelphia,Pennsylvania,19140,East,FUR-CH-10002965,Furniture,Chairs,"Global Leather Highback Executive Chair with Pneumatic Height Adjustment, Black",756.41,6,0.3,-48.91
7992,NEW-444-20260304121052,2016-09-10 00:00:00,2016-09-17 00:00:00,First Class,VM-21835,Vivian Mathis,Consumer,United States,Boca Raton,Florida,33433,South,OFF-BI-10002082,Office Supplies,Binders,GBC Twin Loop Wire Binding Elements,46.16,4,0.7,-27.4
4162,NEW-52-20260304121052,2017-06-07 00:00:00,2017-06-13 00:00:00,Standard Class,AH-10465,Amy Hunt,Consumer,United States,New York City,New York,10035,East,OFF-ST-10002214,Office Supplies,Storage,X-Rack File for Hanging Folders,25.18,2,0.0,9.09
9735,CA-2014-114321,8/20/2014,8/25/2014,Standard Class,NC-18535,Nick Crebassa (corrected),Corporate,United States,Hampton,Virginia,23666,South,OFF-BI-10001359,Office Supplies,Binders,GBC_DocuBind_TL300_Electric_Binding_System,896.99,1,0.0,421.5853
5691,US-2015-138093,12/10/2015,12/16/2015,Standard Class,KM-16225,Kalyca Meade,Corporate,United States,Houston,NY,33367,East,OFF-AR-10000817,Office Supplies,Art,Manco Dry-Lighter Erasable Highlighter,27.36,9,0.0,9.3024
9704,CA-2017-147032,7/31/2017,8/4/2017,Standard Class,LB-16795,Laurel Beltran,Home Office,United States,Wilmington,Delaware,19805,East,OFF-BI-10003656,Office Supplies,Binders,Fellowes PB200 Plastic Comb Binding Machine,849.95,5,0.0,390.977
3375,CA-2015-161718,12/4/2015,12/10/2015,Standard Class,SO-20335,Sean O'Donnell,Consumer,United States,Phoenix,WA,80176,Central,FUR-CH-10002372,Furniture,Chairs,Office Star - Ergonomically Designed Knee Chair,364.41,5,0.1,8.098
6586,CA-2017-104731,7/21/2017,7/27/2017,Standard Class,AM-10705,Anne McFarland,Consumer,United States,Salem,Virginia,24153,South,FUR-FU-10003274,Furniture,Furnishings,Regeneration_Desk_Collection,8.8,5,0.0,3.872
6744,CA-2015-156923,2/16/2015,2/20/2015,Standard Class,SP-20860,Sung Pak,Corporate,United States,Dover,New Hampshire,3820,East,OFF-PA-10002751,Office Supplies,Paper,Xerox 1920,35.88,6,0.0,16.146
7082,CA-2016-106950,9/2/2016,9/6/2016,Standard Class,JE-15715,Joe Elijah,Consumer,United States,Charlotte,North Carolina,28205,South,TEC-AC-10002049,Technology,Accessories,Plantronics Savi W720 Multi-Device Wireless Headset System,1012.68,3,0.2,303.804
1968,CA-2017-165841,12/21/2017,12/28/2017,Standard Class,DB-13210,Dean Braden,Consumer,United States,Paterson,New Jersey,7501,East,OFF-SU-10000898,Office Supplies,Supplies,"Acme Hot Forged Carbon Steel Scissors with Nickel-Plated Handles, 3 7/8"" Cut, 8""L",69.5,5,0.0,20.155
6948,CA-2015-130365,4/25/2015,4/29/2015,Standard Class,ZC-21910,Zuschuss Carroll,Consumer,United States,Aurora,Illinois,60505,Central,OFF-ST-10002574,Office Supplies,Storage,"SAFCO Commercial Wire Shelving, Black",221.024,2,0.2,-55.256
7762,CA-2017-123071,12/3/2017,12/6/2017,First Class,CC-12550,Clay Cheatham,Consumer,United States,Plano,Texas,75023,Central,OFF-PA-10003729,Office Supplies,Paper,Xerox_1998,10.368,2,0.2,3.6288
1899,CA-2014-169775,8/29/2014,9/2/2014,Second Class,RA-19945,Ryan Akin,Consumer,United States,Miami,Florida,33178,South,OFF-BI-10004390,Office Supplies,Binders,GBC DocuBind 200 Manual Binding Machine,505.176,4,0.7,-336.784
1572,US-2014-157385,11/23/2014,11/25/2014,First Class,SC-20095,Sanjit Chand (corrected),Consumer,United States,Los Angeles,California,90004,West,OFF-EN-10003160,Office Supplies,Envelopes,Pastel_Pink_Envelopes,21.84,3,0.0,10.4832
3888,NEW-187-20260304121052,2014-08-04 00:00:00,2014-08-13 00:00:00,Standard Class,SV-20785,Stewart Visinsky,Consumer,United States,Roswell,Georgia,30076,South,OFF-AR-10004511,Office Supplies,Art,"Sanford Colorific Scented Colored Pencils, 12/Pack",11.61,2,0.0,3.73
4326,US-2015-147662,2/14/2015,2/19/2015,Standard Class,KB-16315,Karl Braun,Consumer,United States,Akron,Ohio,44312,East,TEC-AC-10003280,Technology,Accessories,Belkin F8E887 USB Wired Ergonomic Keyboard,71.976,3,0.2,0.8997
1181,NEW-176-20260304121052,2014-10-29 00:00:00,2014-11-02 00:00:00,Standard Class,DB-13060,Dave Brooks,Consumer,United States,Lakewood,New Jersey,8701,East,TEC-PH-10004539,Technology,Phones,Wireless Extenders zBoost YX545 SOHO Signal Booster,1756.56,7,0.0,547.17
6106,CA-2015-147011,6/18/2015,6/22/2015,Standard Class,HR-14830,Harold Ryan,Corporate,United States,Miami,Florida,33178,South,OFF-AR-10002399,Office Supplies,Art,"Dixon Prang Watercolor Pencils, 10-Color Set with Brush",13.632,4,0.2,3.5784
6366,CA-2017-144848,4/4/2017,4/5/2017,First Class,DS-13030,Darrin Sayre,Home Office,United States,New York City,New York,10009,East,TEC-PH-10004006,Technology,Phones,Panasonic KX - TS880B Telephone,41.22,1,0.0,11.1294
7890,NEW-452-20260304121052,2017-03-11 00:00:00,2017-03-13 00:00:00,Standard Class,TS-21655,Trudy Schmidt,Consumer,United States,Fayetteville,Arkansas,72701,South,OFF-AR-10003811,Office Supplies,Art,Newell 327,25.96,9,0.0,8.53
9667,CA-2017-157448,11/16/2017,11/20/2017,Standard Class,LC-16885,Lena Creighton,Consumer,United States,Los Angeles,California,90049,West,FUR-FU-10001847,Furniture,Furnishings,Eldon Image Series Black Desk Accessories,12.42,3,0.0,4.4712
8419,CA-2017-118199,5/9/2017,5/11/2017,First Class,LB-16795,Laurel Beltran (corrected),Home Office,United States,Seattle,Washington,98105,West,FUR-TA-10004154,Furniture,Tables,"Riverside_Furniture_Oval_Coffee_Table,_Oval_End_Table,_End_Table_with_Drawer",286.85,1,0.0,63.107
2063,CA-2014-106439,10/31/2014,11/4/2014,Standard Class,GG-14650,Greg Guthrie (corrected),Corporate,United States,Los Angeles,California,90049,West,OFF-PA-10000477,Office Supplies,Paper,Xerox_1952,64.74,13,0.0,30.4278
2623,CA-2014-164861,12/3/2014,12/6/2014,Second Class,MC-17635,Matthew Clasen,Corporate,United States,Saint Louis,Missouri,63116,Central,OFF-PA-10001972,Office Supplies,Paper,Xerox 214,25.92,4,0.0,12.4416
4795,CA-2015-144722,3/16/2015,3/23/2015,Standard Class,MF-18250,Monica Federle,Corporate,United States,Los Angeles,California,90036,West,FUR-FU-10001215,Furniture,Furnishings,"Howard Miller 11-1/2"" Diameter Brentwood Wall Clock",43.13,1,0.0,18.1146
1991,CA-2015-127509,11/9/2015,11/13/2015,Standard Class,AS-10090,Adam Shillingsburg,Consumer,United States,Seattle,TX,72705,West,OFF-PA-10002160,Office Supplies,Paper,Xerox 1978,17.34,3,0.0,8.4966
5205,CA-2015-102015,9/12/2015,9/18/2015,Standard Class,TM-21010,Tamara Manning,Consumer,United States,Auburn,New York,13021,East,OFF-AR-10004685,Office Supplies,Art,"Binney & Smith Crayola Metallic Colored Pencils, 8-Color Set",9.26,2,0.0,3.0558
3473,CA-2017-122644,11/12/2017,11/17/2017,Standard Class,SF-20965,Sylvia Foulston (corrected),Corporate,United States,Columbus,Ohio,43229,East,TEC-AC-10003614,Technology,Accessories,"Verbatim_25_GB_6x_Blu-ray_Single_Layer_Recordable_Disc,_10/Pack",18.544,2,0.2,3.0134
279,NEW-484-20260304121052,2018-02-10 00:00:00,2018-02-18 00:00:00,Standard Class,AG-10495,Andrew Gjertsen,Corporate,United States,Philadelphia,Pennsylvania,19140,East,OFF-ST-10000876,Office Supplies,Storage,Eldon Simplefile Box Office,60.82,6,0.2,8.4
7292,CA-2016-153661,1/30/2016,1/31/2016,First Class,SC-20725,Steven Cartwright,Consumer,United States,New York,IL,71927,South,OFF-LA-10004689,Office Supplies,Labels,Avery 512,26.01,9,0.0,12.2247
3087,CA-2017-118773,2/9/2017,2/14/2017,Standard Class,TP-21415,Tom Prescott,Consumer,United States,Houston,Texas,77070,Central,FUR-FU-10000550,Furniture,Furnishings,Stacking_Trays_by_OIC,3.984,2,0.6,-2.6892
4763,NEW-446-20260304121052,2016-12-31 00:00:00,2017-01-03 00:00:00,Standard Class,BM-11785,Bryan Mills,Consumer,United States,Columbus,Ohio,43229,East,OFF-SU-10001664,Office Supplies,Supplies,Acme Office Executive Series Stainless Steel Trimmers,12.67,2,0.2,0.74
1409,NEW-135-20260304121052,2016-10-13 00:00:00,2016-10-20 00:00:00,Standard Class,KD-16270,Karen Daniels,Consumer,United States,New York City,New York,10024,East,FUR-FU-10001967,Furniture,Furnishings,Telescoping Adjustable Floor Lamp,45.07,2,0.0,9.06
8150,NEW-200-20260304121052,2014-03-15 00:00:00,2014-03-18 00:00:00,First Class,CA-11965,Carol Adams,Corporate,United States,Rapid City,South Dakota,57701,Central,OFF-BI-10001758,Office Supplies,Binders,Wilson Jones 14 Line Acrylic Coated Pressboard Data Binders,10.61,2,0.0,7.16
3159,NEW-284-20260304121052,2016-08-27 00:00:00,2016-08-30 00:00:00,First Class,DB-13210,Dean Braden,Consumer,United States,Jacksonville,North Carolina,28540,South,OFF-ST-10001291,Office Supplies,Storage,"Tenex Personal Self-Stacking Standard File Box, Black/Gray",81.15,5,0.2,8.23
7675,CA-2015-130974,11/27/2015,11/29/2015,Second Class,MA-17560,Matt Abelman (corrected),Home Office,United States,Everett,Massachusetts,2149,East,FUR-TA-10004619,Furniture,Tables,Hon_Non-Folding_Utility_Tables,446.068,4,0.3,0.0
6738,CA-2016-123358,4/10/2016,4/17/2016,Standard Class,BT-11680,Brian Thompson,Consumer,United States,San Francisco,California,94122,West,OFF-ST-10000636,Office Supplies,Storage,Rogers_Profile_Extra_Capacity_Storage_Tub,150.66,9,0.0,6.0264
1286,NEW-361-20260304121052,2016-07-02 00:00:00,2016-07-11 00:00:00,Standard Class,GM-14500,Gene McClure,Consumer,United States,Providence,Rhode Island,2908,East,OFF-ST-10000617,Office Supplies,Storage,Woodgrain Magazine Files by Perma,13.77,5,0.0,1.14
4606,NEW-149-20260304121052,2015-10-04 00:00:00,2015-10-12 00:00:00,Second Class,BF-11170,Ben Ferrer,Home Office,United States,Jacksonville,North Carolina,28540,South,TEC-AC-10003628,Technology,Accessories,Logitech 910-002974 M325 Wireless Mouse for Web Scrolling,231.27,7,0.2,44.37
1471,CA-2017-139199,12/9/2017,12/13/2017,Standard Class,DK-12835,Damala Kotsonis,Corporate,United States,Detroit,Michigan,48234,Central,OFF-PA-10001293,Office Supplies,Paper,Xerox 1946,12.96,2,0.0,6.2208
5375,CA-2015-118738,10/24/2015,10/30/2015,Standard Class,AG-10495,Andrew Gjertsen,Corporate,United States,Houston,Texas,77041,Central,OFF-PA-10001166,Office Supplies,Paper,Xerox 2,10.368,2,0.2,3.6288
3899,CA-2017-102267,11/30/2017,12/4/2017,Standard Class,SC-20800,Stuart Calhoun,Consumer,United States,Edinburg,Texas,78539,Central,OFF-FA-10000611,Office Supplies,Fasteners,Binder Clips by OIC,2.368,2,0.2,0.8288
4035,NEW-121-20260304121052,2017-01-04 00:00:00,2017-01-07 00:00:00,Same Day,JM-15655,Jim Mitchum,Corporate,United States,Lorain,Ohio,44052,East,OFF-BI-10003982,Office Supplies,Binders,Wilson Jones Century Plastic Molded Ring Binders,23.06,3,0.7,-17.53
1573,NEW-478-20260304121052,2015-05-07 00:00:00,2015-05-10 00:00:00,First Class,SC-20095,Sanjit Chand,Consumer,United States,Los Angeles,California,90004,West,TEC-AC-10003280,Technology,Accessories,Belkin F8E887 USB Wired Ergonomic Keyboard,33.51,1,0.0,8.3
825,US-2014-102071,5/9/2014,5/15/2014,Standard Class,PG-18820,Patrick Gardner,Consumer,United States,San Francisco,California,94110,West,TEC-AC-10003441,Technology,Accessories,Kingston_Digital_DataTraveler_32GB_USB_2.0,67.8,4,0.0,4.068
4429,CA-2017-119452,3/21/2017,3/27/2017,Standard Class,CL-12565,Clay Ludtke,Consumer,United States,Tulsa,Oklahoma,74133,Central,FUR-CH-10004495,Furniture,Chairs,"Global Leather and Oak Executive Chair, Black",1805.88,6,0.0,523.7052
5032,CA-2017-139304,1/29/2017,2/2/2017,Standard Class,VG-21790,Vivek Gonzalez,Consumer,United States,Seattle,WA,16849,West,OFF-BI-10002498,Office Supplies,Binders,Clear Mylar Reinforcing Strips,119.616,8,0.2,40.3704
6912,CA-2017-168942,8/1/2017,8/5/2017,Second Class,EM-13960,Eric Murdock,Consumer,United States,San Francisco,California,94109,West,OFF-ST-10004340,Office Supplies,Storage,"Fellowes Mobile File Cart, Black",186.54,3,0.0,50.3658
6923,CA-2015-134257,3/16/2015,3/19/2015,Second Class,MS-17710,Maurice Satty,Consumer,United States,Auburn,Alabama,36830,South,OFF-LA-10003930,Office Supplies,Labels,"Dot Matrix Printer Tape Reel Labels, White, 5000/Box",491.55,5,0.0,240.8595
4617,CA-2015-159863,9/4/2015,9/7/2015,Second Class,DS-13180,David Smith,Corporate,United States,Phoenix,AZ,49434,West,TEC-AC-10000109,Technology,Accessories,Sony Micro Vault Click 16 GB USB 2.0 Flash Drive,134.376,3,0.2,6.7188
5266,NEW-412-20260304121052,2017-12-31 00:00:00,2018-01-08 00:00:00,First Class,CS-11845,Cari Sayre,Corporate,United States,Seattle,Washington,98103,West,OFF-PA-10001838,Office Supplies,Paper,"Adams Telephone Message Book W/Dividers/Space For Phone Numbers, 5 1/4""X8 1/2"", 300/Messages",10.88,2,0.0,5.05
8750,US-2015-163825,6/16/2015,6/19/2015,First Class,LC-16885,Lena Creighton,Consumer,United States,New York City,New York,10009,East,OFF-BI-10003527,Office Supplies,Binders,Fellowes PB500 Electric Punch Plastic Comb Binding Machine with Manual Bind,3050.376,3,0.2,1143.891
841,NEW-327-20260304121052,2015-12-29 00:00:00,2015-12-30 00:00:00,Standard Class,BM-11650,Brian Moss,Corporate,United States,New York City,New York,10035,East,OFF-AR-10002578,Office Supplies,Art,Newell 335,12.06,4,0.0,4.65
7935,CA-2017-166093,8/17/2017,8/24/2017,Standard Class,RW-19540,Rick Wilson,Corporate,United States,Brentwood,California,94513,West,TEC-PH-10002564,Technology,Phones,OtterBox Defender Series Case - Samsung Galaxy S4,71.976,3,0.2,8.997
5058,NEW-0-20260304121052,2015-10-15 00:00:00,2015-10-17 00:00:00,First Class,NM-18520,Neoma Murray,Consumer,United States,Moreno Valley,California,92553,West,OFF-ST-10002486,Office Supplies,Storage,Eldon Shelf Savers Cubes and Bins,56.91,6,0.0,0.64
902,CA-2017-150959,11/11/2017,11/13/2017,First Class,TD-20995,Tamara Dahlen,Consumer,United States,Garland,Texas,75043,Central,OFF-BI-10001510,Office Supplies,Binders,Deluxe Heavy-Duty Vinyl Round Ring Binder,18.336,4,0.8,-32.088
9328,US-2017-130687,9/7/2017,9/10/2017,First Class,PF-19225,Phillip Flathmann,Consumer,United States,Edmonds,Washington,98026,West,TEC-PH-10002033,Technology,Phones,Konftel 250 Conference phone - Charcoal black,455.712,2,0.2,34.1784
9492,CA-2017-111738,1/3/2017,1/7/2017,Standard Class,CM-12385,Christopher Martinez,Consumer,United States,San Francisco,California,94110,West,OFF-AR-10000817,Office Supplies,Art,Manco Dry-Lighter Erasable Highlighter,9.12,3,0.0,3.1008
9692,CA-2015-130183,11/13/2015,11/17/2015,Standard Class,PO-18850,Patrick O'Brill,Consumer,United States,Houston,Texas,77041,Central,FUR-BO-10001811,Furniture,Bookcases,"Atlantic Metals Mobile 5-Shelf Bookcases, Custom Colors",613.9992,3,0.32,-18.0588
5798,CA-2014-124856,9/29/2014,10/3/2014,Second Class,LD-17005,Lisa DeCherney,Consumer,United States,Los Angeles,TX,81752,West,OFF-LA-10000121,Office Supplies,Labels,Avery 48,18.9,3,0.0,8.694
5855,CA-2015-112214,8/5/2015,8/11/2015,Standard Class,AH-10690,Anna Häberlin,Corporate,United States,Seattle,AZ,33390,West,OFF-ST-10001505,Office Supplies,Storage,"Perma STOR-ALL Hanging File Box, 13 1/8""W x 12 1/4""D x 10 1/2""H",33.488,7,0.2,-1.2558
3355,US-2014-150434,7/19/2014,7/24/2014,Standard Class,CA-12310,Christine Abelman,Corporate,United States,Bristol,Connecticut,6010,East,FUR-TA-10004152,Furniture,Tables,"Barricks_18""_x_48""_Non-Folding_Utility_Table_with_Bottom_Storage_Shelf",70.56,1,0.3,-4.032
3394,CA-2014-105340,11/22/2014,11/25/2014,First Class,EH-14185,Evan Henry,Consumer,United States,Pasadena,Texas,77506,Central,OFF-BI-10001765,Office Supplies,Binders,Wilson Jones Heavy-Duty Casebound Ring Binders with Metal Hinges,6.928,1,0.8,-11.0848
6306,CA-2016-163328,11/4/2016,11/6/2016,Second Class,TP-21565,Tracy Poddar,Corporate,United States,Los Angeles,CA,31370,East,OFF-SU-10002301,Office Supplies,Supplies,Serrated Blade or Curved Handle Hand Letter Openers,17.584,7,0.2,-4.1762
9624,CA-2017-137449,6/29/2017,6/30/2017,First Class,ME-17725,Max Engle,Consumer,United States,Dallas,Texas,75220,Central,OFF-AP-10000240,Office Supplies,Appliances,Belkin F9G930V10-GRY 9 Outlet Surge,21.392,2,0.8,-54.5496
8130,NEW-58-20260304121052,2014-11-23 00:00:00,2014-12-02 00:00:00,First Class,JD-15895,Jonathan Doherty,Corporate,United States,Riverside,California,92503,West,TEC-AC-10000023,Technology,Accessories,"Maxell 74 Minute CD-R Spindle, 50/Pack",43.71,2,0.0,18.26
3023,CA-2015-123568,11/8/2015,11/14/2015,Standard Class,SC-20095,Sanjit Chand,Consumer,United States,West Jordan,Utah,84084,West,OFF-BI-10001510,Office Supplies,Binders,Deluxe Heavy-Duty Vinyl Round Ring Binder,91.68,5,0.2,28.65
4215,CA-2016-164637,3/4/2016,3/8/2016,Standard Class,RD-19480,Rick Duston,Consumer,United States,Mishawaka,Indiana,46544,Central,OFF-BI-10003876,Office Supplies,Binders,"Green Canvas Binder for 8-1/2"" x 14"" Sheets",128.4,3,0.0,64.2
6507,US-2016-128909,10/9/2016,10/11/2016,Second Class,SP-20545,Sibella Parks,Corporate,United States,Chicago,NY,17559,East,OFF-PA-10001593,Office Supplies,Paper,Xerox 1947,19.136,4,0.2,5.98
9132,CA-2017-100055,5/28/2017,6/1/2017,Standard Class,MD-17860,Michael Dominguez,Corporate,United States,Laurel,Maryland,20707,East,FUR-FU-10001473,Furniture,Furnishings,DAX Wood Document Frame,27.46,2,0.0,9.8856
6998,NEW-281-20260304121052,2018-01-28 00:00:00,2018-01-31 00:00:00,Second Class,JB-15400,Jennifer Braxton,Corporate,United States,Rockford,Illinois,61107,Central,OFF-PA-10004475,Office Supplies,Paper,Xerox 1940,163.13,4,0.2,72.9
7885,CA-2017-118017,12/3/2017,12/6/2017,Second Class,LC-16870,Lena Cacioppo,Consumer,United States,Thornton,Colorado,80229,West,OFF-SU-10004782,Office Supplies,Supplies,"Elite 5"" Scissors",47.32,7,0.2,5.915
7435,NEW-8-20260304121052,2016-01-15 00:00:00,2016-01-20 00:00:00,Standard Class,BP-11095,Bart Pistole,Corporate,United States,Oxnard,California,93030,West,OFF-BI-10000605,Office Supplies,Binders,"Acco Pressboard Covers with Storage Hooks, 9 1/2"" x 11"", Executive Red",8.0,3,0.2,2.39
5277,CA-2017-147333,12/14/2017,12/20/2017,Standard Class,KL-16555,Kelly Lampkin (corrected),Corporate,United States,Fayetteville,Arkansas,72701,South,TEC-AC-10003038,Technology,Accessories,Kingston_Digital_DataTraveler_16GB_USB_2.0,44.75,5,0.0,8.5025
4933,CA-2015-106978,9/28/2015,10/4/2015,Standard Class,ZC-21910,Zuschuss Carroll,Consumer,United States,Aurora,Colorado,80013,West,OFF-EN-10004483,Office Supplies,Envelopes,"#10 White Business Envelopes,4 1/8 x 9 1/2",12.536,1,0.2,4.2309
9662,CA-2016-160717,6/6/2016,6/11/2016,Standard Class,ME-17320,Maria Etezadi,Home Office,United States,Santa Barbara,California,93101,West,TEC-AC-10002134,Technology,Accessories,Rosewill 107 Normal Keys USB Wired Standard Keyboard,26.96,2,0.0,3.7744
805,CA-2017-135783,4/22/2017,4/24/2017,First Class,GM-14440,Gary McGarr,Consumer,United States,Houston,WA,47350,West,FUR-FU-10000794,Furniture,Furnishings,"Eldon Stackable Tray, Side-Load, Legal, Smoke",18.28,2,0.0,6.2152
1394,CA-2017-124828,7/3/2017,7/4/2017,First Class,YS-21880,Yana Sorensen,Corporate,United States,Burlington,North Carolina,27217,South,OFF-AR-10003514,Office Supplies,Art,4009 Highlighters by Sanford,9.552,3,0.2,1.5522
553,CA-2017-112774,9/11/2017,9/12/2017,First Class,RC-19960,Ryan Crowe,Consumer,United States,Seattle,CA,35660,Central,FUR-FU-10003039,Furniture,Furnishings,"Howard Miller 11-1/2"" Diameter Grantwood Wall Clock",34.504,1,0.2,6.0382
3258,US-2016-161844,12/9/2016,12/14/2016,Second Class,DK-12835,Damala Kotsonis,Corporate,United States,Franklin,Tennessee,37064,South,FUR-TA-10001676,Furniture,Tables,Hon 61000 Series Interactive Training Tables,79.974,3,0.4,-29.3238
5544,CA-2016-134936,12/19/2016,12/25/2016,Standard Class,ES-14080,Erin Smith (corrected),Corporate,United States,Tucson,Arizona,85705,West,OFF-BI-10000174,Office Supplies,Binders,"Wilson_Jones_Clip_&_Carry_Folder_Binder_Tool_for_Ring_Binders,_Clear",10.44,6,0.7,-7.656
9831,CA-2014-113257,12/16/2014,12/18/2014,Second Class,SC-20305,Sean Christensen,Consumer,United States,Beaumont,Texas,77705,Central,TEC-AC-10004171,Technology,Accessories,Razer Kraken 7.1 Surround Sound Over Ear USB Gaming Headset,319.968,4,0.2,95.9904
5956,CA-2014-155796,11/11/2014,11/15/2014,Second Class,TS-21430,Tom Stivers,Corporate,United States,Reading,Pennsylvania,19601,East,FUR-BO-10002545,Furniture,Bookcases,"Atlantic Metals Mobile 3-Shelf Bookcases, Custom Colors",521.96,4,0.5,-250.5408
7057,CA-2016-165330,12/11/2016,12/11/2016,Same Day,WB-21850,William Brown (corrected),Consumer,United States,Anaheim,California,92804,West,OFF-BI-10004001,Office Supplies,Binders,GBC_Recycled_VeloBinder_Covers,122.688,9,0.2,39.8736
1912,CA-2017-121503,7/3/2017,7/6/2017,Second Class,FH-14275,Frank Hawley,Corporate,United States,Houston,Texas,77041,Central,OFF-PA-10001878,Office Supplies,Paper,Xerox 1891,273.896,7,0.2,92.4399
6077,CA-2016-151561,9/1/2016,9/7/2016,Standard Class,PG-18820,Patrick Gardner,Consumer,United States,New York City,New York,10011,East,TEC-AC-10001432,Technology,Accessories,Enermax Aurora Lite Keyboard,468.9,6,0.0,206.316
6458,CA-2014-110065,8/5/2014,8/11/2014,Standard Class,SP-20650,Stephanie Phelps,Corporate,United States,New York City,New York,10009,East,OFF-AR-10004165,Office Supplies,Art,"Binney_&_Smith_inkTank_Erasable_Pocket_Highlighter,_Chisel_Tip,_Yellow",15.96,7,0.0,7.0224
7304,US-2017-117450,9/4/2017,9/8/2017,Standard Class,DO-13645,Doug O'Connell,Consumer,United States,Boynton Beach,Florida,33437,South,FUR-CH-10003817,Furniture,Chairs,"Global Value Steno Chair, Gray",97.184,2,0.2,6.074
472,CA-2014-144666,11/9/2014,11/11/2014,Second Class,JP-15520,Jeremy Pistek,Consumer,United States,San Francisco,California,94110,West,OFF-ST-10002743,Office Supplies,Storage,SAFCO Boltless Steel Shelving,340.92,3,0.0,3.4092
7190,CA-2016-164399,11/12/2016,11/15/2016,First Class,DW-13480,Dianna Wilson,Home Office,United States,San Diego,California,92024,West,TEC-PH-10004908,Technology,Phones,Panasonic KX TS3282W Corded phone,203.976,3,0.2,25.497
9820,NEW-85-20260304121052,2015-12-01 00:00:00,2015-12-09 00:00:00,Standard Class,AG-10495,Andrew Gjertsen,Corporate,United States,Saint Petersburg,Florida,33710,South,OFF-LA-10001982,Office Supplies,Labels,Smead Alpha-Z Color-Coded Name Labels First Letter Starter Set,9.67,3,0.2,2.75
1800,CA-2016-121034,8/8/2016,8/10/2016,Second Class,JF-15565,Jill Fjeld,Consumer,United States,Dallas,Texas,75081,Central,OFF-FA-10000585,Office Supplies,Fasteners,OIC Bulk Pack Metal Binder Clips,11.168,4,0.2,3.6296
6033,CA-2017-104010,4/23/2017,4/25/2017,First Class,TD-20995,Tamara Dahlen,Consumer,United States,New York City,New York,10011,East,OFF-SU-10001218,Office Supplies,Supplies,Fiskars Softgrip Scissors,54.9,5,0.0,15.372
9548,CA-2016-131744,6/18/2016,6/20/2016,Second Class,SC-20770,Stewart Carmichael,Corporate,United States,Philadelphia,Pennsylvania,19134,East,OFF-PA-10004610,Office Supplies,Paper,Xerox 1900,6.848,2,0.2,2.14
3342,CA-2016-145982,8/27/2016,9/1/2016,Second Class,TB-21055,Ted Butterfield,Consumer,United States,Quincy,Massachusetts,2169,East,OFF-PA-10000675,Office Supplies,Paper,Xerox 1919,122.97,3,0.0,60.2553
4848,CA-2014-164469,6/25/2014,6/27/2014,Second Class,GK-14620,Grace Kelly,Corporate,United States,Salem,Oregon,97301,West,OFF-AR-10003478,Office Supplies,Art,"Avery Hi-Liter EverBold Pen Style Fluorescent Highlighters, 4/Pack",71.632,11,0.2,17.908
1889,NEW-476-20260304121052,2015-02-27 00:00:00,2015-03-04 00:00:00,First Class,TB-21520,Tracy Blumstein,Consumer,United States,Fairfield,Ohio,45014,East,OFF-AP-10004708,Office Supplies,Appliances,Fellowes Superior 10 Outlet Split Surge Protector,129.62,4,0.2,17.3
1066,CA-2015-161263,4/16/2015,4/21/2015,Standard Class,TS-21160,Theresa Swint (corrected),Corporate,United States,Toledo,Ohio,43615,East,OFF-FA-10003059,Office Supplies,Fasteners,Assorted_Color_Push_Pins,1.448,1,0.2,0.2353
2350,CA-2017-109701,12/2/2017,12/3/2017,Same Day,AM-10360,Alice McCarthy,Corporate,United States,Chicago,TX,90287,East,OFF-BI-10000632,Office Supplies,Binders,Satellite Sectional Post Binders,69.456,2,0.2,22.5732
2162,NEW-112-20260304121052,2016-02-29 00:00:00,2016-03-04 00:00:00,Standard Class,DW-13480,Dianna Wilson,Home Office,United States,Oakland,California,94601,West,OFF-AR-10003696,Office Supplies,Art,Panasonic KP-350BK Electric Pencil Sharpener with Auto Stop,42.47,1,0.0,11.27
214,CA-2015-146262,1/2/2015,1/9/2015,Standard Class,VW-21775,Victoria Wilson,Corporate,United States,Houston,IL,20832,West,FUR-BO-10004695,Furniture,Bookcases,O'Sullivan 2-Door Barrister Bookcase in Odessa Pine,452.45,5,0.5,-244.323
1956,NEW-129-20260304121052,2017-10-25 00:00:00,2017-11-02 00:00:00,Standard Class,AC-10615,Ann Chong,Corporate,United States,New York City,New York,10009,East,TEC-AC-10002842,Technology,Accessories,WD My Passport Ultra 2TB Portable External Hard Drive,228.68,2,0.0,51.95
3035,US-2015-123960,6/11/2015,6/16/2015,Standard Class,BD-11605,Brian Dahlen,Consumer,United States,Monroe,Louisiana,71203,South,TEC-AC-10003038,Technology,Accessories,Kingston Digital DataTraveler 16GB USB 2.0,53.7,6,0.0,10.203
9470,NEW-263-20260304121052,2018-04-28 00:00:00,2018-05-06 00:00:00,Second Class,CD-12280,Christina DeMoss,Consumer,United States,New York City,New York,10024,East,OFF-PA-10004071,Office Supplies,Paper,"Eaton Premium Continuous-Feed Paper, 25% Cotton, Letter Size, White, 1000 Shts/Box",141.0,2,0.0,41.55
6027,CA-2017-136007,2/23/2017,3/2/2017,Standard Class,AC-10615,Ann Chong,Corporate,United States,Seattle,Washington,98115,West,OFF-FA-10002701,Office Supplies,Fasteners,Alliance Rubber Bands,8.4,5,0.0,0.336
9365,NEW-111-20260304121052,2017-08-03 00:00:00,2017-08-12 00:00:00,Standard Class,PS-18970,Paul Stevenson,Home Office,United States,Seattle,Washington,98105,West,OFF-ST-10001809,Office Supplies,Storage,Fellowes Officeware Wire Shelving,431.08,4,0.0,6.12
3639,CA-2016-145177,11/10/2016,11/14/2016,Standard Class,PP-18955,Paul Prost,Home Office,United States,Springfield,Ohio,45503,East,FUR-FU-10000758,Furniture,Furnishings,DAX_Natural_Wood-Tone_Poster_Frame,148.288,7,0.2,29.6576
818,CA-2014-140858,6/28/2014,7/2/2014,Standard Class,CA-12775,Cynthia Arntzen,Consumer,United States,Philadelphia,Pennsylvania,19140,East,OFF-PA-10000304,Office Supplies,Paper,Xerox 1995,41.472,8,0.2,14.5152
4525,CA-2014-107454,11/2/2014,11/6/2014,Standard Class,RD-19720,Roger Demir (corrected),Consumer,United States,New York City,New York,10024,East,FUR-FU-10004018,Furniture,Furnishings,Tensor_Computer_Mounted_Lamp,89.34,6,0.0,24.1218
5588,NEW-118-20260304121052,2015-06-19 00:00:00,2015-06-23 00:00:00,First Class,GA-14725,Guy Armstrong,Consumer,United States,Lancaster,California,93534,West,OFF-FA-10001561,Office Supplies,Fasteners,Stockwell Push Pins,14.96,5,0.0,3.41
8774,CA-2015-132276,2/23/2015,2/28/2015,Standard Class,LC-16960,Lindsay Castell,Home Office,United States,New York City,New York,10024,East,OFF-AP-10000804,Office Supplies,Appliances,Hoover Portapower Portable Vacuum,26.88,6,0.0,6.72
4023,CA-2014-154963,6/22/2014,6/27/2014,Standard Class,AA-10645,Anna Andreadi,Consumer,United States,Chester,Pennsylvania,19013,East,FUR-CH-10000454,Furniture,Chairs,"Hon Deluxe Fabric Upholstered Stacking Chairs, Rounded Back",853.93,5,0.3,0.0
22,CA-2016-137330,12/9/2016,12/13/2016,Standard Class,KB-16585,Ken Black,Corporate,United States,Houston,IL,70342,East,OFF-AR-10000246,Office Supplies,Art,Newell 318,19.46,7,0.0,5.0596
128,NEW-459-20260304121052,2017-12-22 00:00:00,2017-12-28 00:00:00,Standard Class,TS-21610,Troy Staebel,Consumer,United States,Phoenix,Arizona,85023,West,OFF-ST-10002974,Office Supplies,Storage,"Trav-L-File Heavy-Duty Shuttle II, Black",274.8,7,0.2,28.19
8213,CA-2016-116337,11/7/2016,11/12/2016,Standard Class,MC-17845,Michael Chen (corrected),Consumer,United States,Dallas,Texas,75220,Central,OFF-ST-10001272,Office Supplies,Storage,"Mini_13-1/2_Capacity_Data_Binder_Rack,_Pearl",314.088,3,0.2,19.6305
3553,NEW-471-20260304121052,2016-05-30 00:00:00,2016-06-03 00:00:00,Second Class,ME-17320,Maria Etezadi,Home Office,United States,Chicago,Illinois,60653,Central,TEC-PH-10001254,Technology,Phones,Jabra BIZ 2300 Duo QD Duo Corded Headset,913.24,8,0.2,55.01
5402,CA-2017-132262,9/21/2017,9/23/2017,First Class,ML-18265,Muhammed Lee (corrected),Consumer,United States,Seattle,Washington,98103,West,TEC-AC-10000303,Technology,Accessories,Logitech_M510_Wireless_Mouse,79.98,2,0.0,26.3934
3069,CA-2017-106859,3/13/2017,3/18/2017,Second Class,BF-11215,Benjamin Farhat,Home Office,United States,Albuquerque,New Mexico,87105,West,OFF-PA-10001815,Office Supplies,Paper,Xerox 1885,288.24,6,0.0,138.3552
3767,CA-2016-163153,3/21/2016,3/25/2016,Standard Class,DM-12955,Dario Medina,Corporate,United States,Houston,Texas,77036,Central,OFF-AR-10001868,Office Supplies,Art,Prang_Dustless_Chalk_Sticks,1.344,1,0.2,0.504
2151,US-2017-139969,11/19/2017,11/26/2017,Standard Class,AF-10870,Art Ferguson,Consumer,United States,College Station,Texas,77840,Central,FUR-CH-10001973,Furniture,Chairs,Office Star Flex Back Scooter Chair with White Frame,233.058,3,0.3,-53.2704
5105,CA-2015-167374,3/26/2015,3/30/2015,Second Class,GM-14500,Gene McClure (corrected),Consumer,United States,Philadelphia,Pennsylvania,19140,East,TEC-AC-10004633,Technology,Accessories,"Verbatim_25_GB_6x_Blu-ray_Single_Layer_Recordable_Disc,_3/Pack",16.776,3,0.2,5.0328
1301,CA-2016-137043,12/23/2016,12/25/2016,Second Class,LC-17140,Logan Currie,Consumer,United States,New York,NY,30185,Central,FUR-FU-10003664,Furniture,Furnishings,"Electrix Architect's Clamp-On Swing Arm Lamp, Black",572.76,6,0.0,166.1004
8059,CA-2015-121188,8/28/2015,9/4/2015,Standard Class,CB-12025,Cassandra Brandow,Consumer,United States,Phoenix,IL,14717,West,TEC-PH-10003589,Technology,Phones,invisibleSHIELD by ZAGG Smudge-Free Screen Protector,43.176,3,0.2,15.1116
5864,CA-2016-101525,5/1/2016,5/4/2016,Second Class,CM-12235,Chris McAfee,Consumer,United States,Little Rock,Arkansas,72209,South,OFF-AR-10000716,Office Supplies,Art,DIXON Ticonderoga Erasable Checking Pencils,11.16,2,0.0,4.3524
2911,CA-2015-118444,11/5/2015,11/9/2015,Standard Class,VD-21670,Valerie Dominguez,Consumer,United States,Coral Springs,Florida,33065,South,OFF-AP-10000576,Office Supplies,Appliances,"Belkin 325VA UPS Surge Protector, 6'",387.136,4,0.2,24.196
1396,NEW-397-20260304121052,2017-12-17 00:00:00,2017-12-22 00:00:00,Standard Class,CK-12760,Cyma Kinney,Corporate,United States,Aurora,Illinois,60505,Central,FUR-TA-10001676,Furniture,Tables,Hon 61000 Series Interactive Training Tables,72.81,3,0.5,-33.29
3312,NEW-343-20260304121052,2016-04-09 00:00:00,2016-04-11 00:00:00,Second Class,AH-10030,Aaron Hawkins,Corporate,United States,Gulfport,Mississippi,39503,South,FUR-FU-10003691,Furniture,Furnishings,"Eldon Image Series Desk Accessories, Ebony",115.0,7,0.0,49.64
4716,US-2015-122910,5/12/2015,5/16/2015,Standard Class,LT-16765,Larry Tron,Consumer,United States,Louisville,Colorado,80027,West,TEC-PH-10000441,Technology,Phones,VTech DS6151,201.584,2,0.2,20.1584
5585,CA-2017-105333,11/30/2017,12/4/2017,Standard Class,VP-21730,Victor Preis,Home Office,United States,New York City,New York,10011,East,OFF-ST-10002182,Office Supplies,Storage,"Iris 3-Drawer Stacking Bin, Black",83.56,4,0.0,1.6712
2811,CA-2015-135685,11/16/2015,11/18/2015,Second Class,MP-18175,Mike Pelletier,Home Office,United States,Milwaukee,Wisconsin,53209,Central,OFF-PA-10000157,Office Supplies,Paper,Xerox 191,179.82,9,0.0,84.5154
8284,CA-2015-154284,12/21/2015,12/26/2015,Second Class,SZ-20035,Sam Zeldin,Home Office,United States,Saint Charles,Illinois,60174,Central,OFF-AR-10001468,Office Supplies,Art,"Sanford Prismacolor Professional Thick Lead Art Pencils, 36-Color Set",59.904,2,0.2,14.2272
7629,US-2015-159499,11/21/2015,11/23/2015,Second Class,EM-14095,Eudokia Martin,Corporate,United States,Phoenix,Arizona,85023,West,OFF-LA-10003121,Office Supplies,Labels,Avery 506,16.52,5,0.2,5.369
2048,CA-2016-131835,7/17/2016,7/21/2016,Standard Class,MC-17590,Matt Collister (corrected),Corporate,United States,Perth Amboy,New Jersey,8861,East,OFF-PA-10004071,Office Supplies,Paper,"Eaton_Premium_Continuous-Feed_Paper,_25%_Cotton,_Letter_Size,_White,_1000_Shts/Box",55.48,1,0.0,26.6304
984,CA-2014-163419,11/11/2014,11/14/2014,Second Class,TZ-21580,Tracy Zic,Consumer,United States,Louisville,Colorado,80027,West,FUR-CH-10000665,Furniture,Chairs,"Global Airflow Leather Mesh Back Chair, Black",603.92,5,0.2,75.49
6117,US-2016-113677,11/13/2016,11/19/2016,Standard Class,CM-12655,Corinna Mitchell,Home Office,United States,New York City,New York,10011,East,TEC-PH-10002114,Technology,Phones,Xiaomi_Mi3,2279.96,4,0.0,592.7896
2095,US-2015-164357,11/25/2015,11/29/2015,Standard Class,SF-20065,Sandra Flanagan,Consumer,United States,Wilmington,North Carolina,28403,South,OFF-AR-10001177,Office Supplies,Art,Newell 349,13.12,5,0.2,1.476
1380,NEW-445-20260304121052,2014-09-08 00:00:00,2014-09-13 00:00:00,Second Class,VD-21670,Valerie Dominguez,Consumer,United States,Pleasant Grove,Utah,84062,West,OFF-ST-10002289,Office Supplies,Storage,"Safco Wire Cube Shelving System, For Use as 4 or 5 14"" Cubes, Black",139.92,5,0.0,12.62
6613,CA-2015-107678,4/21/2015,4/28/2015,Standard Class,JK-16090,Juliana Krohn,Consumer,United States,Louisville,Kentucky,40214,South,OFF-BI-10002215,Office Supplies,Binders,"Wilson_Jones_Hanging_View_Binder,_White,_1""",21.3,3,0.0,9.798
1313,CA-2016-141082,12/9/2016,12/13/2016,Standard Class,FM-14380,Fred McMath,Consumer,United States,Los Angeles,WA,13871,West,OFF-LA-10001474,Office Supplies,Labels,Avery 477,122.12,4,0.0,56.1752
8797,CA-2016-106397,7/7/2016,7/13/2016,Standard Class,MJ-17740,Max Jones,Consumer,United States,Seattle,WA,66472,East,OFF-PA-10003441,Office Supplies,Paper,Xerox 226,12.96,2,0.0,6.2208
6520,NEW-369-20260304121052,2017-10-03 00:00:00,2017-10-04 00:00:00,Standard Class,RD-19480,Rick Duston,Consumer,United States,San Francisco,California,94122,West,OFF-BI-10004528,Office Supplies,Binders,Cardinal Poly Pocket Divider Pockets for Ring Binders,2.43,1,0.2,1.19
6080,NEW-175-20260304121052,2017-02-27 00:00:00,2017-02-28 00:00:00,Standard Class,PG-18820,Patrick Gardner,Consumer,United States,New York City,New York,10011,East,FUR-FU-10004864,Furniture,Furnishings,"Howard Miller 14-1/2"" Diameter Chrome Round Wall Clock",181.61,3,0.0,92.74
3704,NEW-341-20260304121052,2015-09-23 00:00:00,2015-09-24 00:00:00,Standard Class,DH-13075,Dave Hallsten,Corporate,United States,Decatur,Alabama,35601,South,OFF-BI-10001249,Office Supplies,Binders,Avery Heavy-Duty EZD View Binder with Locking Rings,26.64,3,0.0,7.66
8472,US-2017-132031,4/23/2017,4/27/2017,Standard Class,PN-18775,Parhena Norris,Home Office,United States,Clarksville,Tennessee,37042,South,FUR-FU-10000193,Furniture,Furnishings,Tenex Chairmats For Use with Hard Floors,77.952,3,0.2,-11.6928
6134,NEW-114-20260304121052,2016-10-28 00:00:00,2016-10-29 00:00:00,First Class,AO-10810,Anthony O'Donnell,Corporate,United States,Los Angeles,California,90045,West,FUR-TA-10004152,Furniture,Tables,"Barricks 18"" x 48"" Non-Folding Utility Table with Bottom Storage Shelf",190.91,2,0.2,8.6
8178,CA-2017-149699,12/22/2017,12/24/2017,First Class,CM-12115,Chad McGuire,Consumer,United States,Los Angeles,California,90008,West,TEC-AC-10000474,Technology,Accessories,Kensington Expert Mouse Optical USB Trackball for PC or Mac,474.95,5,0.0,142.485
5116,CA-2017-125640,7/25/2017,7/29/2017,Standard Class,DD-13570,Dorothy Dickinson,Consumer,United States,New York,WA,11597,West,OFF-LA-10004178,Office Supplies,Labels,Avery 491,3.304,1,0.2,1.0738
6531,CA-2014-103744,2/23/2014,2/27/2014,Standard Class,MG-17875,Michael Grace,Home Office,United States,Seattle,WA,21955,West,OFF-BI-10000320,Office Supplies,Binders,GBC Plastic Binding Combs,4.428,3,0.8,-6.8634
2762,CA-2017-126536,10/12/2017,10/14/2017,First Class,NK-18490,Neil Knudson,Home Office,United States,San Francisco,California,94110,West,TEC-AC-10003709,Technology,Accessories,Maxell 4.7GB DVD-R 5/Pack,0.99,1,0.0,0.4356
4860,CA-2017-136063,12/15/2017,12/19/2017,Standard Class,SS-20140,Saphhira Shifley (corrected),Corporate,United States,Oak Park,Illinois,60302,Central,OFF-AR-10000823,Office Supplies,Art,Newell_307,10.192,7,0.2,1.0192
4648,CA-2016-139556,4/26/2016,5/1/2016,Standard Class,DB-13360,Dennis Bolton,Home Office,United States,New York City,New York,10009,East,FUR-CH-10004983,Furniture,Chairs,Office Star - Mid Back Dual function Ergonomic High Back Chair with 2-Way Adjustable Arms,434.646,3,0.1,62.7822
5240,CA-2016-116561,9/11/2016,9/17/2016,Standard Class,EB-14110,Eugene Barchas,Consumer,United States,San Jose,California,95123,West,OFF-ST-10004186,Office Supplies,Storage,"Stur-D-Stor Shelving, Vertical 5-Shelf: 72""H x 36""W x 18 1/2""D",332.94,3,0.0,6.6588
5296,CA-2017-142174,3/4/2017,3/9/2017,Standard Class,DP-13000,Darren Powers,Consumer,United States,Houston,Texas,77041,Central,OFF-PA-10000806,Office Supplies,Paper,Xerox_1934,89.568,2,0.2,32.4684
3175,CA-2017-157483,11/11/2017,11/18/2017,Standard Class,EP-13915,Emily Phan (corrected),Consumer,United States,Detroit,Michigan,48227,Central,OFF-AR-10004260,Office Supplies,Art,Boston_1799_Powerhouse_Electric_Pencil_Sharpener,181.86,7,0.0,50.9208
4236,CA-2014-168823,9/21/2014,9/24/2014,First Class,MA-17560,Matt Abelman,Home Office,United States,Philadelphia,Pennsylvania,19143,East,OFF-LA-10004425,Office Supplies,Labels,Staple-on labels,20.808,9,0.2,7.0227
838,NEW-115-20260304121052,2018-01-10 00:00:00,2018-01-16 00:00:00,Standard Class,JL-15175,James Lanier,Home Office,United States,Columbia,Tennessee,38401,South,OFF-PA-10001560,Office Supplies,Paper,"Adams Telephone Message Books, 5 1/4” x 11”",8.86,2,0.2,3.27
6454,CA-2015-125710,10/8/2015,10/13/2015,Standard Class,BT-11680,Brian Thompson,Consumer,United States,Houston,Texas,77036,Central,OFF-AR-10000657,Office Supplies,Art,"Binney & Smith inkTank Desk Highlighter, Chisel Tip, Yellow, 12/Box",3.44,2,0.2,0.559
7228,CA-2017-127397,2/24/2017,2/28/2017,Standard Class,ES-14080,Erin Smith (corrected),Corporate,United States,Philadelphia,Pennsylvania,19134,East,TEC-AC-10003033,Technology,Accessories,Plantronics_CS510_-_Over-the-Head_monaural_Wireless_Headset_System,1319.8,5,0.2,214.4675
75,US-2015-134026,4/26/2015,5/2/2015,Standard Class,JE-15745,Joel Eaton (corrected),Consumer,United States,Memphis,Tennessee,38109,South,OFF-ST-10004123,Office Supplies,Storage,Safco_Industrial_Wire_Shelving_System,72.784,1,0.2,-18.196
783,US-2015-157014,10/3/2015,10/6/2015,Second Class,BM-11785,Bryan Mills,Consumer,United States,Columbus,Ohio,43229,East,TEC-AC-10002167,Technology,Accessories,Imation 8gb Micro Traveldrive Usb 2.0 Flash Drive,24.0,2,0.2,-2.7
7623,US-2014-144078,11/25/2014,11/29/2014,Standard Class,RB-19435,Richard Bierner (corrected),Consumer,United States,Los Angeles,California,90004,West,OFF-AR-10004707,Office Supplies,Art,Staples_in_misc._colors,7.44,3,0.0,2.604
3656,CA-2017-168102,4/24/2017,4/30/2017,Standard Class,CP-12340,Christine Phan,Corporate,United States,Jacksonville,Florida,32216,South,OFF-ST-10001370,Office Supplies,Storage,Sensible Storage WireTech Storage Systems,113.568,2,0.2,-21.294
7272,CA-2016-123337,9/16/2016,9/22/2016,Standard Class,KD-16495,Keith Dawkins,Corporate,United States,Phoenix,WA,64742,South,OFF-AP-10002287,Office Supplies,Appliances,"Eureka Sanitaire  Multi-Pro Heavy-Duty Upright, Disposable Bags",17.48,4,0.0,4.5448
1734,US-2016-131149,7/10/2016,7/14/2016,Standard Class,LH-17155,Logan Haushalter,Consumer,United States,New York,NY,72246,West,OFF-AR-10002135,Office Supplies,Art,Boston Heavy-Duty Trimline Electric Pencil Sharpeners,154.24,4,0.2,17.352
5955,CA-2014-155796,11/11/2014,11/15/2014,Second Class,TS-21430,Tom Stivers (corrected),Corporate,United States,Reading,Pennsylvania,19601,East,FUR-FU-10000409,Furniture,Furnishings,"GE_4_Foot_Flourescent_Tube,_40_Watt",23.968,2,0.2,7.7896
1925,NEW-332-20260304121052,2017-12-21 00:00:00,2017-12-22 00:00:00,Second Class,NP-18325,Naresj Patel,Consumer,United States,San Diego,California,92024,West,OFF-PA-10003039,Office Supplies,Paper,Xerox 1960,88.68,3,0.0,41.42
5017,CA-2014-153850,11/24/2014,11/29/2014,Standard Class,TH-21100,Thea Hendricks,Consumer,United States,Los Angeles,IL,17783,West,TEC-PH-10002584,Technology,Phones,Samsung Galaxy S4,1502.376,4,0.4,-250.396
7644,US-2016-157490,10/6/2016,10/7/2016,First Class,LB-16795,Laurel Beltran (corrected),Home Office,United States,Pueblo,Colorado,81001,West,OFF-BI-10002571,Office Supplies,Binders,"Avery_Framed_View_Binder,_EZD_Ring_(Locking),_Navy,_1_1/2""",11.976,4,0.7,-9.1816
895,CA-2016-105494,11/10/2016,11/12/2016,First Class,PC-18745,Pamela Coakley (corrected),Corporate,United States,San Francisco,California,94122,West,OFF-ST-10002205,Office Supplies,Storage,File_Shuttle_I_and_Handi-File,155.82,7,0.0,42.0714
8158,CA-2016-103464,11/18/2016,11/22/2016,Standard Class,PG-18820,Patrick Gardner,Consumer,United States,San Diego,California,92105,West,TEC-AC-10002842,Technology,Accessories,WD My Passport Ultra 2TB Portable External Hard Drive,595.0,5,0.0,95.2
3931,CA-2016-162082,3/14/2016,3/17/2016,First Class,JS-15880,John Stevenson,Consumer,United States,Houston,WA,69753,West,OFF-AR-10001044,Office Supplies,Art,"BOSTON Ranger #55 Pencil Sharpener, Black",145.544,7,0.2,16.3737
23,NEW-419-20260304121052,2017-04-06 00:00:00,2017-04-09 00:00:00,Standard Class,KB-16585,Ken Black,Corporate,United States,Fremont,Nebraska,68025,Central,OFF-AP-10001492,Office Supplies,Appliances,"Acco Six-Outlet Power Strip, 4' Cord Length",59.57,7,0.0,12.7
5464,CA-2014-146591,1/19/2014,1/20/2014,First Class,TS-21340,Toby Swindell (corrected),Consumer,United States,Scottsdale,Arizona,85254,West,OFF-PA-10000659,Office Supplies,Paper,"TOPS_Carbonless_Receipt_Book,_Four_2-3/4_x_7-1/4_Money_Receipts_per_Page",56.064,4,0.2,19.6224
2608,CA-2014-127446,11/25/2014,11/30/2014,Standard Class,MC-17590,Matt Collister,Corporate,United States,Arlington,Texas,76017,Central,TEC-AC-10001635,Technology,Accessories,KeyTronic KT400U2 - Keyboard - Black,24.672,3,0.2,0.0
1278,NEW-193-20260304121052,2016-08-17 00:00:00,2016-08-22 00:00:00,Standard Class,BD-11770,Bryan Davis,Consumer,United States,Houston,Texas,77070,Central,OFF-AR-10004022,Office Supplies,Art,Panasonic KP-380BK Classic Electric Pencil Sharpener,80.24,3,0.2,7.16
9763,CA-2014-121762,2/14/2014,2/18/2014,Standard Class,ML-17395,Marina Lichtenstein,Corporate,United States,Seattle,Washington,98103,West,OFF-AP-10001293,Office Supplies,Appliances,Belkin_8_Outlet_Surge_Protector,81.96,2,0.0,22.9488
3396,US-2017-148362,7/1/2017,7/8/2017,Standard Class,KF-16285,Karen Ferguson,Home Office,United States,Indianapolis,Indiana,46203,Central,OFF-ST-10001128,Office Supplies,Storage,"Carina Mini System Audio Rack, Model AR050B",443.92,4,0.0,13.3176
9191,US-2015-130512,8/21/2015,8/25/2015,Standard Class,SM-20320,Sean Miller (corrected),Home Office,United States,Allentown,Pennsylvania,18103,East,OFF-BI-10004519,Office Supplies,Binders,GBC_DocuBind_P100_Manual_Binding_Machine,99.588,2,0.7,-82.99
5125,CA-2014-160766,9/14/2014,9/14/2014,Same Day,DM-13015,Darrin Martin,Consumer,United States,New York City,New York,10009,East,FUR-TA-10001039,Furniture,Tables,KI_Adjustable-Height_Table,464.292,9,0.4,-108.3348
4640,CA-2016-102162,9/11/2016,9/16/2016,Standard Class,JF-15565,Jill Fjeld,Consumer,United States,Newport News,Virginia,23602,South,TEC-CO-10001943,Technology,Copiers,Canon PC-428 Personal Copier,1599.92,8,0.0,751.9624
4506,US-2014-138247,12/24/2014,12/29/2014,Standard Class,BF-11170,Ben Ferrer,Home Office,United States,Los Angeles,California,90045,West,TEC-AC-10004708,Technology,Accessories,Sony 32GB Class 10 Micro SDHC R40 Memory Card,62.85,3,0.0,13.1985
8125,US-2017-150070,9/7/2017,9/12/2017,Standard Class,JA-15970,Joseph Airdo,Consumer,United States,Modesto,California,95351,West,FUR-CH-10004860,Furniture,Chairs,Global Low Back Tilter Chair,161.568,2,0.2,-28.2744
4847,CA-2014-164469,6/25/2014,6/27/2014,Second Class,GK-14620,Grace Kelly (corrected),Corporate,United States,Salem,Oregon,97301,West,TEC-PH-10002115,Technology,Phones,Plantronics_81402,263.96,5,0.2,19.797
5531,CA-2017-160885,12/2/2017,12/6/2017,Standard Class,JK-16090,Juliana Krohn (corrected),Consumer,United States,Omaha,Nebraska,68104,Central,TEC-PH-10001795,Technology,Phones,ClearOne_CHATAttach_160_- speaker_phone,2479.96,4,0.0,743.988
3167,CA-2014-153969,9/21/2014,9/25/2014,Standard Class,HF-14995,Herbert Flentye,Consumer,United States,San Francisco,California,94109,West,OFF-PA-10002246,Office Supplies,Paper,"Wirebound Four 2-3/4 x 5 Forms per Page, 400 Sets per Book",19.35,3,0.0,9.4815
9147,US-2016-165505,1/23/2016,1/27/2016,Standard Class,CB-12535,Claudia Bergmann (corrected),Corporate,United States,Burlington,Vermont,5408,East,TEC-AC-10002926,Technology,Accessories,Logitech_Wireless_Marathon_Mouse_M705,99.98,2,0.0,42.9914
6218,US-2015-129553,7/27/2015,8/2/2015,Standard Class,PG-18820,Patrick Gardner,Consumer,United States,Louisville,Kentucky,40214,South,TEC-PH-10004897,Technology,Phones,Mediabridge Sport Armband iPhone 5s,29.97,3,0.0,0.2997
9979,US-2016-103674,12/6/2016,12/10/2016,Standard Class,AP-10720,Anne Pryor,Home Office,United States,Chicago,WA,95771,West,OFF-BI-10003727,Office Supplies,Binders,Avery Durable Slant Ring Binders With Label Holder,13.376,4,0.2,4.6816
7001,CA-2017-123687,5/26/2017,5/29/2017,First Class,KC-16675,Kimberly Carter,Corporate,United States,New York,IL,63350,West,OFF-SU-10004498,Office Supplies,Supplies,Martin-Yale Premier Letter Opener,25.76,2,0.0,0.7728
7476,NEW-199-20260304121052,2014-03-05 00:00:00,2014-03-14 00:00:00,Standard Class,ME-17320,Maria Etezadi,Home Office,United States,Henderson,Kentucky,42420,South,OFF-BI-10004632,Office Supplies,Binders,Ibico Hi-Tech Manual Binding System,773.35,2,0.0,275.42
2671,NEW-363-20260304121052,2014-09-29 00:00:00,2014-09-30 00:00:00,Second Class,RR-19525,Rick Reed,Corporate,United States,Lowell,Massachusetts,1852,East,OFF-PA-10001144,Office Supplies,Paper,Xerox 1913,187.83,3,0.0,114.75
2850,CA-2016-123617,11/28/2016,12/3/2016,Standard Class,AJ-10780,Anthony Jacobs (corrected),Corporate,United States,Palm Coast,Florida,32137,South,OFF-BI-10002976,Office Supplies,Binders,ACCOHIDE_Binder_by_Acco,7.434,6,0.7,-5.6994
2899,US-2015-114839,4/26/2015,4/30/2015,Standard Class,PW-19240,Pierre Wener,Consumer,United States,Phoenix,WA,57361,West,FUR-CH-10004086,Furniture,Chairs,Hon 4070 Series Pagoda Armless Upholstered Stacking Chairs,408.422,2,0.3,-5.8346
2678,US-2014-160780,6/21/2014,6/21/2014,Same Day,SV-20785,Stewart Visinsky,Consumer,United States,Pueblo,Colorado,81001,West,OFF-BI-10001116,Office Supplies,Binders,"Wilson Jones 1"" Hanging DublLock Ring Binders",11.088,7,0.7,-8.1312
5243,CA-2017-146367,8/4/2017,8/8/2017,Standard Class,HM-14860,Harry Marie,Corporate,United States,Carrollton,Texas,75007,Central,OFF-BI-10002827,Office Supplies,Binders,Avery Durable Poly Binders,3.318,3,0.8,-5.6406
7425,CA-2017-135069,4/10/2017,4/14/2017,Standard Class,BS-11755,Bruce Stewart (corrected),Consumer,United States,Philadelphia,Pennsylvania,19143,East,FUR-FU-10003878,Furniture,Furnishings,"Linden_10""_Round_Wall_Clock,_Black",36.672,3,0.2,6.4176
8893,NEW-256-20260304121052,2016-03-16 00:00:00,2016-03-24 00:00:00,Standard Class,LC-16960,Lindsay Castell,Home Office,United States,San Diego,California,92037,West,FUR-CH-10003973,Furniture,Chairs,GuestStacker Chair with Chrome Finish Legs,3744.44,9,0.2,191.99
4540,CA-2015-104129,2/27/2015,3/2/2015,Standard Class,ES-14080,Erin Smith,Corporate,United States,Providence,Rhode Island,2908,East,TEC-PH-10003800,Technology,Phones,i.Sound Portable Power - 8000 mAh,105.98,2,0.0,1.0598
8127,NEW-117-20260304121052,2015-06-28 00:00:00,2015-07-02 00:00:00,Standard Class,TS-21655,Trudy Schmidt,Consumer,United States,Houston,Texas,77070,Central,TEC-AC-10003499,Technology,Accessories,Memorex Mini Travel Drive 8 GB USB 2.0 Flash Drive,25.94,2,0.2,4.79
4209,CA-2014-145387,10/31/2014,11/2/2014,Second Class,AM-10705,Anne McFarland (corrected),Consumer,United States,Cranston,Rhode Island,2920,East,FUR-CH-10002320,Furniture,Chairs,Hon_Pagoda_Stacking_Chairs,1604.9,5,0.0,481.47
1805,CA-2017-158379,9/22/2017,9/26/2017,Second Class,JA-15970,Joseph Airdo (corrected),Consumer,United States,Philadelphia,Pennsylvania,19134,East,TEC-AC-10002926,Technology,Accessories,Logitech_Wireless_Marathon_Mouse_M705,79.984,2,0.2,22.9954
5348,CA-2017-108539,3/21/2017,3/23/2017,Second Class,SC-20725,Steven Cartwright,Consumer,United States,Los Angeles,California,90045,West,OFF-BI-10001031,Office Supplies,Binders,Pressboard Data Binders by Wilson Jones,8.544,2,0.2,2.8836
9252,CA-2017-155712,3/2/2017,3/8/2017,Standard Class,KD-16615,Ken Dana,Corporate,United States,Los Angeles,California,90008,West,OFF-BI-10004224,Office Supplies,Binders,Catalog Binders with Expanding Posts,107.648,2,0.2,33.64
8555,CA-2016-102092,12/9/2016,12/11/2016,First Class,PM-18940,Paul MacIntyre,Consumer,United States,Houston,TX,46096,Central,FUR-TA-10002530,Furniture,Tables,"Iceberg OfficeWorks 42"" Round Tables",1056.86,7,0.0,158.529
8115,NEW-19-20260304121052,2017-10-05 00:00:00,2017-10-14 00:00:00,Second Class,LW-16825,Laurel Workman,Corporate,United States,Pasadena,Texas,77506,Central,OFF-AR-10004817,Office Supplies,Art,Colorific Watercolor Pencils,17.82,5,0.2,2.68
6134,CA-2016-148096,8/16/2016,8/19/2016,First Class,AO-10810,Anthony O'Donnell,Corporate,United States,Los Angeles,California,90045,West,FUR-TA-10004152,Furniture,Tables,"Barricks 18"" x 48"" Non-Folding Utility Table with Bottom Storage Shelf",161.28,2,0.2,12.096
4779,CA-2017-132346,11/7/2017,11/11/2017,Standard Class,PK-19075,Pete Kriz,Consumer,United States,Newark,Delaware,19711,East,OFF-AP-10000696,Office Supplies,Appliances,Holmes Odor Grabber,100.94,7,0.0,33.3102
6337,NEW-142-20260304121052,2016-12-04 00:00:00,2016-12-13 00:00:00,Standard Class,BG-11740,Bruce Geld,Consumer,United States,Los Angeles,California,90008,West,FUR-FU-10000672,Furniture,Furnishings,"Executive Impressions 10"" Spectator Wall Clock",59.85,4,0.0,22.84
4474,CA-2017-121300,9/29/2017,9/29/2017,Same Day,MG-17680,Maureen Gastineau (corrected),Home Office,United States,Mentor,Ohio,44060,East,FUR-TA-10004442,Furniture,Tables,Riverside_Furniture_Stanwyck_Manor_Table_Series,344.22,2,0.4,-189.321
464,CA-2016-109869,4/22/2016,4/29/2016,Standard Class,TN-21040,Tanja Norvell,Home Office,United States,Phoenix,Arizona,85023,West,FUR-TA-10001889,Furniture,Tables,Bush Advantage Collection Racetrack Conference Table,1272.63,6,0.5,-814.4832
8101,CA-2016-169663,3/10/2016,3/13/2016,First Class,RH-19510,Rick Huthwaite,Home Office,United States,Los Angeles,California,90045,West,TEC-MA-10000984,Technology,Machines,Okidata MB760 Printer,3357.6,3,0.2,377.73
6805,NEW-396-20260304121052,2014-12-19 00:00:00,2014-12-25 00:00:00,First Class,KH-16510,Keith Herrera,Consumer,United States,Pomona,California,91767,West,TEC-AC-10002800,Technology,Accessories,Plantronics Audio 478 Stereo USB Headset,114.87,2,0.0,47.67
5469,CA-2014-132451,9/26/2014,9/27/2014,First Class,KF-16285,Karen Ferguson (corrected),Home Office,United States,San Diego,California,92105,West,FUR-CH-10000454,Furniture,Chairs,"Hon_Deluxe_Fabric_Upholstered_Stacking_Chairs,_Rounded_Back",585.552,3,0.2,73.194
6235,US-2017-142188,9/11/2017,9/11/2017,Same Day,JF-15415,Jennifer Ferguson,Consumer,United States,Seattle,Washington,98105,West,OFF-BI-10004600,Office Supplies,Binders,Ibico Ibimaster 300 Manual Binding System,1471.96,5,0.2,459.9875
7400,CA-2014-124807,7/12/2014,7/15/2014,Second Class,ME-17725,Max Engle,Consumer,United States,Chicago,Illinois,60610,Central,TEC-AC-10002857,Technology,Accessories,"Verbatim 25 GB 6x Blu-ray Single Layer Recordable Disc, 1/Pack",23.84,4,0.2,3.278
4045,NEW-301-20260304121052,2015-08-10 00:00:00,2015-08-16 00:00:00,Standard Class,JF-15565,Jill Fjeld,Consumer,United States,San Francisco,California,94110,West,FUR-FU-10001979,Furniture,Furnishings,Dana Halogen Swing-Arm Architect Lamp,200.39,5,0.0,88.15
322,CA-2014-164973,11/4/2014,11/9/2014,Standard Class,NM-18445,Nathan Mautz,Home Office,United States,New York City,New York,10024,East,OFF-ST-10002974,Office Supplies,Storage,"Trav-L-File Heavy-Duty Shuttle II, Black",43.57,1,0.0,13.071
2859,NEW-354-20260304121052,2017-09-04 00:00:00,2017-09-10 00:00:00,Standard Class,SC-20380,Shahid Collister,Consumer,United States,Atlanta,Georgia,30318,South,TEC-AC-10003441,Technology,Accessories,Kingston Digital DataTraveler 32GB USB 2.0,71.44,4,0.0,6.01
1938,CA-2016-112109,7/8/2016,7/12/2016,Standard Class,JE-15715,Joe Elijah,Consumer,United States,Broomfield,Colorado,80020,West,OFF-BI-10002082,Office Supplies,Binders,GBC Twin Loop Wire Binding Elements,19.968,2,0.7,-13.312
4444,US-2016-111290,7/22/2016,7/26/2016,Standard Class,DK-13375,Dennis Kane (corrected),Consumer,United States,Westland,Michigan,48185,Central,OFF-PA-10002262,Office Supplies,Paper,Xerox_192,32.4,5,0.0,15.552
6532,NEW-370-20260304121052,2018-01-18 00:00:00,2018-01-22 00:00:00,Standard Class,TP-21130,Theone Pippenger,Consumer,United States,Rochester,Minnesota,55901,Central,OFF-AR-10001315,Office Supplies,Art,Newell 310,9.68,5,0.0,3.21
6526,CA-2016-129308,7/7/2016,7/13/2016,Standard Class,CC-12100,Chad Cunningham,Home Office,United States,Phoenix,IL,35269,South,OFF-BI-10001525,Office Supplies,Binders,"Acco Pressboard Covers with Storage Hooks, 14 7/8"" x 11"", Executive Red",5.715,5,0.7,-4.7625
5078,CA-2014-134572,4/20/2014,4/22/2014,Second Class,SV-20365,Seth Vernon,Consumer,United States,Houston,Texas,77070,Central,FUR-TA-10004442,Furniture,Tables,Riverside Furniture Stanwyck Manor Table Series,401.59,2,0.3,-131.951
2658,CA-2017-112515,9/17/2017,9/21/2017,Second Class,AS-10225,Alan Schoenberger,Corporate,United States,Provo,Utah,84604,West,OFF-LA-10001175,Office Supplies,Labels,Avery 514,14.4,5,0.0,7.056
8086,CA-2016-105753,10/20/2016,10/26/2016,Standard Class,LC-16960,Lindsay Castell,Home Office,United States,Arlington,Virginia,22204,South,FUR-FU-10000246,Furniture,Furnishings,Aluminum Document Frame,61.1,5,0.0,18.33
8545,CA-2016-119074,3/27/2016,3/31/2016,Standard Class,DS-13180,David Smith,Corporate,United States,Columbus,Georgia,31907,South,FUR-FU-10004053,Furniture,Furnishings,DAX Two-Tone Silver Metal Document Frame,20.24,1,0.0,8.7032
9202,CA-2016-152688,10/17/2016,10/20/2016,First Class,NR-18550,Nick Radford,Consumer,United States,Perth Amboy,New Jersey,8861,East,OFF-BI-10004584,Office Supplies,Binders,GBC ProClick 150 Presentation Binding System,315.98,1,0.0,148.5106
2415,NEW-250-20260304121052,2017-03-04 00:00:00,2017-03-07 00:00:00,Standard Class,TB-21595,Troy Blackwell,Consumer,United States,Milwaukee,Wisconsin,53209,Central,FUR-CH-10001714,Furniture,Chairs,"Global Leather & Oak Executive Chair, Burgundy",979.86,5,0.0,96.1
1418,NEW-205-20260304121052,2015-10-08 00:00:00,2015-10-11 00:00:00,First Class,SV-20815,Stuart Van,Corporate,United States,Houston,Texas,77041,Central,TEC-AC-10004353,Technology,Accessories,Hypercom P1300 Pinpad,197.94,3,0.2,33.28
6137,CA-2015-105613,10/18/2015,10/22/2015,Standard Class,KN-16705,Kristina Nunn,Home Office,United States,Houston,TX,42796,Central,OFF-AP-10000026,Office Supplies,Appliances,Tripp Lite Isotel 6 Outlet Surge Protector with Fax/Modem Protection,73.164,6,0.8,-186.5682
7301,NEW-143-20260304121052,2015-01-18 00:00:00,2015-01-22 00:00:00,First Class,JK-15730,Joe Kamberova,Consumer,United States,Des Plaines,Illinois,60016,Central,FUR-BO-10003546,Furniture,Bookcases,Hon 4-Shelf Metal Bookcases,366.78,6,0.3,-41.81
6258,CA-2017-141425,11/2/2017,11/6/2017,Second Class,AR-10825,Anthony Rawles,Corporate,United States,New York,IL,72157,East,OFF-SU-10000646,Office Supplies,Supplies,Premier Automatic Letter Opener,384.592,2,0.2,-81.7258
5626,CA-2014-126683,9/29/2014,10/1/2014,Second Class,PP-18955,Paul Prost,Home Office,United States,Seattle,Washington,98115,West,FUR-FU-10001706,Furniture,Furnishings,Longer-Life_Soft_White_Bulbs,6.16,2,0.0,2.9568
3905,NEW-323-20260304121052,2015-05-24 00:00:00,2015-05-27 00:00:00,Standard Class,VT-21700,Valerie Takahito,Home Office,United States,Philadelphia,Pennsylvania,19143,East,OFF-ST-10003816,Office Supplies,Storage,Fellowes High-Stak Drawer Files,642.78,4,0.2,26.22
8500,CA-2014-169061,3/5/2014,3/8/2014,Second Class,AB-10150,Aimee Bixby,Consumer,United States,Yonkers,New York,10701,East,OFF-BI-10001617,Office Supplies,Binders,GBC_Wire_Binding_Combs,49.632,6,0.2,16.7508
2871,NEW-62-20260304121052,2014-08-25 00:00:00,2014-09-01 00:00:00,Standard Class,BF-11275,Beth Fritzler,Corporate,United States,Tucson,Arizona,85705,West,OFF-PA-10002581,Office Supplies,Paper,Xerox 1951,78.56,3,0.2,17.78
493,CA-2014-113362,9/14/2014,9/19/2014,Standard Class,AJ-10960,Astrea Jones,Consumer,United States,Rochester,New York,14609,East,OFF-EN-10003845,Office Supplies,Envelopes,Colored Envelopes,11.07,3,0.0,5.0922
4014,CA-2015-165624,8/23/2015,8/28/2015,Standard Class,FH-14350,Fred Harton,Consumer,United States,Atlanta,Georgia,30318,South,OFF-AP-10000828,Office Supplies,Appliances,Avanti 4.4 Cu. Ft. Refrigerator,542.94,3,0.0,152.0232
1979,NEW-15-20260304121052,2015-05-31 00:00:00,2015-06-06 00:00:00,Standard Class,AA-10375,Allen Armold,Consumer,United States,Salem,Oregon,97301,West,OFF-AR-10000127,Office Supplies,Art,Newell 321,7.16,2,0.2,0.78
9982,CA-2017-163566,8/3/2017,8/6/2017,First Class,TB-21055,Ted Butterfield,Consumer,United States,New York,TX,62716,South,OFF-LA-10004484,Office Supplies,Labels,Avery 476,16.52,5,0.2,5.369
6442,CA-2016-101161,10/13/2016,10/20/2016,Standard Class,BW-11110,Bart Watters,Corporate,United States,New York City,New York,10024,East,OFF-ST-10003123,Office Supplies,Storage,Fellowes_Bases_and_Tops_For_Staxonsteel/High-Stak_Systems,99.87,3,0.0,23.9688
4090,CA-2016-161473,4/1/2016,4/5/2016,Standard Class,TB-21175,Thomas Boland,Corporate,United States,New York City,New York,10035,East,OFF-LA-10001297,Office Supplies,Labels,Avery 473,20.7,2,0.0,9.936
5970,CA-2014-141726,7/20/2014,7/22/2014,First Class,CC-12145,Charles Crestani,Consumer,United States,San Diego,California,92105,West,OFF-BI-10001982,Office Supplies,Binders,Wilson Jones Custom Binder Spines & Labels,8.704,2,0.2,3.1552
6922,CA-2017-109211,4/4/2017,4/10/2017,Standard Class,PS-19045,Penelope Sewall,Home Office,United States,New York,WA,47506,Central,OFF-EN-10001532,Office Supplies,Envelopes,Brown Kraft Recycled Envelopes,16.98,1,0.0,8.49
9664,CA-2017-132619,8/31/2017,9/5/2017,Standard Class,MS-17770,Maxwell Schwartz,Consumer,United States,San Francisco,California,94109,West,OFF-ST-10001511,Office Supplies,Storage,Space_Solutions_Commercial_Steel_Shelving,193.95,3,0.0,9.6975
5460,NEW-372-20260304121052,2017-12-24 00:00:00,2017-12-26 00:00:00,Second Class,PK-19075,Pete Kriz,Consumer,United States,San Francisco,California,94122,West,FUR-TA-10001771,Furniture,Tables,"Bush Cubix Conference Tables, Fully Assembled",1360.4,8,0.2,143.21
3300,US-2014-159926,11/18/2014,11/22/2014,Standard Class,CS-11950,Carlos Soltero,Consumer,United States,Philadelphia,Pennsylvania,19140,East,OFF-BI-10003656,Office Supplies,Binders,Fellowes PB200 Plastic Comb Binding Machine,50.997,1,0.7,-40.7976
4694,CA-2014-138681,12/20/2014,12/22/2014,First Class,CT-11995,Carol Triggs,Consumer,United States,Tucson,Arizona,85705,West,OFF-PA-10003270,Office Supplies,Paper,Xerox 1954,8.448,2,0.2,2.64
1829,US-2015-140851,7/13/2015,7/15/2015,Second Class,ND-18460,Neil Ducich,Corporate,United States,Macon,Georgia,31204,South,OFF-PA-10000019,Office Supplies,Paper,Xerox_1931,38.88,6,0.0,18.6624
2748,US-2015-165449,11/22/2015,11/26/2015,Standard Class,AP-10720,Anne Pryor (corrected),Home Office,United States,Frisco,Texas,75034,Central,TEC-AC-10004127,Technology,Accessories,SanDisk_Cruzer_8_GB_USB_Flash_Drive,27.168,4,0.2,-1.3584
1270,NEW-401-20260304121052,2017-09-28 00:00:00,2017-10-01 00:00:00,Standard Class,DC-12850,Dan Campbell,Consumer,United States,Florence,Alabama,35630,South,OFF-PA-10002870,Office Supplies,Paper,"Ampad Phone Message Book, Recycled, 400 Message Capacity, 5 ¾” x 11”",16.95,2,0.0,6.25
348,CA-2017-134306,7/8/2017,7/12/2017,Standard Class,TD-20995,Tamara Dahlen,Consumer,United States,Lowell,Massachusetts,1852,East,OFF-PA-10000249,Office Supplies,Paper,Easy-staple paper,24.56,2,0.0,11.5432
4625,CA-2017-147228,9/9/2017,9/14/2017,Standard Class,SO-20335,Sean O'Donnell,Consumer,United States,Columbia,Tennessee,38401,South,OFF-ST-10000046,Office Supplies,Storage,Fellowes Super Stor/Drawer Files,258.48,2,0.2,-3.231
5933,NEW-300-20260304121052,2017-12-08 00:00:00,2017-12-15 00:00:00,First Class,RL-19615,Rob Lucas,Consumer,United States,Philadelphia,Pennsylvania,19120,East,OFF-ST-10004835,Office Supplies,Storage,Plastic Stacking Crates & Casters,18.18,3,0.2,1.44
6408,NEW-432-20260304121052,2017-07-03 00:00:00,2017-07-09 00:00:00,First Class,GT-14710,Greg Tran,Consumer,United States,Houston,Texas,77041,Central,FUR-CH-10003981,Furniture,Chairs,Global Commerce Series Low-Back Swivel/Tilt Chairs,780.22,5,0.3,-18.37
2278,CA-2014-104283,6/27/2014,7/1/2014,Standard Class,LM-17065,Liz MacKendrick,Consumer,United States,Southaven,Mississippi,38671,South,FUR-TA-10001039,Furniture,Tables,KI Adjustable-Height Table,85.98,1,0.0,22.3548
8599,NEW-159-20260304121052,2015-05-10 00:00:00,2015-05-17 00:00:00,Standard Class,LS-17200,Luke Schmidt,Corporate,United States,Fresno,California,93727,West,OFF-BI-10002012,Office Supplies,Binders,Wilson Jones Easy Flow II Sheet Lifters,4.1,3,0.2,1.8
4212,CA-2014-166457,5/5/2014,5/9/2014,Second Class,PF-19120,Peter Fuller (corrected),Consumer,United States,Richmond,Kentucky,40475,South,OFF-PA-10003016,Office Supplies,Paper,"Adams_""While_You_Were_Out""_Message_Pads",9.42,3,0.0,4.239
6332,CA-2014-167927,1/20/2014,1/26/2014,Standard Class,XP-21865,Xylona Preis,Consumer,United States,Westland,Michigan,48185,Central,OFF-AR-10004456,Office Supplies,Art,Panasonic_KP-4ABK_Battery-Operated_Pencil_Sharpener,43.92,3,0.0,12.7368
3443,NEW-353-20260304121052,2017-11-23 00:00:00,2017-11-27 00:00:00,Standard Class,JD-16150,Justin Deggeller,Corporate,United States,New York City,New York,10011,East,OFF-EN-10001415,Office Supplies,Envelopes,Staple envelope,15.97,3,0.0,6.54
7084,CA-2017-118724,7/21/2017,7/25/2017,Second Class,AR-10825,Anthony Rawles,Corporate,United States,New York,WA,43331,Central,OFF-AR-10003469,Office Supplies,Art,Nontoxic Chalk,3.52,2,0.0,1.6896
5253,CA-2015-132318,10/30/2015,11/2/2015,First Class,TT-21220,Thomas Thornton,Consumer,United States,Los Angeles,NY,56320,East,OFF-AP-10000026,Office Supplies,Appliances,Tripp Lite Isotel 6 Outlet Surge Protector with Fax/Modem Protection,182.91,3,0.0,53.0439
6735,CA-2015-141754,12/20/2015,12/25/2015,Standard Class,EM-14200,Evan Minnotte,Home Office,United States,Miami,Florida,33142,South,OFF-LA-10004093,Office Supplies,Labels,Avery 486,11.696,2,0.2,3.9474
5901,CA-2015-146465,11/20/2015,11/24/2015,Standard Class,PB-18805,Patrick Bzostek,Home Office,United States,San Francisco,California,94122,West,OFF-BI-10004528,Office Supplies,Binders,Cardinal Poly Pocket Divider Pockets for Ring Binders,24.192,9,0.2,7.56
4925,CA-2017-114055,12/25/2017,12/29/2017,Second Class,MH-18115,Mick Hernandez,Home Office,United States,Huntsville,Alabama,35810,South,TEC-PH-10002890,Technology,Phones,AT&T 17929 Lendline Telephone,90.48,2,0.0,23.5248
7285,CA-2017-169439,9/9/2017,9/13/2017,Standard Class,LC-17140,Logan Currie,Consumer,United States,Los Angeles,WA,25332,South,FUR-FU-10000723,Furniture,Furnishings,"Deflect-o EconoMat Studded, No Bevel Mat for Low Pile Carpeting",66.112,2,0.2,-9.0904
3809,NEW-34-20260304121052,2016-04-27 00:00:00,2016-05-02 00:00:00,Standard Class,AH-10690,Anna Häberlin,Corporate,United States,Plantation,Florida,33317,South,OFF-BI-10002799,Office Supplies,Binders,"SlimView Poly Binder, 3/8""",5.96,3,0.7,-4.99
5092,NEW-395-20260304121052,2018-06-09 00:00:00,2018-06-16 00:00:00,Standard Class,JM-15580,Jill Matthias,Consumer,United States,Loveland,Colorado,80538,West,OFF-FA-10003472,Office Supplies,Fasteners,Bagged Rubber Bands,2.97,3,0.2,-0.79
2717,NEW-158-20260304121052,2017-09-11 00:00:00,2017-09-19 00:00:00,Standard Class,SC-20680,Steve Carroll,Home Office,United States,Columbus,Georgia,31907,South,TEC-AC-10000158,Technology,Accessories,Sony 64GB Class 10 Micro SDHC R40 Memory Card,70.23,2,0.0,14.13
7859,CA-2014-103429,5/30/2014,6/1/2014,First Class,LW-16825,Laurel Workman,Corporate,United States,Chicago,NY,26493,South,OFF-AP-10001005,Office Supplies,Appliances,Honeywell Quietcare HEPA Air Cleaner,235.95,3,0.0,77.8635
2282,CA-2017-142622,10/30/2017,11/2/2017,First Class,JK-15625,Jim Karlsson,Consumer,United States,Seattle,Washington,98115,West,FUR-BO-10004467,Furniture,Bookcases,Bestar Classic Bookcase,199.98,2,0.0,37.9962
4198,US-2016-161683,12/3/2016,12/8/2016,Standard Class,CJ-12010,Caroline Jumper,Consumer,United States,Philadelphia,Pennsylvania,19134,East,OFF-AP-10000179,Office Supplies,Appliances,Honeywell_Enviracaire_Portable_HEPA_Air_Cleaner_for_up_to_10_x_16_Room,394.816,4,0.2,93.7688
6111,CA-2016-124590,11/12/2016,11/16/2016,Standard Class,SP-20920,Susan Pistek,Consumer,United States,Parma,Ohio,44134,East,FUR-CH-10004495,Furniture,Chairs,"Global Leather and Oak Executive Chair, Black",1474.802,7,0.3,-21.0686
3660,NEW-443-20260304121052,2015-07-20 00:00:00,2015-07-29 00:00:00,Standard Class,EB-13750,Edward Becker,Corporate,United States,Plantation,Florida,33317,South,FUR-FU-10001731,Furniture,Furnishings,Acrylic Self-Standing Desk Frames,8.71,3,0.2,2.22
656,CA-2016-137239,8/22/2016,8/28/2016,Standard Class,CR-12730,Craig Reiter,Consumer,United States,Columbus,Ohio,43229,East,OFF-BI-10002827,Office Supplies,Binders,Avery Durable Poly Binders,3.318,2,0.7,-2.6544
9420,CA-2017-152926,10/2/2017,10/4/2017,Second Class,SC-20695,Steve Chapman,Corporate,United States,Houston,Texas,77041,Central,OFF-AP-10004708,Office Supplies,Appliances,Fellowes_Superior_10_Outlet_Split_Surge_Protector,15.224,2,0.8,-38.8212
3767,CA-2016-163153,3/21/2016,3/25/2016,Standard Class,DM-12955,Dario Medina,Corporate,United States,Phoenix,WA,51859,West,OFF-AR-10001868,Office Supplies,Art,Prang Dustless Chalk Sticks,1.344,1,0.2,0.504
2264,NEW-385-20260304121052,2017-03-10 00:00:00,2017-03-16 00:00:00,Second Class,AA-10375,Allen Armold,Consumer,United States,Atlanta,Georgia,30318,South,TEC-AC-10004145,Technology,Accessories,Logitech diNovo Edge Keyboard,508.21,2,0.0,111.44
699,CA-2015-119291,5/14/2015,5/17/2015,First Class,JO-15550,Jesus Ocampo,Home Office,United States,Los Angeles,AZ,29274,West,OFF-AR-10001118,Office Supplies,Art,"Binney & Smith Crayola Metallic Crayons, 16-Color Pack",2.696,1,0.2,0.8088
7445,NEW-90-20260304121052,2017-06-30 00:00:00,2017-07-05 00:00:00,Second Class,RD-19810,Ross DeVincentis,Home Office,United States,Chicago,Illinois,60610,Central,OFF-PA-10001166,Office Supplies,Paper,Xerox 2,5.2,1,0.2,2.24
7675,CA-2015-130974,11/27/2015,11/29/2015,Second Class,MA-17560,Matt Abelman,Home Office,United States,Phoenix,NY,32666,West,FUR-TA-10004619,Furniture,Tables,Hon Non-Folding Utility Tables,446.068,4,0.3,0.0
6332,CA-2014-167927,1/20/2014,1/26/2014,Standard Class,XP-21865,Xylona Preis,Consumer,United States,New York,TX,44708,West,OFF-AR-10004456,Office Supplies,Art,Panasonic KP-4ABK Battery-Operated Pencil Sharpener,43.92,3,0.0,12.7368
1177,CA-2014-120243,12/27/2014,12/30/2014,Second Class,AT-10435,Alyssa Tate,Home Office,United States,Los Angeles,California,90004,West,OFF-LA-10004425,Office Supplies,Labels,Staple-on labels,11.56,4,0.0,5.4332
9834,CA-2017-130302,9/14/2017,9/19/2017,Standard Class,CY-12745,Craig Yedwab,Corporate,United States,Springfield,Ohio,45503,East,TEC-AC-10002001,Technology,Accessories,Logitech Wireless Gaming Headset G930,895.944,7,0.2,190.3881
9306,CA-2015-137603,9/19/2015,9/24/2015,Standard Class,MH-17290,Marc Harrigan,Home Office,United States,Houston,CA,65307,South,OFF-AR-10001972,Office Supplies,Art,Newell 323,8.4,5,0.0,2.184
6051,CA-2015-153878,4/25/2015,4/30/2015,Standard Class,TS-21655,Trudy Schmidt,Consumer,United States,Milwaukee,Wisconsin,53209,Central,OFF-AR-10000658,Office Supplies,Art,Newell 324,57.75,5,0.0,16.17
2470,CA-2017-128755,5/4/2017,5/8/2017,Standard Class,MK-18160,Mike Kennedy (corrected),Consumer,United States,Newport News,Virginia,23602,South,OFF-ST-10001291,Office Supplies,Storage,"Tenex_Personal_Self-Stacking_Standard_File_Box,_Black/Gray",16.91,1,0.0,4.5657
7361,NEW-259-20260304121052,2016-07-03 00:00:00,2016-07-12 00:00:00,First Class,JF-15295,Jason Fortune-,Consumer,United States,Los Angeles,California,90036,West,OFF-PA-10000809,Office Supplies,Paper,Xerox 206,17.75,3,0.0,8.27
2864,US-2017-103828,8/13/2017,8/13/2017,Same Day,JK-15370,Jay Kimmel,Consumer,United States,New York,TX,73817,South,OFF-ST-10001325,Office Supplies,Storage,Sterilite Officeware Hinged File Box,31.44,3,0.0,8.4888
633,US-2016-135720,12/11/2016,12/13/2016,Second Class,FM-14380,Fred McMath (corrected),Consumer,United States,Aurora,Colorado,80013,West,TEC-PH-10002103,Technology,Phones,Jabra_SPEAK_410,300.768,4,0.2,30.0768
7778,CA-2014-166961,12/27/2014,12/31/2014,Standard Class,CD-12790,Cynthia Delaney (corrected),Home Office,United States,Moreno Valley,California,92553,West,OFF-ST-10004507,Office Supplies,Storage,Advantus_Rolling_Storage_Box,51.45,3,0.0,13.8915
1155,CA-2014-136567,12/20/2014,12/21/2014,First Class,PS-19045,Penelope Sewall,Home Office,United States,Harrisonburg,Virginia,22801,South,OFF-ST-10004337,Office Supplies,Storage,"SAFCO_Commercial_Wire_Shelving,_72h",122.48,2,0.0,0.0
7743,NEW-355-20260304121052,2017-10-02 00:00:00,2017-10-03 00:00:00,Standard Class,KT-16480,Kean Thornton,Consumer,United States,Los Angeles,California,90036,West,OFF-PA-10001639,Office Supplies,Paper,Xerox 203,26.76,4,0.0,11.25
1292,CA-2016-163384,11/10/2016,11/12/2016,First Class,CC-12430,Chuck Clark,Home Office,United States,Phoenix,NY,73860,Central,OFF-PA-10003172,Office Supplies,Paper,Xerox 1996,32.4,5,0.0,15.552
190,CA-2015-102281,10/12/2015,10/14/2015,First Class,MP-17470,Mark Packer,Home Office,United States,Houston,TX,49866,Central,FUR-BO-10002613,Furniture,Bookcases,"Atlantic Metals Mobile 4-Shelf Bookcases, Custom Colors",899.136,4,0.2,112.392
6079,CA-2016-151561,9/1/2016,9/7/2016,Standard Class,PG-18820,Patrick Gardner (corrected),Consumer,United States,New York City,New York,10011,East,OFF-SU-10001574,Office Supplies,Supplies,Acme_Value_Line_Scissors,10.95,3,0.0,3.285
4967,NEW-428-20260304121052,2015-12-01 00:00:00,2015-12-03 00:00:00,Second Class,BE-11455,Brad Eason,Home Office,United States,Providence,Rhode Island,2908,East,TEC-PH-10001527,Technology,Phones,Plantronics MX500i Earset,127.21,3,0.0,5.9
3381,CA-2017-103156,11/23/2017,11/24/2017,First Class,TD-20995,Tamara Dahlen,Consumer,United States,Los Angeles,CA,89854,East,FUR-FU-10000320,Furniture,Furnishings,OIC Stacking Trays,24.048,9,0.2,7.2144
4056,CA-2014-122931,9/29/2014,10/3/2014,Standard Class,SM-20950,Suzanne McNair,Corporate,United States,Philadelphia,Pennsylvania,19134,East,OFF-ST-10004459,Office Supplies,Storage,Tennsco Single-Tier Lockers,1801.632,6,0.2,-337.806
162,CA-2015-119697,12/28/2015,12/31/2015,Second Class,EM-13960,Eric Murdock (corrected),Consumer,United States,Philadelphia,Pennsylvania,19134,East,TEC-AC-10003657,Technology,Accessories,Lenovo_17-Key_USB_Numeric_Keypad,54.384,2,0.2,1.3596
6711,CA-2016-149503,12/9/2016,12/12/2016,First Class,SP-20650,Stephanie Phelps,Corporate,United States,Stockton,California,95207,West,OFF-BI-10002133,Office Supplies,Binders,"Wilson Jones Elliptical Ring 3 1/2"" Capacity Binders, 800 sheets",273.92,8,0.2,99.296
627,NEW-28-20260304121052,2017-10-16 00:00:00,2017-10-19 00:00:00,Standard Class,MO-17800,Meg O'Connel,Home Office,United States,New York City,New York,10009,East,FUR-FU-10000221,Furniture,Furnishings,"Master Caster Door Stop, Brown",45.31,7,0.0,10.18
2729,NEW-279-20260304121052,2018-01-02 00:00:00,2018-01-11 00:00:00,First Class,SK-19990,Sally Knutson,Consumer,United States,Toledo,Ohio,43615,East,TEC-PH-10003072,Technology,Phones,Panasonic KX-TG9541B DECT 6.0 Digital 2-Line Expandable Cordless Phone With Digital Answering System,749.08,7,0.4,79.02
4451,NEW-231-20260304121052,2015-09-24 00:00:00,2015-09-25 00:00:00,Standard Class,LH-17155,Logan Haushalter,Consumer,United States,Los Angeles,California,90032,West,OFF-EN-10000056,Office Supplies,Envelopes,Cameo Buff Policy Envelopes,245.27,3,0.0,76.75
3526,CA-2017-148922,12/10/2017,12/15/2017,Second Class,SU-20665,Stephanie Ulpright,Home Office,United States,Jackson,Mississippi,39212,South,TEC-AC-10001838,Technology,Accessories,Razer Tiamat Over Ear 7.1 Surround Sound PC Gaming Headset,599.97,3,0.0,257.9871
382,CA-2016-134775,10/28/2016,10/29/2016,First Class,AS-10285,Alejandro Savely,Corporate,United States,San Francisco,California,94109,West,OFF-PA-10004734,Office Supplies,Paper,Southworth Structures Collection,50.96,7,0.0,25.48
938,NEW-425-20260304121052,2018-04-09 00:00:00,2018-04-13 00:00:00,First Class,RA-19885,Ruben Ausman,Corporate,United States,Farmington,New Mexico,87401,West,TEC-AC-10003911,Technology,Accessories,NETGEAR AC1750 Dual Band Gigabit Smart WiFi Router,143.18,1,0.0,77.89
3287,CA-2017-150525,2/20/2017,2/25/2017,Standard Class,JP-16135,Julie Prescott,Home Office,United States,Muskogee,Oklahoma,74403,Central,OFF-AP-10000595,Office Supplies,Appliances,Disposable Triple-Filter Dust Bags,13.11,3,0.0,3.4086
4808,CA-2015-137708,11/22/2015,11/25/2015,Second Class,NG-18430,Nathan Gelder,Consumer,United States,Los Angeles,California,90008,West,OFF-ST-10004634,Office Supplies,Storage,"Personal Folder Holder, Ebony",33.63,3,0.0,10.089
9812,NEW-296-20260304121052,2017-04-30 00:00:00,2017-05-01 00:00:00,First Class,CB-12025,Cassandra Brandow,Consumer,United States,East Orange,New Jersey,7017,East,OFF-PA-10001246,Office Supplies,Paper,Xerox 215,34.77,4,0.0,12.22
6342,US-2017-105830,12/31/2016,1/2/2017,First Class,DB-13660,Duane Benoit,Consumer,United States,Lancaster,Ohio,43130,East,OFF-ST-10002554,Office Supplies,Storage,Tennsco Industrial Shelving,156.512,4,0.2,-35.2152
3641,CA-2016-145177,11/10/2016,11/14/2016,Standard Class,PP-18955,Paul Prost,Home Office,United States,Phoenix,WA,37851,West,TEC-AC-10002550,Technology,Accessories,"Memorex 25GB 6X Branded Blu-Ray Recordable Disc, 30/Pack",178.92,7,0.2,-29.0745
244,CA-2016-157749,6/4/2016,6/9/2016,Second Class,KL-16645,Ken Lonsdale,Consumer,United States,Phoenix,IL,58805,West,OFF-AR-10004685,Office Supplies,Art,"Binney & Smith Crayola Metallic Colored Pencils, 8-Color Set",7.408,2,0.2,1.2038
9375,CA-2016-149671,6/5/2016,6/9/2016,Standard Class,KB-16600,Ken Brennan,Corporate,United States,Seattle,Washington,98105,West,OFF-SU-10002537,Office Supplies,Supplies,Acme_Box_Cutter_Scissors,61.38,6,0.0,15.9588
474,CA-2014-144666,11/9/2014,11/11/2014,Second Class,JP-15520,Jeremy Pistek,Consumer,United States,San Francisco,California,94110,West,TEC-PH-10002680,Technology,Phones,Samsung Galaxy Note 3,703.968,4,0.2,87.996
2568,CA-2017-123967,11/1/2017,11/3/2017,Second Class,SF-20200,Sarah Foster,Consumer,United States,Bellingham,Washington,98226,West,FUR-TA-10003954,Furniture,Tables,Hon 94000 Series Round Tables,2665.62,9,0.0,239.9058
3224,CA-2014-108189,10/2/2014,10/5/2014,First Class,ES-14080,Erin Smith (corrected),Corporate,United States,Tempe,Arizona,85281,West,OFF-FA-10000735,Office Supplies,Fasteners,Staples,4.672,2,0.2,1.46
4638,CA-2017-168228,4/27/2017,4/29/2017,First Class,AP-10915,Arthur Prichep (corrected),Consumer,United States,Los Angeles,California,90045,West,OFF-AR-10000390,Office Supplies,Art,Newell_Chalk_Holder,12.39,3,0.0,5.6994
2984,US-2014-112872,12/6/2014,12/11/2014,Second Class,RC-19960,Ryan Crowe (corrected),Consumer,United States,Springfield,Oregon,97477,West,OFF-ST-10002205,Office Supplies,Storage,File_Shuttle_I_and_Handi-File,53.424,3,0.2,4.6746
3810,CA-2015-113628,11/12/2015,11/19/2015,Standard Class,AH-10690,Anna Häberlin,Corporate,United States,Plantation,Florida,33317,South,FUR-CH-10003298,Furniture,Chairs,"Office Star - Contemporary Task Swivel chair with Loop Arms, Charcoal",523.92,5,0.2,-72.039
3231,CA-2017-131625,9/1/2017,9/5/2017,Second Class,BN-11515,Bradley Nguyen (corrected),Consumer,United States,New York City,New York,10009,East,FUR-FU-10004960,Furniture,Furnishings,"Seth_Thomas_12""_Clock_w/_Goldtone_Case",114.9,5,0.0,39.066
9146,NEW-336-20260304121052,2015-12-30 00:00:00,2016-01-07 00:00:00,Standard Class,TP-21130,Theone Pippenger,Consumer,United States,Naperville,Illinois,60540,Central,OFF-BI-10000138,Office Supplies,Binders,Acco Translucent Poly Ring Binders,3.53,3,0.8,-5.88
5177,CA-2016-148908,11/5/2016,11/8/2016,First Class,JH-15985,Joseph Holt,Consumer,United States,San Francisco,California,94109,West,OFF-BI-10002082,Office Supplies,Binders,GBC Twin Loop Wire Binding Elements,53.248,2,0.2,19.968
6866,US-2016-126452,8/21/2016,8/28/2016,Standard Class,SC-20230,Scot Coram,Corporate,United States,Los Angeles,California,90004,West,TEC-PH-10003555,Technology,Phones,Motorola HK250 Universal Bluetooth Headset,91.96,5,0.2,-20.691
7886,NEW-359-20260304121052,2018-02-05 00:00:00,2018-02-07 00:00:00,Second Class,LC-16870,Lena Cacioppo,Consumer,United States,Thornton,Colorado,80229,West,FUR-FU-10004351,Furniture,Furnishings,Staple-based wall hangings,28.27,3,0.2,8.15
4974,US-2016-153815,11/6/2016,11/9/2016,First Class,KL-16555,Kelly Lampkin,Corporate,United States,Chicago,TX,60986,West,OFF-PA-10004071,Office Supplies,Paper,"Eaton Premium Continuous-Feed Paper, 25% Cotton, Letter Size, White, 1000 Shts/Box",88.768,2,0.2,31.0688
3702,CA-2016-126543,1/9/2016,1/13/2016,Second Class,MF-17665,Maureen Fritzler,Corporate,United States,Toledo,Ohio,43615,East,FUR-FU-10002445,Furniture,Furnishings,"DAX_Two-Tone_Rosewood/Black_Document_Frame,_Desktop,_5_x_7",15.168,2,0.2,3.792
3674,CA-2016-104969,4/8/2016,4/14/2016,Standard Class,EH-14125,Eugene Hildebrand,Home Office,United States,Troy,Ohio,45373,East,OFF-BI-10004224,Office Supplies,Binders,Catalog Binders with Expanding Posts,121.104,6,0.7,-100.92
9118,CA-2017-153045,1/19/2017,1/24/2017,Second Class,NS-18505,Neola Schneider,Consumer,United States,Philadelphia,Pennsylvania,19140,East,FUR-CH-10000309,Furniture,Chairs,Global Comet Stacking Arm Chair,887.271,3,0.3,-63.3765
2393,NEW-233-20260304121052,2015-12-12 00:00:00,2015-12-17 00:00:00,Standard Class,SG-20605,Speros Goranitis,Consumer,United States,New York City,New York,10009,East,FUR-FU-10002878,Furniture,Furnishings,"Seth Thomas 14"" Day/Date Wall Clock",123.92,4,0.0,47.2
2725,CA-2014-153479,10/4/2014,10/8/2014,Standard Class,DF-13135,David Flashing,Consumer,United States,Vallejo,California,94591,West,OFF-BI-10002867,Office Supplies,Binders,GBC Recycled Regency Composition Covers,95.648,2,0.2,31.0856
7160,CA-2015-145835,5/13/2015,5/18/2015,Second Class,BF-11170,Ben Ferrer,Home Office,United States,Chicago,Illinois,60623,Central,TEC-PH-10004447,Technology,Phones,Toshiba IPT2010-SD IP Telephone,222.384,2,0.2,16.6788
3141,CA-2015-112557,4/25/2015,4/28/2015,First Class,JL-15850,John Lucas,Consumer,United States,New York City,New York,10035,East,OFF-AP-10002311,Office Supplies,Appliances,"Holmes Replacement Filter for HEPA Air Cleaner, Very Large Room, HEPA Filter",206.43,3,0.0,90.8292
2171,CA-2017-117870,1/27/2017,1/30/2017,Second Class,JH-15820,John Huston,Consumer,United States,Kent,Ohio,44240,East,TEC-PH-10003931,Technology,Phones,JBL Micro Wireless Portable Bluetooth Speaker,107.982,3,0.4,-26.9955
6974,NEW-216-20260304121052,2018-02-20 00:00:00,2018-02-22 00:00:00,Standard Class,AB-10105,Adrian Barton,Consumer,United States,Phoenix,Arizona,85023,West,OFF-BI-10001460,Office Supplies,Binders,Plastic Binding Combs,17.14,4,0.7,-11.15
5847,NEW-4-20260304121052,2016-03-26 00:00:00,2016-04-04 00:00:00,Standard Class,BS-11665,Brian Stugart,Consumer,United States,San Diego,California,92105,West,FUR-CH-10001708,Furniture,Chairs,Office Star - Contemporary Swivel Chair with Padded Adjustable Arms and Flex Back,299.27,2,0.2,3.18
7883,CA-2017-118017,12/3/2017,12/6/2017,Second Class,LC-16870,Lena Cacioppo,Consumer,United States,Thornton,Colorado,80229,West,TEC-AC-10002006,Technology,Accessories,Memorex Micro Travel Drive 16 GB,102.336,8,0.2,14.0712
8751,US-2015-163825,6/16/2015,6/19/2015,First Class,LC-16885,Lena Creighton,Consumer,United States,New York City,New York,10009,East,TEC-PH-10004922,Technology,Phones,RCA Visys Integrated PBX 8-Line Router,133.98,2,0.0,33.495
6653,US-2017-124779,9/8/2017,9/11/2017,First Class,BF-11020,Barry Französisch (corrected),Corporate,United States,Arlington,Texas,76017,Central,OFF-PA-10000061,Office Supplies,Paper,Xerox_205,20.736,4,0.2,7.2576
6163,CA-2014-103989,3/19/2014,3/21/2014,First Class,MC-17605,Matt Connell,Corporate,United States,Lakeland,Florida,33801,South,OFF-ST-10000918,Office Supplies,Storage,Crate-A-Files,26.16,3,0.2,1.962
9983,US-2016-157728,9/22/2016,9/28/2016,Standard Class,RC-19960,Ryan Crowe,Consumer,United States,Seattle,TX,97574,South,OFF-PA-10002195,Office Supplies,Paper,"RSVP Cards & Envelopes, Blank White, 8-1/2"" X 11"", 24 Cards/25 Envelopes/Set",35.56,7,0.0,16.7132
4912,CA-2017-127306,1/14/2017,1/18/2017,Standard Class,BH-11710,Brosina Hoffman (corrected),Consumer,United States,Johnson City,Tennessee,37604,South,TEC-PH-10001924,Technology,Phones,iHome_FM_Clock_Radio_with_Lightning_Dock,111.984,2,0.2,6.999
722,CA-2016-142335,12/15/2016,12/19/2016,Standard Class,MP-17965,Michael Paige,Corporate,United States,Detroit,Michigan,48205,Central,FUR-TA-10000198,Furniture,Tables,Chromcraft Bull-Nose Wood Oval Conference Tables & Bases,1652.94,3,0.0,231.4116
8764,NEW-357-20260304121052,2017-03-09 00:00:00,2017-03-15 00:00:00,Standard Class,FO-14305,Frank Olsen,Consumer,United States,Sacramento,California,95823,West,OFF-SU-10002557,Office Supplies,Supplies,Fiskars Spring-Action Scissors,32.84,2,0.0,8.37
4968,CA-2015-122406,8/2/2015,8/5/2015,Second Class,BE-11455,Brad Eason,Home Office,United States,Providence,Rhode Island,2908,East,OFF-PA-10001307,Office Supplies,Paper,"Important Message Pads, 50 4-1/4 x 5-1/2 Forms per Pad",8.4,2,0.0,4.116
6526,CA-2016-129308,7/7/2016,7/13/2016,Standard Class,CC-12100,Chad Cunningham (corrected),Home Office,United States,Philadelphia,Pennsylvania,19120,East,OFF-BI-10001525,Office Supplies,Binders,"Acco_Pressboard_Covers_with_Storage_Hooks,_14_7/8""_x_11"",_Executive_Red",5.715,5,0.7,-4.7625
6269,CA-2015-115392,10/1/2015,10/4/2015,Second Class,RM-19675,Robert Marley,Home Office,United States,Cambridge,Massachusetts,2138,East,OFF-BI-10000829,Office Supplies,Binders,Avery Non-Stick Binders,22.45,5,0.0,10.327
5693,US-2015-138093,12/10/2015,12/16/2015,Standard Class,KM-16225,Kalyca Meade,Corporate,United States,Baltimore,Maryland,21215,East,TEC-PH-10004667,Technology,Phones,Cisco 8x8 Inc. 6753i IP Business Phone System,134.99,1,0.0,36.4473
1077,CA-2016-161781,9/29/2016,9/30/2016,First Class,CC-12100,Chad Cunningham,Home Office,United States,Columbus,Indiana,47201,Central,OFF-AR-10000255,Office Supplies,Art,Newell 328,40.88,7,0.0,10.6288
6472,CA-2015-108532,8/29/2015,9/2/2015,Standard Class,CC-12100,Chad Cunningham,Home Office,United States,Detroit,Michigan,48234,Central,TEC-AC-10004510,Technology,Accessories,Logitech_Desktop_MK120_Mouse_and_keyboard_Combo,114.52,7,0.0,11.452
8756,CA-2017-152198,9/9/2017,9/10/2017,First Class,JD-16015,Joy Daniels,Consumer,United States,Toledo,Ohio,43615,East,OFF-BI-10001628,Office Supplies,Binders,"Acco_Data_Flex_Cable_Posts_For_Top_&_Bottom_Load_Binders,_6""_Capacity",6.258,2,0.7,-5.215
4985,CA-2015-160696,9/6/2015,9/10/2015,Standard Class,CK-12760,Cyma Kinney,Corporate,United States,Nashville,Tennessee,37211,South,OFF-FA-10003059,Office Supplies,Fasteners,Assorted Color Push Pins,7.24,5,0.2,1.1765
1780,CA-2016-124667,11/11/2016,11/16/2016,Standard Class,BD-11770,Bryan Davis,Consumer,United States,New York City,New York,10011,East,TEC-AC-10003447,Technology,Accessories,Micropad Numeric Keypads,59.97,3,0.0,14.9925
1277,CA-2016-119186,5/26/2016,5/26/2016,Same Day,MS-17710,Maurice Satty,Consumer,United States,Fort Worth,Texas,76106,Central,TEC-AC-10000580,Technology,Accessories,Logitech_G13_Programmable_Gameboard_with_LCD_Display,63.992,1,0.2,-7.1991
9443,CA-2017-165904,4/7/2017,4/11/2017,Standard Class,HR-14770,Hallie Redmond,Home Office,United States,Jacksonville,Florida,32216,South,OFF-AR-10003156,Office Supplies,Art,50_Colored_Long_Pencils,16.256,2,0.2,1.2192
1263,NEW-285-20260304121052,2017-09-10 00:00:00,2017-09-18 00:00:00,Second Class,CS-12355,Christine Sundaresam,Consumer,United States,Long Beach,New York,11561,East,OFF-BI-10001634,Office Supplies,Binders,Wilson Jones Active Use Binders,22.8,3,0.2,5.37
3225,CA-2014-108189,10/2/2014,10/5/2014,First Class,ES-14080,Erin Smith (corrected),Corporate,United States,Tempe,Arizona,85281,West,TEC-PH-10001760,Technology,Phones,Bose_SoundLink_Bluetooth_Speaker,318.4,2,0.2,107.46
6940,CA-2017-107132,6/26/2017,6/30/2017,Standard Class,SC-20260,Scott Cohen,Corporate,United States,New York City,New York,10009,East,OFF-BI-10001071,Office Supplies,Binders,GBC ProClick Punch Binding System,102.368,2,0.2,37.1084
9279,NEW-219-20260304121052,2018-03-13 00:00:00,2018-03-18 00:00:00,Standard Class,SC-20305,Sean Christensen,Consumer,United States,Philadelphia,Pennsylvania,19140,East,OFF-BI-10001759,Office Supplies,Binders,"Acco Pressboard Covers with Storage Hooks, 14 7/8"" x 11"", Dark Blue",8.75,7,0.7,-4.96
7450,CA-2017-105669,9/17/2017,9/22/2017,Second Class,SJ-20125,Sanjit Jacobs,Home Office,United States,New York,IL,90950,East,OFF-AR-10000390,Office Supplies,Art,Newell Chalk Holder,9.912,3,0.2,3.2214
3296,CA-2017-113418,10/1/2017,10/3/2017,First Class,CM-12655,Corinna Mitchell,Home Office,United States,New York City,New York,10035,East,TEC-MA-10002428,Technology,Machines,Fellowes Powershred HS-440 4-Sheet High Security Shredder,1704.89,11,0.0,767.2005
9587,CA-2016-108630,11/18/2016,11/18/2016,Same Day,BE-11410,Bobby Elias,Consumer,United States,Concord,California,94521,West,OFF-BI-10002437,Office Supplies,Binders,Recycled Premium Regency Composition Covers,61.12,5,0.2,22.156
2514,CA-2016-124506,11/11/2016,11/17/2016,Standard Class,BB-11545,Brenda Bowman,Corporate,United States,Chicago,Illinois,60623,Central,TEC-AC-10003280,Technology,Accessories,Belkin F8E887 USB Wired Ergonomic Keyboard,95.968,4,0.2,1.1996
4501,CA-2016-124814,4/10/2016,4/16/2016,Standard Class,FM-14215,Filia McAdams,Corporate,United States,Bakersfield,California,93309,West,OFF-BI-10000174,Office Supplies,Binders,"Wilson Jones Clip & Carry Folder Binder Tool for Ring Binders, Clear",23.2,5,0.2,8.12
3926,CA-2014-103940,9/17/2014,9/21/2014,Standard Class,BN-11515,Bradley Nguyen,Consumer,United States,Los Angeles,TX,48549,South,OFF-ST-10000943,Office Supplies,Storage,Eldon ProFile File 'N Store Portable File Tub Letter/Legal Size Black,57.93,3,0.0,16.2204
3091,CA-2016-112123,3/3/2016,3/8/2016,Standard Class,BH-11710,Brosina Hoffman,Consumer,United States,Newark,Delaware,19711,East,OFF-BI-10001071,Office Supplies,Binders,GBC ProClick Punch Binding System,447.86,7,0.0,219.4514
4838,CA-2017-106831,6/1/2017,6/3/2017,First Class,FH-14350,Fred Harton,Consumer,United States,Dublin,Ohio,43017,East,OFF-BI-10003429,Office Supplies,Binders,"Cardinal HOLDit! Binder Insert Strips,Extra Strips",3.798,2,0.7,-2.6586
4020,CA-2015-165624,8/23/2015,8/28/2015,Standard Class,FH-14350,Fred Harton,Consumer,United States,Atlanta,Georgia,30318,South,OFF-AP-10001492,Office Supplies,Appliances,"Acco Six-Outlet Power Strip, 4' Cord Length",25.86,3,0.0,6.7236
2913,CA-2014-113929,6/16/2014,6/21/2014,Standard Class,CK-12205,Chloris Kastensmidt,Consumer,United States,Hempstead,New York,11550,East,OFF-AR-10003772,Office Supplies,Art,Boston 16750 Black Compact Battery Pencil Sharpener,35.0,4,0.0,10.5
7054,CA-2016-165330,12/11/2016,12/11/2016,Same Day,WB-21850,William Brown,Consumer,United States,Anaheim,California,92804,West,TEC-AC-10000057,Technology,Accessories,Microsoft Natural Ergonomic Keyboard 4000,119.96,4,0.0,25.1916
5952,CA-2017-161046,3/5/2017,3/5/2017,Same Day,CB-12535,Claudia Bergmann,Corporate,United States,Southaven,Mississippi,38671,South,OFF-BI-10002026,Office Supplies,Binders,Ibico_Recycled_Linen-Style_Covers,234.36,6,0.0,112.4928
4753,CA-2017-103499,11/20/2017,11/24/2017,Standard Class,ES-14020,Erica Smith,Consumer,United States,Jackson,Tennessee,38301,South,FUR-CH-10001482,Furniture,Chairs,Office_Star_-_Mesh_Screen_back_chair_with_Vinyl_seat,209.568,2,0.2,-23.5764
998,CA-2015-162537,10/28/2015,11/3/2015,Standard Class,RD-19585,Rob Dowd,Consumer,United States,Henderson,Kentucky,42420,South,OFF-ST-10004258,Office Supplies,Storage,Portable Personal File Box,36.63,3,0.0,9.8901
3295,CA-2014-138023,8/15/2014,8/18/2014,First Class,KH-16510,Keith Herrera,Consumer,United States,Dallas,Texas,75081,Central,OFF-BI-10003638,Office Supplies,Binders,GBC_Durable_Plastic_Covers,30.96,8,0.8,-52.632
3221,NEW-337-20260304121052,2015-12-17 00:00:00,2015-12-23 00:00:00,Standard Class,JP-15460,Jennifer Patt,Corporate,United States,Lakewood,New Jersey,8701,East,OFF-EN-10002500,Office Supplies,Envelopes,Globe Weis Peel & Seel First Class Envelopes,70.87,4,0.0,27.28
3398,NEW-71-20260304121052,2017-08-22 00:00:00,2017-08-25 00:00:00,Standard Class,KF-16285,Karen Ferguson,Home Office,United States,Indianapolis,Indiana,46203,Central,OFF-PA-10003441,Office Supplies,Paper,Xerox 226,25.77,4,0.0,14.69
1726,CA-2015-127453,12/19/2015,12/20/2015,First Class,JK-15370,Jay Kimmel,Consumer,United States,Philadelphia,Pennsylvania,19143,East,OFF-AP-10002906,Office Supplies,Appliances,Hoover_Replacement_Belt_for_Commercial_Guardsman_Heavy-Duty_Upright_Vacuum,3.552,2,0.2,0.444
4168,CA-2014-157924,10/11/2014,10/13/2014,First Class,HA-14920,Helen Andreada (corrected),Consumer,United States,Pasadena,California,91104,West,OFF-ST-10002352,Office Supplies,Storage,Iris_Project_Case,31.92,4,0.0,8.2992
9646,US-2017-107979,6/8/2017,6/13/2017,Standard Class,FO-14305,Frank Olsen,Consumer,United States,Phoenix,CA,71736,East,OFF-ST-10002485,Office Supplies,Storage,Rogers Deluxe File Chest,35.168,2,0.2,-8.3524
1922,NEW-364-20260304121052,2016-01-26 00:00:00,2016-02-02 00:00:00,Standard Class,MZ-17515,Mary Zewe,Corporate,United States,Reading,Pennsylvania,19601,East,OFF-ST-10002562,Office Supplies,Storage,Staple magnet,18.42,2,0.2,1.24
1755,NEW-468-20260304121052,2018-02-15 00:00:00,2018-02-17 00:00:00,First Class,VW-21775,Victoria Wilson,Corporate,United States,San Francisco,California,94122,West,OFF-PA-10003893,Office Supplies,Paper,Xerox 1962,8.07,2,0.0,2.9
1328,CA-2016-128258,3/30/2016,4/1/2016,First Class,CP-12085,Cathy Prescott,Corporate,United States,Norwich,Connecticut,6360,East,OFF-PA-10004156,Office Supplies,Paper,Xerox 188,11.34,1,0.0,5.5566
9411,US-2017-110149,12/10/2017,12/13/2017,First Class,WB-21850,William Brown,Consumer,United States,Houston,IL,15661,Central,FUR-FU-10001475,Furniture,Furnishings,"Contract Clock, 14"", Brown",87.92,5,0.2,15.386
4923,CA-2017-114055,12/25/2017,12/29/2017,Second Class,MH-18115,Mick Hernandez,Home Office,United States,Huntsville,Alabama,35810,South,OFF-FA-10003059,Office Supplies,Fasteners,Assorted Color Push Pins,3.62,2,0.0,1.1946
5247,CA-2016-156265,8/2/2016,8/4/2016,Second Class,BF-11020,Barry Französisch,Corporate,United States,Los Angeles,California,90032,West,OFF-BI-10000285,Office Supplies,Binders,XtraLife ClearVue Slant-D Ring Binders by Cardinal,12.544,2,0.2,4.704
8484,NEW-455-20260304121052,2016-09-26 00:00:00,2016-10-01 00:00:00,Standard Class,EN-13780,Edward Nazzal,Consumer,United States,Grand Rapids,Michigan,49505,Central,OFF-BI-10004828,Office Supplies,Binders,GBC Poly Designer Binding Covers,107.23,5,0.0,49.31
1229,CA-2017-100013,11/6/2017,11/11/2017,Standard Class,ZC-21910,Zuschuss Carroll,Consumer,United States,Los Angeles,California,90045,West,OFF-EN-10001219,Office Supplies,Envelopes,"#10- 4 1/8"" x 9 1/2"" Security-Tint Envelopes",15.28,2,0.0,7.4872
6224,CA-2017-140627,12/23/2017,12/27/2017,Standard Class,DK-12985,Darren Koutras,Consumer,United States,Hendersonville,Tennessee,37075,South,OFF-AR-10000422,Office Supplies,Art,Pencil and Crayon Sharpener,12.264,7,0.2,1.0731
3340,NEW-462-20260304121052,2017-10-31 00:00:00,2017-11-04 00:00:00,First Class,PR-18880,Patrick Ryan,Consumer,United States,Oakland,California,94601,West,OFF-AP-10002867,Office Supplies,Appliances,Fellowes Command Center 5-outlet power strip,284.3,3,0.0,38.59
7632,CA-2014-162089,3/30/2014,4/1/2014,First Class,MP-17470,Mark Packer,Home Office,United States,Brownsville,Texas,78521,Central,FUR-CH-10002304,Furniture,Chairs,"Global Stack Chair without Arms, Black",127.302,7,0.3,-9.093
4567,US-2017-149510,12/3/2017,12/10/2017,Standard Class,MC-17575,Matt Collins,Consumer,United States,Fayetteville,North Carolina,28314,South,OFF-BI-10004233,Office Supplies,Binders,"GBC_Pre-Punched_Binding_Paper,_Plastic,_White,_8-1/2""_x_11""",28.782,6,0.7,-21.1068
6945,CA-2014-148369,9/23/2014,9/27/2014,Standard Class,TH-21115,Thea Hudgings (corrected),Corporate,United States,Newark,Delaware,19711,East,OFF-BI-10004876,Office Supplies,Binders,Wilson_Jones_Suede_Grain_Vinyl_Binders,11.12,4,0.0,5.4488
2247,CA-2017-103380,11/21/2017,11/25/2017,Standard Class,BF-11005,Barry Franz,Home Office,United States,Pasadena,California,91104,West,TEC-PH-10004165,Technology,Phones,Mitel MiVoice 5330e IP Phone,659.976,3,0.2,49.4982
4642,NEW-21-20260304121052,2017-11-07 00:00:00,2017-11-10 00:00:00,Second Class,HA-14905,Helen Abelman,Consumer,United States,Fort Collins,Colorado,80525,West,OFF-BI-10000831,Office Supplies,Binders,Storex Flexible Poly Binders with Double Pockets,3.81,4,0.7,-2.37
4767,NEW-163-20260304121052,2015-03-20 00:00:00,2015-03-26 00:00:00,First Class,NS-18640,Noel Staavos,Corporate,United States,San Antonio,Texas,78207,Central,TEC-AC-10002473,Technology,Accessories,Maxell 4.7GB DVD-R,156.36,5,0.2,28.22
9514,NEW-492-20260304121052,2017-04-11 00:00:00,2017-04-19 00:00:00,Standard Class,BE-11410,Bobby Elias,Consumer,United States,Appleton,Wisconsin,54915,Central,TEC-AC-10003033,Technology,Accessories,Plantronics CS510 - Over-the-Head monaural Wireless Headset System,2063.67,5,0.0,833.98
3228,CA-2014-108189,10/2/2014,10/5/2014,First Class,ES-14080,Erin Smith,Corporate,United States,Tempe,Arizona,85281,West,TEC-PH-10001557,Technology,Phones,Pyle PMP37LED,230.376,3,0.2,20.1579
5213,CA-2016-145898,9/26/2016,9/26/2016,Same Day,CM-12445,Chuck Magee,Consumer,United States,Redlands,California,92374,West,OFF-ST-10004507,Office Supplies,Storage,Advantus Rolling Storage Box,51.45,3,0.0,13.8915
8636,CA-2014-160094,4/30/2014,5/2/2014,First Class,JM-16195,Justin MacKendrick,Consumer,United States,Louisville,Kentucky,40214,South,OFF-AR-10004010,Office Supplies,Art,Hunt Boston Vacuum Mount KS Pencil Sharpener,174.95,5,0.0,45.487
8475,CA-2017-169404,4/9/2017,4/14/2017,Standard Class,NC-18625,Noah Childs,Corporate,United States,York,Pennsylvania,17403,East,OFF-BI-10004492,Office Supplies,Binders,Tuf-Vin Binders,37.896,4,0.7,-29.0536
4736,CA-2015-155054,6/13/2015,6/19/2015,Standard Class,PS-19045,Penelope Sewall (corrected),Home Office,United States,Lewiston,Maine,4240,East,OFF-BI-10004970,Office Supplies,Binders,"ACCOHIDE_3-Ring_Binder,_Blue,_1""",8.26,2,0.0,3.8822
4176,CA-2015-154340,11/29/2015,11/30/2015,First Class,EK-13795,Eileen Kiefer (corrected),Home Office,United States,Santa Ana,California,92704,West,OFF-AR-10003582,Office Supplies,Art,"Boston_Electric_Pencil_Sharpener,_Model_1818,_Charcoal_Black",56.3,2,0.0,15.764
6219,CA-2016-160220,10/20/2016,10/26/2016,Standard Class,JS-16030,Joy Smith,Consumer,United States,Trenton,Michigan,48183,Central,TEC-PH-10001300,Technology,Phones,"iKross Bluetooth Portable Keyboard + Cell Phone Stand Holder + Brush for Apple iPhone 5S 5C 5, 4S 4",125.7,6,0.0,35.196
2051,CA-2015-142237,7/11/2015,7/13/2015,First Class,CK-12595,Clytie Kelty (corrected),Consumer,United States,Philadelphia,Pennsylvania,19134,East,OFF-BI-10003669,Office Supplies,Binders,3M_Organizer_Strips,6.48,4,0.7,-4.752
594,CA-2014-135405,1/9/2014,1/13/2014,Standard Class,MS-17830,Melanie Seite (corrected),Consumer,United States,Laredo,Texas,78041,Central,TEC-AC-10001266,Technology,Accessories,Memorex_Micro_Travel_Drive_8_GB,31.2,3,0.2,9.75
8986,NEW-303-20260304121052,2016-01-17 00:00:00,2016-01-20 00:00:00,Standard Class,JG-15115,Jack Garza,Consumer,United States,Jacksonville,North Carolina,28540,South,FUR-FU-10000222,Furniture,Furnishings,"Seth Thomas 16"" Steel Case Clock",67.61,3,0.2,16.66
4602,NEW-316-20260304121052,2015-09-06 00:00:00,2015-09-15 00:00:00,Standard Class,MG-17890,Michael Granlund,Home Office,United States,Baltimore,Maryland,21215,East,OFF-FA-10001332,Office Supplies,Fasteners,"Acco Banker's Clasps, 5 3/4""-Long",15.31,4,0.0,6.3
3043,CA-2017-149559,9/11/2017,9/12/2017,Same Day,KF-16285,Karen Ferguson,Home Office,United States,Los Angeles,CA,89287,West,OFF-EN-10002312,Office Supplies,Envelopes,#10 Self-Seal White Envelopes,22.18,2,0.0,10.8682
7044,US-2017-165358,7/18/2017,7/23/2017,Standard Class,SV-20365,Seth Vernon,Consumer,United States,Seattle,NY,10335,South,FUR-CH-10002647,Furniture,Chairs,"Situations Contoured Folding Chairs, 4/Set",198.744,4,0.3,-14.196
9762,CA-2014-121762,2/14/2014,2/18/2014,Standard Class,ML-17395,Marina Lichtenstein,Corporate,United States,Seattle,Washington,98103,West,TEC-AC-10000736,Technology,Accessories,Logitech G600 MMO Gaming Mouse,239.97,3,0.0,86.3892
2022,NEW-110-20260304121052,2017-02-28 00:00:00,2017-03-05 00:00:00,First Class,RH-19510,Rick Huthwaite,Home Office,United States,Providence,Rhode Island,2908,East,OFF-PA-10002377,Office Supplies,Paper,"Adams Telephone Message Book W/Dividers/Space For Phone Numbers, 5 1/4""X8 1/2"", 200/Messages",23.4,3,0.0,8.08
1995,CA-2017-133648,6/25/2017,7/2/2017,Standard Class,ML-17755,Max Ludwig,Home Office,United States,Chicago,NY,32724,Central,OFF-FA-10004395,Office Supplies,Fasteners,Plymouth Boxed Rubber Bands by Plymouth,11.304,3,0.2,-2.1195
226,CA-2015-163055,8/9/2015,8/16/2015,Standard Class,DS-13180,David Smith,Corporate,United States,Detroit,Michigan,48227,Central,OFF-AR-10001026,Office Supplies,Art,"Sanford_Uni-Blazer_View_Highlighters,_Chisel_Tip,_Yellow",2.2,1,0.0,0.968
261,CA-2017-163139,12/1/2017,12/3/2017,Second Class,CC-12670,Craig Carreira (corrected),Consumer,United States,New York City,New York,10009,East,OFF-BI-10003460,Office Supplies,Binders,Acco_3-Hole_Punch,17.52,5,0.2,6.132
8351,NEW-89-20260304121052,2015-10-19 00:00:00,2015-10-21 00:00:00,Standard Class,JW-15220,Jane Waco,Corporate,United States,Lawrence,Massachusetts,1841,East,OFF-PA-10002689,Office Supplies,Paper,Weyerhaeuser First Choice Laser/Copy Paper (20Lb. and 88 Bright),8.95,1,0.0,4.95
4436,CA-2016-163398,5/3/2016,5/8/2016,Standard Class,CB-12415,Christy Brittain,Consumer,United States,New York,TX,68552,South,OFF-BI-10000014,Office Supplies,Binders,Heavy-Duty E-Z-D Binders,2.182,1,0.8,-3.6003
237,CA-2017-160514,11/12/2017,11/16/2017,Standard Class,DB-13120,David Bremer,Corporate,United States,Los Angeles,AZ,69626,Central,OFF-PA-10002479,Office Supplies,Paper,Xerox 4200 Series MultiUse Premium Copy Paper (20Lb. and 84 Bright),10.56,2,0.0,4.752
9213,CA-2014-144071,12/8/2014,12/15/2014,Standard Class,DJ-13420,Denny Joy,Corporate,United States,San Francisco,California,94110,West,FUR-FU-10000397,Furniture,Furnishings,Luxo Economy Swing Arm Lamp,39.88,2,0.0,11.1664
4593,CA-2016-129868,12/26/2016,12/31/2016,Standard Class,MC-18130,Mike Caudle,Corporate,United States,Los Angeles,California,90004,West,FUR-CH-10003535,Furniture,Chairs,"Global Armless Task Chair, Royal Blue",146.352,3,0.2,-5.4882
147,CA-2014-110072,10/22/2014,10/28/2014,Standard Class,MG-17680,Maureen Gastineau,Home Office,United States,Newark,Ohio,43055,East,FUR-FU-10000521,Furniture,Furnishings,"Seth Thomas 14"" Putty-Colored Wall Clock",93.888,4,0.2,12.9096
1539,CA-2017-121888,9/15/2017,9/17/2017,Second Class,CL-11890,Carl Ludwig,Consumer,United States,Everett,Massachusetts,2149,East,OFF-AR-10003478,Office Supplies,Art,"Avery Hi-Liter EverBold Pen Style Fluorescent Highlighters, 4/Pack",16.28,2,0.0,6.512
6295,CA-2014-141152,9/16/2014,9/19/2014,First Class,RF-19345,Randy Ferguson,Corporate,United States,New York,WA,67457,East,OFF-BI-10002931,Office Supplies,Binders,"Avery Trapezoid Extra Heavy Duty 4"" Binders",33.552,1,0.2,12.582
8075,CA-2017-151750,1/1/2017,1/5/2017,Standard Class,JM-15250,Janet Martin,Consumer,United States,Huntsville,Texas,77340,Central,OFF-BI-10000343,Office Supplies,Binders,"Pressboard Covers with Storage Hooks, 9 1/2"" x 11"", Light Blue",13.748,14,0.8,-22.6842
5975,NEW-333-20260304121052,2017-01-24 00:00:00,2017-02-02 00:00:00,Standard Class,DB-13615,Doug Bickford,Consumer,United States,Charlotte,North Carolina,28205,South,OFF-ST-10000676,Office Supplies,Storage,Fellowes Econo/Stor Drawers,517.0,5,0.2,-82.99
7919,CA-2015-152513,7/4/2015,7/8/2015,Second Class,JP-16135,Julie Prescott,Home Office,United States,San Diego,California,92024,West,OFF-BI-10002706,Office Supplies,Binders,Avery Premier Heavy-Duty Binder with Round Locking Rings,22.848,2,0.2,7.4256
9583,CA-2016-107475,6/7/2016,6/11/2016,Standard Class,RS-19870,Roy Skaria,Home Office,United States,Philadelphia,Pennsylvania,19120,East,OFF-FA-10002988,Office Supplies,Fasteners,Ideal Clamps,9.648,6,0.2,3.4974
4449,CA-2015-121965,6/19/2015,6/23/2015,Standard Class,LH-17155,Logan Haushalter,Consumer,United States,Los Angeles,California,90032,West,FUR-FU-10000732,Furniture,Furnishings,Eldon 200 Class Desk Accessories,12.56,2,0.0,4.0192
8633,CA-2016-107783,7/28/2016,7/29/2016,First Class,OT-18730,Olvera Toch,Consumer,United States,Bethlehem,Pennsylvania,18018,East,OFF-BI-10000545,Office Supplies,Binders,GBC Ibimaster 500 Manual ProClick Binding System,1369.764,6,0.7,-913.176
8883,US-2017-115252,10/20/2017,10/25/2017,Standard Class,MY-18295,Muhammed Yedwab,Corporate,United States,Durham,North Carolina,27707,South,TEC-PH-10004071,Technology,Phones,PayAnywhere Card Reader,15.984,2,0.2,1.3986
5622,US-2016-124163,9/25/2016,9/30/2016,Standard Class,SC-20695,Steve Chapman,Corporate,United States,La Crosse,Wisconsin,54601,Central,FUR-CH-10004218,Furniture,Chairs,"Global Fabric Manager's Chair, Dark Gray",201.96,2,0.0,50.49
363,CA-2017-144904,9/25/2017,10/1/2017,Standard Class,KW-16435,Katrina Willman,Consumer,United States,New York City,New York,10009,East,FUR-CH-10000785,Furniture,Chairs,Global_Ergonomic_Managers_Chair,488.646,3,0.1,86.8704
5780,CA-2014-105270,11/11/2014,11/18/2014,Standard Class,AP-10915,Arthur Prichep (corrected),Consumer,United States,Los Angeles,California,90008,West,FUR-CH-10000988,Furniture,Chairs,Hon_Olson_Stacker_Stools,112.648,1,0.2,11.2648
4550,CA-2015-126557,7/12/2015,7/17/2015,Second Class,RL-19615,Rob Lucas,Consumer,United States,Chicago,Illinois,60610,Central,TEC-PH-10003963,Technology,Phones,GE 2-Jack Phone Line Splitter,659.168,4,0.2,49.4376
1913,CA-2017-121503,7/3/2017,7/6/2017,Second Class,FH-14275,Frank Hawley,Corporate,United States,Houston,Texas,77041,Central,TEC-MA-10003674,Technology,Machines,Hewlett-Packard Deskjet 5550 Printer,597.132,3,0.4,49.761
8309,CA-2016-149335,7/25/2016,7/25/2016,Same Day,BC-11125,Becky Castell,Home Office,United States,Seattle,CA,34570,South,OFF-AR-10001419,Office Supplies,Art,Newell 325,37.17,9,0.0,11.151
641,CA-2016-147067,12/18/2016,12/22/2016,Standard Class,JD-16150,Justin Deggeller,Corporate,United States,Minneapolis,Minnesota,55407,Central,FUR-FU-10000732,Furniture,Furnishings,Eldon 200 Class Desk Accessories,18.84,3,0.0,6.0288
6014,CA-2016-159016,3/10/2016,3/11/2016,First Class,KF-16285,Karen Ferguson,Home Office,United States,Los Angeles,California,90008,West,OFF-PA-10004405,Office Supplies,Paper,Rediform Voice Mail Log Books,14.9,5,0.0,7.152
6198,CA-2015-149909,11/13/2015,11/17/2015,Standard Class,RA-19915,Russell Applegate,Consumer,United States,Columbus,Indiana,47201,Central,OFF-PA-10000726,Office Supplies,Paper,"Black_Print_Carbonless_Snap-Off_Rapid_Letter,_8_1/2""_x_7""",63.77,7,0.0,28.6965
2992,CA-2016-139010,2/21/2016,2/26/2016,Second Class,MC-17635,Matthew Clasen,Corporate,United States,Los Angeles,California,90032,West,OFF-BI-10002309,Office Supplies,Binders,Avery Heavy-Duty EZD  Binder With Locking Rings,31.248,7,0.2,10.9368
4315,CA-2015-115945,6/25/2015,7/1/2015,Standard Class,AB-10165,Alan Barnes,Consumer,United States,Los Angeles,California,90045,West,OFF-AR-10004062,Office Supplies,Art,Staples in misc. colors,20.96,2,0.0,5.24
2480,CA-2017-141992,6/19/2017,6/25/2017,Standard Class,FO-14305,Frank Olsen,Consumer,United States,Seattle,IL,93862,East,OFF-SU-10002557,Office Supplies,Supplies,Fiskars Spring-Action Scissors,11.184,1,0.2,0.8388
4461,NEW-239-20260304121052,2017-11-21 00:00:00,2017-11-24 00:00:00,First Class,DS-13030,Darrin Sayre,Home Office,United States,Aurora,Colorado,80013,West,OFF-ST-10001522,Office Supplies,Storage,"Gould Plastics 18-Pocket Panel Bin, 34w x 5-1/4d x 20-1/2h",142.05,2,0.2,-32.15
1377,CA-2014-126361,8/4/2014,8/9/2014,Second Class,VD-21670,Valerie Dominguez,Consumer,United States,Pleasant Grove,Utah,84062,West,OFF-PA-10000806,Office Supplies,Paper,Xerox 1934,447.84,8,0.0,219.4416
9220,US-2015-164238,8/16/2015,8/20/2015,Standard Class,JW-15955,Joni Wasserman,Consumer,United States,Philadelphia,Pennsylvania,19120,East,FUR-BO-10000780,Furniture,Bookcases,O'Sullivan_Plantations_2-Door_Library_in_Landvery_Oak,301.47,3,0.5,-204.9996
6745,NEW-81-20260304121052,2017-09-23 00:00:00,2017-09-24 00:00:00,Second Class,CS-12355,Christine Sundaresam,Consumer,United States,Dublin,Ohio,43017,East,TEC-AC-10001606,Technology,Accessories,Logitech Wireless Performance Mouse MX for PC and Mac,588.47,6,0.2,170.74
9941,NEW-170-20260304121052,2017-04-24 00:00:00,2017-05-01 00:00:00,Standard Class,NS-18640,Noel Staavos,Corporate,United States,New York City,New York,10009,East,OFF-AR-10000462,Office Supplies,Art,Sanford Pocket Accent Highlighters,10.79,7,0.0,6.73
6395,CA-2016-129126,12/14/2016,12/19/2016,Standard Class,PK-19075,Pete Kriz,Consumer,United States,New York City,New York,10011,East,FUR-FU-10002937,Furniture,Furnishings,"GE 48"" Fluorescent Tube, Cool White Energy Saver, 34 Watts, 30/Box",396.92,4,0.0,198.46
8828,US-2014-157847,4/2/2014,4/6/2014,Second Class,SC-20020,Sam Craven,Consumer,United States,Houston,Texas,77095,Central,OFF-PA-10001593,Office Supplies,Paper,Xerox 1947,33.488,7,0.2,10.465
5067,CA-2017-142090,11/30/2017,12/7/2017,Standard Class,SC-20380,Shahid Collister,Consumer,United States,Burlington,North Carolina,27217,South,FUR-TA-10001889,Furniture,Tables,Bush Advantage Collection Racetrack Conference Table,1781.682,7,0.4,-653.2834
626,NEW-6-20260304121052,2016-03-29 00:00:00,2016-04-03 00:00:00,Standard Class,SF-20965,Sylvia Foulston,Corporate,United States,Dearborn,Michigan,48126,Central,OFF-AR-10004042,Office Supplies,Art,"BOSTON Model 1800 Electric Pencil Sharpeners, Putty/Woodgrain",154.03,9,0.0,39.98
2541,CA-2015-113404,7/16/2015,7/16/2015,Same Day,EM-13810,Eleni McCrary,Corporate,United States,San Francisco,California,94122,West,FUR-CH-10004086,Furniture,Chairs,Hon 4070 Series Pagoda Armless Upholstered Stacking Chairs,700.152,3,0.2,78.7671
1044,NEW-96-20260304121052,2017-11-22 00:00:00,2017-11-29 00:00:00,First Class,NS-18640,Noel Staavos,Corporate,United States,Chicago,Illinois,60610,Central,OFF-AR-10001130,Office Supplies,Art,"Quartet Alpha White Chalk, 12/Pack",9.29,5,0.2,2.61
3832,US-2015-111927,11/14/2015,11/19/2015,Standard Class,LS-17230,Lycoris Saunders,Consumer,United States,Dover,Delaware,19901,East,FUR-FU-10004017,Furniture,Furnishings,"Executive Impressions 13"" Chairman Wall Clock",76.14,3,0.0,26.649
1489,NEW-213-20260304121052,2016-02-27 00:00:00,2016-03-03 00:00:00,Standard Class,CM-12655,Corinna Mitchell,Home Office,United States,Los Angeles,California,90008,West,FUR-FU-10003347,Furniture,Furnishings,Coloredge Poster Frame,41.05,3,0.0,23.2
3677,CA-2015-156440,12/5/2015,12/9/2015,Standard Class,MH-17620,Matt Hagelstein (corrected),Corporate,United States,San Diego,California,92105,West,FUR-FU-10004090,Furniture,Furnishings,"Executive_Impressions_14""_Contract_Wall_Clock",44.46,2,0.0,14.6718
4758,US-2017-144582,4/30/2017,5/5/2017,Standard Class,TC-21475,Tony Chapman,Home Office,United States,Seattle,AZ,16503,East,OFF-BI-10001575,Office Supplies,Binders,GBC Linen Binding Covers,43.372,7,0.8,-69.3952
7580,CA-2015-123113,11/23/2015,11/27/2015,Second Class,AT-10735,Annie Thurman,Consumer,United States,Morristown,New Jersey,7960,East,OFF-AP-10000275,Office Supplies,Appliances,"Sanyo Counter Height Refrigerator with Crisper, 3.6 Cubic Foot, Stainless Steel/Black",2625.12,8,0.0,735.0336
6603,CA-2014-154095,12/2/2014,12/7/2014,Standard Class,ON-18715,Odella Nelson,Corporate,United States,Los Angeles,IL,94378,South,OFF-LA-10000634,Office Supplies,Labels,Avery 509,15.66,6,0.0,7.2036
6361,CA-2015-115693,12/10/2015,12/15/2015,Standard Class,FC-14245,Frank Carlisle,Home Office,United States,Los Angeles,California,90032,West,OFF-AR-10003582,Office Supplies,Art,"Boston Electric Pencil Sharpener, Model 1818, Charcoal Black",56.3,2,0.0,15.764
9238,CA-2016-126732,9/2/2016,9/6/2016,Standard Class,LR-16915,Lena Radford,Consumer,United States,Los Angeles,California,90036,West,OFF-BI-10001553,Office Supplies,Binders,SpineVue Locking Slant-D Ring Binders by Cardinal,7.312,1,0.2,2.5592
2216,CA-2017-129378,10/1/2017,10/2/2017,First Class,NS-18505,Neola Schneider,Consumer,United States,San Jose,California,95123,West,OFF-AP-10000576,Office Supplies,Appliances,"Belkin 325VA UPS Surge Protector, 6'",241.96,2,0.0,60.49
3452,CA-2014-168592,9/8/2014,9/14/2014,Standard Class,DP-13390,Dennis Pardue (corrected),Home Office,United States,San Francisco,California,94110,West,OFF-FA-10002988,Office Supplies,Fasteners,Ideal_Clamps,4.02,2,0.0,1.9698
4221,CA-2017-134565,6/11/2017,6/13/2017,Second Class,TB-21400,Tom Boeckenhauer,Consumer,United States,Seattle,Washington,98103,West,OFF-BI-10001759,Office Supplies,Binders,"Acco Pressboard Covers with Storage Hooks, 14 7/8"" x 11"", Dark Blue",18.288,6,0.2,6.6294
6723,CA-2017-102974,9/19/2017,9/24/2017,Standard Class,DP-13105,Dave Poirier,Corporate,United States,Houston,IL,32474,East,OFF-AR-10004956,Office Supplies,Art,Newell 33,16.74,3,0.0,4.8546
2206,CA-2016-164350,9/10/2016,9/12/2016,Second Class,CG-12040,Catherine Glotzbach,Home Office,United States,Los Angeles,IL,40721,East,OFF-AR-10000538,Office Supplies,Art,"Boston Model 1800 Electric Pencil Sharpener, Gray",67.56,3,0.2,8.445
3676,CA-2017-154109,11/6/2017,11/11/2017,Standard Class,ML-17410,Maris LaWare,Consumer,United States,Philadelphia,Pennsylvania,19143,East,OFF-PA-10000157,Office Supplies,Paper,Xerox_191,47.952,3,0.2,16.1838
8838,US-2017-132675,9/24/2017,9/28/2017,Standard Class,KF-16285,Karen Ferguson,Home Office,United States,Houston,IL,44972,West,OFF-LA-10003766,Office Supplies,Labels,Self-Adhesive Removable Labels,15.75,5,0.0,7.56
9582,CA-2017-152975,9/14/2017,9/16/2017,First Class,RB-19705,Roger Barcio,Home Office,United States,New York City,New York,10035,East,FUR-CH-10003298,Furniture,Chairs,"Office Star - Contemporary Task Swivel chair with Loop Arms, Charcoal",589.41,5,0.1,-6.549
5848,CA-2015-126725,11/17/2015,11/21/2015,Standard Class,BS-11665,Brian Stugart,Consumer,United States,San Diego,California,92105,West,FUR-FU-10001591,Furniture,Furnishings,Advantus Panel Wall Certificate Holder - 8.5x11,36.6,3,0.0,15.372
4084,US-2017-151316,6/24/2017,6/30/2017,Standard Class,MC-17635,Matthew Clasen,Corporate,United States,Decatur,Illinois,62521,Central,OFF-PA-10000327,Office Supplies,Paper,Xerox 1971,10.272,3,0.2,3.21
3652,CA-2017-109960,12/9/2017,12/11/2017,Second Class,DB-13210,Dean Braden,Consumer,United States,Detroit,Michigan,48234,Central,OFF-AR-10001860,Office Supplies,Art,BIC Liqua Brite Liner,34.7,5,0.0,12.492
1560,CA-2016-126809,4/9/2016,4/13/2016,Standard Class,EB-13750,Edward Becker,Corporate,United States,Seattle,Washington,98103,West,OFF-BI-10003712,Office Supplies,Binders,"Acco Pressboard Covers with Storage Hooks, 14 7/8"" x 11"", Light Blue",35.352,9,0.2,12.8151
8062,CA-2015-156013,9/20/2015,9/26/2015,Standard Class,TC-20980,Tamara Chand,Corporate,United States,Long Beach,New York,11561,East,OFF-BI-10002437,Office Supplies,Binders,Recycled Premium Regency Composition Covers,24.448,2,0.2,8.8624
6965,CA-2016-157161,7/16/2016,7/20/2016,Second Class,JD-15895,Jonathan Doherty,Corporate,United States,Columbia,South Carolina,29203,South,OFF-BI-10004728,Office Supplies,Binders,Wilson Jones Turn Tabs Binder Tool for Ring Binders,24.1,5,0.0,11.086
2455,CA-2017-140949,3/17/2017,3/22/2017,Second Class,DB-13405,Denny Blanton,Consumer,United States,New York City,New York,10011,East,TEC-AC-10003038,Technology,Accessories,Kingston_Digital_DataTraveler_16GB_USB_2.0,71.6,8,0.0,13.604
6453,NEW-46-20260304121052,2016-03-25 00:00:00,2016-03-26 00:00:00,Second Class,PR-18880,Patrick Ryan,Consumer,United States,Glenview,Illinois,60025,Central,TEC-PH-10001750,Technology,Phones,Samsung Rugby III,150.62,3,0.2,10.57
973,CA-2014-115791,1/16/2014,1/18/2014,Second Class,DL-13315,Delfina Latchford,Consumer,United States,Philadelphia,Pennsylvania,19134,East,OFF-BI-10001575,Office Supplies,Binders,GBC Linen Binding Covers,18.588,2,0.7,-13.6312
105,US-2015-156867,11/13/2015,11/17/2015,Standard Class,LC-16870,Lena Cacioppo,Consumer,United States,Aurora,Colorado,80013,West,FUR-FU-10004006,Furniture,Furnishings,"Deflect-o DuraMat Lighweight, Studded, Beveled Mat for Low Pile Carpeting",102.36,3,0.2,-3.8385
5525,CA-2016-147123,12/10/2016,12/12/2016,First Class,SJ-20125,Sanjit Jacobs (corrected),Home Office,United States,Long Beach,California,90805,West,OFF-PA-10000575,Office Supplies,Paper,"Wirebound_Message_Books,_Four_2_3/4_x_5_White_Forms_per_Page",80.28,12,0.0,36.9288
6602,CA-2014-154095,12/2/2014,12/7/2014,Standard Class,ON-18715,Odella Nelson,Corporate,United States,Clinton,Maryland,20735,East,FUR-CH-10004754,Furniture,Chairs,"Global Stack Chair with Arms, Black",239.84,8,0.0,64.7568
7840,US-2014-137869,3/28/2014,4/2/2014,Standard Class,CV-12295,Christina VanderZanden,Consumer,United States,Des Moines,Iowa,50315,Central,OFF-EN-10001509,Office Supplies,Envelopes,Poly String Tie Envelopes,6.12,3,0.0,2.8764
3833,US-2015-111927,11/14/2015,11/19/2015,Standard Class,LS-17230,Lycoris Saunders,Consumer,United States,Dover,Delaware,19901,East,OFF-BI-10002571,Office Supplies,Binders,"Avery Framed View Binder, EZD Ring (Locking), Navy, 1 1/2""",19.96,2,0.0,9.3812
3966,NEW-420-20260304121052,2014-11-29 00:00:00,2014-12-07 00:00:00,Second Class,DM-13345,Denise Monton,Corporate,United States,Asheville,North Carolina,28806,South,OFF-AR-10003651,Office Supplies,Art,Newell 350,8.24,3,0.2,0.73
8365,NEW-39-20260304121052,2017-06-21 00:00:00,2017-06-29 00:00:00,Standard Class,JL-15235,Janet Lee,Consumer,United States,Kissimmee,Florida,34741,South,TEC-PH-10002624,Technology,Phones,Samsung Galaxy S4 Mini,1046.92,2,0.2,67.3
7012,US-2014-135881,5/23/2014,5/27/2014,Standard Class,GT-14710,Greg Tran,Consumer,United States,New York City,New York,10035,East,OFF-SU-10003002,Office Supplies,Supplies,Letter Slitter,5.04,2,0.0,0.1512
3538,NEW-94-20260304121052,2014-05-14 00:00:00,2014-05-21 00:00:00,Same Day,SB-20290,Sean Braxton,Corporate,United States,Henderson,Kentucky,42420,South,OFF-ST-10000107,Office Supplies,Storage,Fellowes Super Stor/Drawer,75.31,3,0.0,12.38
6285,CA-2016-100944,9/24/2016,9/28/2016,Standard Class,EH-13765,Edward Hooks (corrected),Corporate,United States,Los Angeles,California,90049,West,FUR-CH-10000988,Furniture,Chairs,Hon_Olson_Stacker_Stools,563.24,5,0.2,56.324
2166,CA-2016-154018,10/13/2016,10/19/2016,Standard Class,HA-14920,Helen Andreada,Consumer,United States,Laredo,Texas,78041,Central,FUR-FU-10003394,Furniture,Furnishings,"Tenex ""The Solids"" Textured Chair Mats",139.92,5,0.6,-150.414
8223,CA-2014-152905,2/18/2014,2/24/2014,Standard Class,AB-10015,Aaron Bergman,Consumer,United States,Arlington,Texas,76017,Central,OFF-ST-10000321,Office Supplies,Storage,Akro Stacking Bins,12.624,2,0.2,-2.5248
9183,CA-2017-156776,8/7/2017,8/11/2017,Standard Class,JL-15505,Jeremy Lonsdale,Consumer,United States,Westminster,California,92683,West,TEC-AC-10004803,Technology,Accessories,Sony Micro Vault Click 4 GB USB 2.0 Flash Drive,55.76,4,0.0,7.8064
8435,US-2014-127635,9/14/2014,9/18/2014,Second Class,SC-20260,Scott Cohen (corrected),Corporate,United States,Corpus Christi,Texas,78415,Central,FUR-FU-10000550,Furniture,Furnishings,Stacking_Trays_by_OIC,9.96,5,0.6,-6.723
2350,CA-2017-109701,12/2/2017,12/3/2017,Same Day,AM-10360,Alice McCarthy (corrected),Corporate,United States,Los Angeles,California,90032,West,OFF-BI-10000632,Office Supplies,Binders,Satellite_Sectional_Post_Binders,69.456,2,0.2,22.5732
8552,CA-2015-121132,7/17/2015,7/24/2015,Standard Class,VB-21745,Victoria Brennan,Corporate,United States,Seattle,AZ,36606,South,OFF-FA-10004248,Office Supplies,Fasteners,Advantus T-Pin Paper Clips,14.432,4,0.2,3.4276
5104,CA-2015-167374,3/26/2015,3/30/2015,Second Class,GM-14500,Gene McClure,Consumer,United States,Philadelphia,Pennsylvania,19140,East,OFF-PA-10001950,Office Supplies,Paper,Southworth 25% Cotton Antique Laid Paper & Envelopes,40.032,6,0.2,12.51
1550,NEW-472-20260304121052,2014-12-01 00:00:00,2014-12-03 00:00:00,First Class,EP-13915,Emily Phan,Consumer,United States,New York City,New York,10011,East,TEC-CO-10001046,Technology,Copiers,Canon Imageclass D680 Copier / Fax,768.94,1,0.2,189.21
4184,US-2017-136868,10/6/2017,10/12/2017,Standard Class,CR-12820,Cyra Reiten,Home Office,United States,New York City,New York,10035,East,OFF-ST-10000991,Office Supplies,Storage,Space Solutions HD Industrial Steel Shelving.,344.91,3,0.0,10.3473
1817,CA-2015-164833,6/4/2015,6/4/2015,Same Day,LL-16840,Lauren Leatherbury,Consumer,United States,Los Angeles,TX,84392,East,OFF-AR-10004685,Office Supplies,Art,"Binney & Smith Crayola Metallic Colored Pencils, 8-Color Set",9.26,2,0.0,3.0558
2329,CA-2017-138422,9/23/2017,9/26/2017,First Class,KN-16705,Kristina Nunn,Home Office,United States,Fort Collins,Colorado,80525,West,OFF-EN-10004147,Office Supplies,Envelopes,Wausau Papers Astrobrights Colored Envelopes,14.352,3,0.2,5.2026
6701,CA-2017-145429,7/21/2017,7/25/2017,Standard Class,SW-20455,Shaun Weien,Consumer,United States,San Diego,California,92024,West,OFF-BI-10001524,Office Supplies,Binders,GBC Premium Transparent Covers with Diagonal Lined Pattern,50.352,3,0.2,17.6232
2454,CA-2017-140949,3/17/2017,3/22/2017,Second Class,DB-13405,Denny Blanton,Consumer,United States,New York City,New York,10011,East,TEC-AC-10002399,Technology,Accessories,SanDisk Cruzer 32 GB USB Flash Drive,57.06,3,0.0,18.2592
498,NEW-290-20260304121052,2017-01-16 00:00:00,2017-01-24 00:00:00,Standard Class,SC-20095,Sanjit Chand,Consumer,United States,Costa Mesa,California,92627,West,FUR-FU-10004864,Furniture,Furnishings,"Howard Miller 14-1/2"" Diameter Chrome Round Wall Clock",344.86,4,0.0,89.68
5122,NEW-91-20260304121052,2014-06-26 00:00:00,2014-06-27 00:00:00,Standard Class,KB-16585,Ken Black,Corporate,United States,Lafayette,Louisiana,70506,South,TEC-AC-10002926,Technology,Accessories,Logitech Wireless Marathon Mouse M705,133.39,2,0.0,42.62
4549,CA-2015-126557,7/12/2015,7/17/2015,Second Class,RL-19615,Rob Lucas (corrected),Consumer,United States,Chicago,Illinois,60610,Central,FUR-FU-10001861,Furniture,Furnishings,"Floodlight_Indoor_Halogen_Bulbs,_1_Bulb_per_Pack,_60_Watts",7.76,1,0.6,-2.134
3157,NEW-221-20260304121052,2015-12-25 00:00:00,2016-01-03 00:00:00,Standard Class,EM-13810,Eleni McCrary,Corporate,United States,New York City,New York,10009,East,FUR-TA-10001539,Furniture,Tables,Chromcraft Rectangular Conference Tables,373.04,2,0.4,-73.93
3690,NEW-169-20260304121052,2017-06-10 00:00:00,2017-06-11 00:00:00,Second Class,DO-13435,Denny Ordway,Consumer,United States,Mesa,Arizona,85204,West,OFF-EN-10001141,Office Supplies,Envelopes,"Manila Recycled Extra-Heavyweight Clasp Envelopes, 6"" x 9""",42.88,5,0.2,23.35
472,NEW-119-20260304121052,2014-12-03 00:00:00,2014-12-07 00:00:00,Second Class,JP-15520,Jeremy Pistek,Consumer,United States,San Francisco,California,94110,West,OFF-ST-10002743,Office Supplies,Storage,SAFCO Boltless Steel Shelving,462.59,3,0.0,3.77
9185,CA-2017-156776,8/7/2017,8/11/2017,Standard Class,JL-15505,Jeremy Lonsdale,Consumer,United States,Westminster,California,92683,West,FUR-FU-10004848,Furniture,Furnishings,"Howard Miller 13-3/4"" Diameter Brushed Chrome Round Wall Clock",51.75,1,0.0,15.525
2605,CA-2016-165848,6/4/2016,6/4/2016,Same Day,EN-13780,Edward Nazzal (corrected),Consumer,United States,New York City,New York,10035,East,FUR-FU-10003878,Furniture,Furnishings,"Linden_10""_Round_Wall_Clock,_Black",61.12,4,0.0,20.7808
1840,CA-2014-117345,8/1/2014,8/5/2014,Standard Class,BF-10975,Barbara Fisher,Corporate,United States,Charlotte,North Carolina,28205,South,OFF-AP-10001005,Office Supplies,Appliances,Honeywell Quietcare HEPA Air Cleaner,62.92,1,0.2,10.2245
2082,CA-2015-120103,12/24/2015,12/29/2015,Standard Class,MS-17365,Maribeth Schnelling,Consumer,United States,Phoenix,Arizona,85023,West,FUR-FU-10002885,Furniture,Furnishings,Magna Visual Magnetic Picture Hangers,7.712,2,0.2,1.7352
3593,NEW-5-20260304121052,2017-05-24 00:00:00,2017-05-30 00:00:00,Second Class,JG-15160,James Galang,Consumer,United States,New York City,New York,10024,East,OFF-ST-10002615,Office Supplies,Storage,"Dual Level, Single-Width Filing Carts",614.6,3,0.0,132.3
675,CA-2017-130351,12/5/2017,12/8/2017,First Class,RB-19570,Rob Beeghly,Consumer,United States,Columbus,Indiana,47201,Central,OFF-PA-10002137,Office Supplies,Paper,"Southworth 100% Résumé Paper, 24lb.",38.9,5,0.0,17.505
996,CA-2014-117639,5/21/2014,5/25/2014,Standard Class,MW-18235,Mitch Willingham (corrected),Corporate,United States,Virginia Beach,Virginia,23464,South,TEC-PH-10001530,Technology,Phones,Plantronics_Voyager_Pro_Legend,617.97,3,0.0,173.0316
7862,CA-2015-142993,10/12/2015,10/17/2015,Standard Class,KA-16525,Kelly Andreada,Consumer,United States,Seattle,Washington,98103,West,TEC-AC-10003038,Technology,Accessories,Kingston Digital DataTraveler 16GB USB 2.0,17.9,2,0.0,3.401
6257,NEW-105-20260304121052,2015-12-30 00:00:00,2016-01-04 00:00:00,Second Class,AT-10435,Alyssa Tate,Home Office,United States,Tamarac,Florida,33319,South,OFF-BI-10003166,Office Supplies,Binders,GBC Plasticlear Binding Covers,4.19,1,0.7,-1.85
2766,CA-2017-165757,6/22/2017,6/28/2017,Standard Class,PL-18925,Paul Lucas,Home Office,United States,Philadelphia,Pennsylvania,19140,East,OFF-ST-10004835,Office Supplies,Storage,Plastic Stacking Crates & Casters,8.928,2,0.2,0.6696
5869,CA-2016-158211,1/4/2016,1/8/2016,Standard Class,BP-11185,Ben Peterman,Corporate,United States,Philadelphia,Pennsylvania,19143,East,OFF-BI-10002026,Office Supplies,Binders,Avery Arch Ring Binders,104.58,6,0.7,-80.178
5978,CA-2017-116953,4/24/2017,4/25/2017,First Class,SV-20935,Susan Vittorini,Consumer,United States,Los Angeles,CA,74958,Central,TEC-PH-10004614,Technology,Phones,AT&T 841000 Phone,552.0,10,0.2,34.5
2800,NEW-493-20260304121052,2018-02-05 00:00:00,2018-02-12 00:00:00,Standard Class,IG-15085,Ivan Gibson,Consumer,United States,Little Rock,Arkansas,72209,South,OFF-BI-10003364,Office Supplies,Binders,Binding Machine Supplies,134.22,5,0.0,71.14
3784,CA-2017-165204,11/13/2017,11/16/2017,Second Class,MN-17935,Michael Nguyen,Consumer,United States,Memphis,Tennessee,38109,South,OFF-ST-10003716,Office Supplies,Storage,Tennsco Double-Tier Lockers,720.064,4,0.2,-63.0056
9964,CA-2015-143700,7/26/2015,7/26/2015,Same Day,AS-10240,Alan Shonely,Consumer,United States,Philadelphia,Pennsylvania,19140,East,OFF-PA-10003072,Office Supplies,Paper,"Eureka Recycled Copy Paper 8 1/2"" x 11"", Ream",10.368,2,0.2,3.6288
1607,NEW-497-20260304121052,2016-07-12 00:00:00,2016-07-14 00:00:00,Second Class,JO-15280,Jas O'Carroll,Consumer,United States,Los Angeles,California,90049,West,OFF-AR-10004456,Office Supplies,Art,Panasonic KP-4ABK Battery-Operated Pencil Sharpener,72.75,5,0.0,18.66
5996,NEW-182-20260304121052,2017-02-07 00:00:00,2017-02-11 00:00:00,Same Day,NS-18640,Noel Staavos,Corporate,United States,Columbus,Ohio,43229,East,FUR-CH-10003298,Furniture,Chairs,"Office Star - Contemporary Task Swivel chair with Loop Arms, Charcoal",401.07,5,0.3,-169.41
6139,CA-2014-131247,3/30/2014,4/4/2014,Standard Class,GA-14725,Guy Armstrong,Consumer,United States,San Francisco,California,94110,West,FUR-BO-10001337,Furniture,Bookcases,O'Sullivan Living Dimensions 2-Shelf Bookcases,205.666,2,0.15,-12.098
858,CA-2014-125612,8/3/2014,8/8/2014,Standard Class,BK-11260,Berenike Kampe,Consumer,United States,New York City,New York,10035,East,OFF-ST-10003221,Office Supplies,Storage,Staple magnet,21.36,2,0.0,5.7672
1325,CA-2014-107153,9/28/2014,10/3/2014,Standard Class,GZ-14545,George Zrebassa,Corporate,United States,Chicago,NY,79684,South,OFF-ST-10001321,Office Supplies,Storage,"Decoflex Hanging Personal Folder File, Blue",46.26,3,0.0,12.4902
1195,NEW-351-20260304121052,2015-12-12 00:00:00,2015-12-18 00:00:00,Same Day,NG-18355,Nat Gilpin,Corporate,United States,Coral Springs,Florida,33065,South,FUR-FU-10002268,Furniture,Furnishings,Ultra Door Push Plate,16.37,4,0.2,3.2
9358,CA-2016-168046,1/25/2016,1/28/2016,Second Class,JD-15895,Jonathan Doherty,Corporate,United States,New York City,New York,10024,East,OFF-BI-10003676,Office Supplies,Binders,"GBC Standard Recycled Report Covers, Clear Plastic Sheets",43.12,5,0.2,15.092
4712,NEW-276-20260304121052,2014-07-31 00:00:00,2014-08-08 00:00:00,Same Day,JO-15280,Jas O'Carroll,Consumer,United States,Philadelphia,Pennsylvania,19120,East,OFF-BI-10003529,Office Supplies,Binders,Avery Round Ring Poly Binders,0.73,1,0.7,-0.53
1082,CA-2015-110016,11/29/2015,12/4/2015,Standard Class,BT-11395,Bill Tyler,Corporate,United States,Detroit,Michigan,48227,Central,FUR-CH-10002880,Furniture,Chairs,"Global_High-Back_Leather_Tilter,_Burgundy",1106.91,9,0.0,121.7601
6167,CA-2014-103989,3/19/2014,3/21/2014,First Class,MC-17605,Matt Connell,Corporate,United States,Lakeland,Florida,33801,South,TEC-AC-10002647,Technology,Accessories,"Logitech Wireless_Boombox_Speaker_-_portable_-_wireless,_wired",170.24,2,0.2,53.2
2832,CA-2014-148915,11/1/2014,11/5/2014,Standard Class,ND-18370,Natalie DeCherney,Consumer,United States,Los Angeles,IL,20370,South,OFF-ST-10001128,Office Supplies,Storage,"Carina Mini System Audio Rack, Model AR050B",443.92,5,0.2,-94.333
4320,CA-2014-152345,12/29/2014,1/3/2015,Second Class,ST-20530,Shui Tom,Consumer,United States,Albuquerque,New Mexico,87105,West,TEC-PH-10004897,Technology,Phones,Mediabridge Sport Armband iPhone 5s,23.976,3,0.2,-5.6943
3714,CA-2017-166198,4/21/2017,4/24/2017,First Class,JW-15955,Joni Wasserman,Consumer,United States,Seattle,IL,24460,South,FUR-FU-10004622,Furniture,Furnishings,Eldon Advantage Foldable Chair Mats for Low Pile Carpets,162.6,3,0.0,34.146
9848,CA-2017-169327,9/2/2017,9/4/2017,Second Class,MH-17290,Marc Harrigan,Home Office,United States,Los Angeles,California,90008,West,FUR-FU-10004188,Furniture,Furnishings,Luxo Professional Combination Clamp-On Lamps,511.5,5,0.0,132.99
2675,CA-2017-136875,12/3/2017,12/3/2017,Same Day,TC-21295,Toby Carlisle,Consumer,United States,Phoenix,WA,91269,West,OFF-PA-10000357,Office Supplies,Paper,Xerox 1888,166.44,3,0.0,79.8912
9275,US-2014-134054,10/10/2014,10/10/2014,Same Day,FC-14335,Fred Chung (corrected),Corporate,United States,Albuquerque,New Mexico,87105,West,OFF-AR-10000937,Office Supplies,Art,"Dixon_Ticonderoga_Core-Lock_Colored_Pencils,_48-Color_Set",255.85,7,0.0,112.574
6437,US-2017-116897,5/27/2017,5/29/2017,First Class,JG-15160,James Galang,Consumer,United States,Pocatello,Idaho,83201,West,OFF-ST-10000025,Office Supplies,Storage,Fellowes Stor/Drawer Steel Plus Storage Drawers,477.15,5,0.0,28.629
4434,CA-2016-168893,11/3/2016,11/8/2016,Second Class,AP-10915,Arthur Prichep,Consumer,United States,Los Angeles,CA,37763,Central,OFF-AR-10003772,Office Supplies,Art,Boston 16750 Black Compact Battery Pencil Sharpener,8.75,1,0.0,2.625
776,CA-2017-104220,1/30/2017,2/5/2017,Standard Class,BV-11245,Benjamin Venier,Corporate,United States,New York,NY,11773,South,FUR-FU-10002597,Furniture,Furnishings,"C-Line Magnetic Cubicle Keepers, Clear Polypropylene",34.58,7,0.0,14.5236
1281,NEW-79-20260304121052,2016-12-12 00:00:00,2016-12-15 00:00:00,First Class,TR-21325,Toby Ritter,Consumer,United States,Cedar Rapids,Iowa,52402,Central,TEC-PH-10003505,Technology,Phones,Geemarc AmpliPOWER60,378.46,3,0.0,107.44
1393,NEW-313-20260304121052,2016-03-28 00:00:00,2016-04-01 00:00:00,Same Day,PP-18955,Paul Prost,Home Office,United States,Smyrna,Georgia,30080,South,OFF-PA-10003892,Office Supplies,Paper,Xerox 1943,306.73,7,0.0,235.6
7646,CA-2015-161452,4/5/2015,4/11/2015,Standard Class,CA-11965,Carol Adams,Corporate,United States,Los Angeles,California,90036,West,FUR-CH-10003973,Furniture,Chairs,GuestStacker Chair with Chrome Finish Legs,892.224,3,0.2,89.2224
8410,NEW-226-20260304121052,2016-06-03 00:00:00,2016-06-07 00:00:00,Standard Class,JK-15640,Jim Kriz,Home Office,United States,San Bernardino,California,92404,West,OFF-BI-10004230,Office Supplies,Binders,GBC Recycled Grain Textured Covers,149.79,4,0.2,31.97
1072,NEW-392-20260304121052,2016-06-12 00:00:00,2016-06-19 00:00:00,Standard Class,EH-14005,Erica Hernandez,Home Office,United States,Denver,Colorado,80219,West,OFF-PA-10001970,Office Supplies,Paper,Xerox 1881,33.28,3,0.2,13.56
9521,CA-2016-101189,2/4/2016,2/9/2016,Standard Class,JB-15400,Jennifer Braxton,Corporate,United States,Los Angeles,NY,58268,East,OFF-ST-10004180,Office Supplies,Storage,Safco Commercial Shelving,93.02,2,0.0,3.7208
3459,CA-2017-136448,9/16/2017,9/18/2017,First Class,AS-10090,Adam Shillingsburg,Consumer,United States,Philadelphia,Pennsylvania,19143,East,OFF-BI-10002393,Office Supplies,Binders,Binder Posts,3.444,2,0.7,-2.7552
608,US-2014-105767,5/23/2014,5/27/2014,Standard Class,AR-10510,Andrew Roberts,Consumer,United States,Philadelphia,Pennsylvania,19134,East,OFF-BI-10000848,Office Supplies,Binders,Angle-D Ring Binders,3.282,2,0.7,-2.6256
3779,US-2017-148768,11/30/2017,12/2/2017,Second Class,PN-18775,Parhena Norris,Home Office,United States,Los Angeles,IL,94080,Central,TEC-PH-10002564,Technology,Phones,OtterBox Defender Series Case - Samsung Galaxy S4,71.976,3,0.2,8.997
3798,CA-2017-121314,9/23/2017,9/26/2017,First Class,BE-11410,Bobby Elias (corrected),Consumer,United States,Miami,Florida,33178,South,OFF-PA-10003395,Office Supplies,Paper,Xerox_1941,251.64,3,0.2,88.074
1558,CA-2016-109176,5/9/2016,5/15/2016,Standard Class,JW-16075,Julia West,Consumer,United States,Philadelphia,Pennsylvania,19140,East,OFF-AR-10001955,Office Supplies,Art,Newell 319,79.36,5,0.2,9.92
3325,CA-2014-165309,11/11/2014,11/15/2014,Standard Class,KD-16270,Karen Daniels,Consumer,United States,Houston,Texas,77095,Central,OFF-BI-10001359,Office Supplies,Binders,GBC_DocuBind_TL300_Electric_Binding_System,896.99,5,0.8,-1480.0335
9029,NEW-196-20260304121052,2017-03-06 00:00:00,2017-03-14 00:00:00,Standard Class,PO-18865,Patrick O'Donnell,Consumer,United States,Marlborough,Massachusetts,1752,East,FUR-FU-10004864,Furniture,Furnishings,"Howard Miller 14-1/2"" Diameter Chrome Round Wall Clock",233.05,3,0.0,50.8
4384,US-2015-122784,7/20/2015,7/27/2015,Standard Class,RA-19915,Russell Applegate,Consumer,United States,Highland Park,Illinois,60035,Central,FUR-BO-10004690,Furniture,Bookcases,O'Sullivan Cherrywood Estates Traditional Barrister Bookcase,384.944,4,0.3,-126.4816
9599,CA-2015-149517,9/19/2015,9/23/2015,Standard Class,FC-14245,Frank Carlisle,Home Office,United States,Sacramento,California,95823,West,FUR-FU-10003464,Furniture,Furnishings,"Seth Thomas 8 1/2"" Cubicle Clock",60.84,3,0.0,19.4688
237,CA-2017-160514,11/12/2017,11/16/2017,Standard Class,DB-13120,David Bremer (corrected),Corporate,United States,Santa Clara,California,95051,West,OFF-PA-10002479,Office Supplies,Paper,Xerox_4200_Series_MultiUse_Premium_Copy_Paper_(20Lb._and_84_Bright),10.56,2,0.0,4.752
719,CA-2014-104472,6/2/2014,6/7/2014,Standard Class,CK-12325,Christine Kargatis,Home Office,United States,Orem,Utah,84057,West,OFF-BI-10001658,Office Supplies,Binders,GBC Standard Therm-A-Bind Covers,59.808,3,0.2,19.4376
5535,US-2016-167472,6/6/2016,6/7/2016,First Class,CK-12595,Clytie Kelty,Consumer,United States,Houston,NY,61942,Central,OFF-PA-10000157,Office Supplies,Paper,Xerox 191,59.94,3,0.0,28.1718
4347,CA-2016-120355,9/18/2016,9/25/2016,Standard Class,MM-17260,Magdelene Morse (corrected),Consumer,United States,New Rochelle,New York,10801,East,FUR-CH-10001394,Furniture,Chairs,Global_Leather_Executive_Chair,631.782,2,0.1,140.396
8693,NEW-325-20260304121052,2016-08-20 00:00:00,2016-08-24 00:00:00,Standard Class,SP-20650,Stephanie Phelps,Corporate,United States,Akron,Ohio,44312,East,TEC-AC-10000420,Technology,Accessories,Logitech G500s Laser Gaming Mouse with Adjustable Weight Tuning,317.4,5,0.2,64.32
1381,CA-2014-126361,8/4/2014,8/9/2014,Second Class,VD-21670,Valerie Dominguez,Consumer,United States,New York,TX,44494,West,OFF-BI-10002852,Office Supplies,Binders,Ibico Standard Transparent Covers,13.184,1,0.2,4.7792
8757,NEW-287-20260304121052,2016-09-10 00:00:00,2016-09-12 00:00:00,Standard Class,MF-17665,Maureen Fritzler,Corporate,United States,Columbia,Maryland,21044,East,OFF-AP-10002350,Office Supplies,Appliances,Belkin F9H710-06 7 Outlet SurgeMaster Surge Protector,32.62,2,0.0,7.63
6140,NEW-292-20260304121052,2015-05-15 00:00:00,2015-05-23 00:00:00,First Class,NC-18415,Nathan Cano,Consumer,United States,Santa Maria,California,93454,West,OFF-ST-10000532,Office Supplies,Storage,Advantus Rolling Drawer Organizers,105.6,3,0.0,28.04
3660,CA-2015-128083,3/12/2015,3/17/2015,Standard Class,EB-13750,Edward Becker,Corporate,United States,Plantation,Florida,33317,South,FUR-FU-10001731,Furniture,Furnishings,Acrylic Self-Standing Desk Frames,6.408,3,0.2,1.4418
1631,CA-2016-106530,5/8/2016,5/8/2016,Same Day,CL-12565,Clay Ludtke,Consumer,United States,Cleveland,Ohio,44105,East,OFF-ST-10002011,Office Supplies,Storage,Smead Adjustable Mobile File Trolley with Lockable Top,1006.056,3,0.2,88.0299
1434,CA-2014-120768,12/19/2014,12/21/2014,Second Class,IM-15070,Irene Maddox,Consumer,United States,Florence,Alabama,35630,South,FUR-CH-10000513,Furniture,Chairs,High-Back Leather Manager's Chair,1819.86,14,0.0,163.7874
9680,CA-2015-130113,12/27/2015,12/31/2015,Standard Class,AH-10030,Aaron Hawkins,Corporate,United States,San Francisco,California,94122,West,OFF-ST-10000046,Office Supplies,Storage,Fellowes Super Stor/Drawer Files,323.1,2,0.0,61.389
8434,US-2014-127635,9/14/2014,9/18/2014,Second Class,SC-20260,Scott Cohen,Corporate,United States,Corpus Christi,Texas,78415,Central,OFF-PA-10004610,Office Supplies,Paper,Xerox_1900,6.848,2,0.2,2.14
3543,CA-2016-157511,9/18/2016,9/20/2016,First Class,SV-20365,Seth Vernon,Consumer,United States,Columbus,Ohio,43229,East,FUR-CH-10002647,Furniture,Chairs,"Situations Contoured Folding Chairs, 4/Set",99.372,2,0.3,-7.098
4806,CA-2015-137708,11/22/2015,11/25/2015,Second Class,NG-18430,Nathan Gelder,Consumer,United States,Los Angeles,California,90008,West,OFF-PA-10000176,Office Supplies,Paper,Xerox_1887,37.94,2,0.0,18.2112
6421,CA-2016-140130,10/31/2016,11/5/2016,Standard Class,HW-14935,Helen Wasserman (corrected),Corporate,United States,Tulsa,Oklahoma,74133,Central,OFF-AR-10004269,Office Supplies,Art,Newell_31,12.39,3,0.0,3.4692
7061,NEW-202-20260304121052,2017-05-06 00:00:00,2017-05-08 00:00:00,Same Day,WB-21850,William Brown,Consumer,United States,Anaheim,California,92804,West,OFF-BI-10002897,Office Supplies,Binders,"Black Avery Memo-Size 3-Ring Binder, 5 1/2"" x 8 1/2""",7.65,2,0.2,2.89
7340,CA-2015-159590,7/18/2015,7/21/2015,First Class,KC-16255,Karen Carlisle,Corporate,United States,Houston,TX,76111,West,OFF-AR-10003190,Office Supplies,Art,Newell 32,5.76,2,0.0,1.6128
5276,CA-2017-147333,12/14/2017,12/20/2017,Standard Class,KL-16555,Kelly Lampkin,Corporate,United States,Fayetteville,Arkansas,72701,South,TEC-AC-10004469,Technology,Accessories,Microsoft Sculpt Comfort Mouse,159.8,4,0.0,70.312
8379,CA-2015-162964,11/12/2015,11/18/2015,Standard Class,MF-18250,Monica Federle,Corporate,United States,Houston,TX,74659,South,OFF-PA-10003349,Office Supplies,Paper,Xerox 1957,15.552,3,0.2,5.6376
7649,CA-2016-138968,3/15/2016,3/16/2016,First Class,FC-14335,Fred Chung,Corporate,United States,San Francisco,California,94110,West,FUR-CH-10000309,Furniture,Chairs,Global_Comet_Stacking_Arm_Chair,1352.032,4,0.2,84.502
957,CA-2017-102414,5/15/2017,5/18/2017,Second Class,JA-15970,Joseph Airdo (corrected),Consumer,United States,Phoenix,Arizona,85023,West,TEC-PH-10002923,Technology,Phones,"Logitech_B530_USB Headset - headset -_Full_size,_Binaural",29.592,1,0.2,2.5893
8417,CA-2017-118199,5/9/2017,5/11/2017,First Class,LB-16795,Laurel Beltran,Home Office,United States,Seattle,Washington,98105,West,OFF-BI-10004330,Office Supplies,Binders,"GBC Velobind Prepunched Cover Sets, Regency Series",147.92,5,0.2,46.225
3887,CA-2016-167759,3/3/2016,3/8/2016,Second Class,CC-12670,Craig Carreira,Consumer,United States,Bloomington,Indiana,47401,Central,TEC-PH-10003171,Technology,Phones,Plantronics Encore H101 Dual Earpieces Headset,134.85,3,0.0,37.758
5155,NEW-404-20260304121052,2015-09-20 00:00:00,2015-09-25 00:00:00,First Class,KW-16570,Kelly Williams,Consumer,United States,Kirkwood,Missouri,63122,Central,OFF-BI-10002215,Office Supplies,Binders,"Wilson Jones Hanging View Binder, White, 1""",26.57,4,0.0,17.43
1541,CA-2017-121888,9/15/2017,9/17/2017,Second Class,CL-11890,Carl Ludwig (corrected),Consumer,United States,Everett,Massachusetts,2149,East,OFF-BI-10001765,Office Supplies,Binders,Wilson_Jones_Heavy-Duty_Casebound_Ring_Binders_with_Metal_Hinges,242.48,7,0.0,116.3904
1689,CA-2017-143798,12/10/2017,12/12/2017,First Class,AW-10840,Anthony Witt,Consumer,United States,Philadelphia,Pennsylvania,19140,East,FUR-FU-10004306,Furniture,Furnishings,Electrix Halogen Magnifier Lamp,310.88,2,0.2,23.316
9674,CA-2016-114867,12/23/2016,12/28/2016,Standard Class,FM-14290,Frank Merwin,Home Office,United States,Philadelphia,Pennsylvania,19143,East,TEC-PH-10002645,Technology,Phones,LG G2,1499.97,5,0.4,-374.9925
56,CA-2016-111682,6/17/2016,6/18/2016,First Class,TB-21055,Ted Butterfield,Consumer,United States,Phoenix,IL,52096,West,OFF-ST-10000604,Office Supplies,Storage,Home/Office Personal File Carts,208.56,6,0.0,52.14
8043,US-2017-133081,3/11/2017,3/15/2017,Standard Class,PV-18985,Paul Van Hugh,Home Office,United States,Cambridge,Massachusetts,2138,East,TEC-AC-10001772,Technology,Accessories,Memorex Mini Travel Drive 16 GB USB 2.0 Flash Drive,63.88,4,0.0,24.9132
3150,NEW-107-20260304121052,2015-01-20 00:00:00,2015-01-25 00:00:00,Standard Class,KH-16510,Keith Herrera,Consumer,United States,Seattle,Washington,98103,West,OFF-LA-10002043,Office Supplies,Labels,Avery 489,40.67,3,0.0,19.43
1538,NEW-75-20260304121052,2018-01-11 00:00:00,2018-01-15 00:00:00,Second Class,CL-11890,Carl Ludwig,Consumer,United States,Everett,Massachusetts,2149,East,TEC-PH-10000439,Technology,Phones,GE DSL Phone Line Filter,44.17,1,0.0,16.02
3421,CA-2016-134803,5/28/2016,6/3/2016,Standard Class,CL-12565,Clay Ludtke,Consumer,United States,Los Angeles,California,90004,West,OFF-AP-10000891,Office Supplies,Appliances,Kensington_7_Outlet_MasterPiece_HOMEOFFICE_Power_Control_Center,262.24,2,0.0,78.672
2734,CA-2014-107594,7/2/2014,7/6/2014,Standard Class,EH-13945,Eric Hoffmann (corrected),Consumer,United States,Plainfield,New Jersey,7060,East,OFF-AR-10000716,Office Supplies,Art,DIXON_Ticonderoga_Erasable_Checking_Pencils,5.58,1,0.0,2.1762
1537,CA-2016-112389,10/29/2016,11/2/2016,Standard Class,JM-15655,Jim Mitchum,Corporate,United States,Bridgeton,New Jersey,8302,East,OFF-AP-10001626,Office Supplies,Appliances,"Commercial WindTunnel Clean Air Upright Vacuum, Replacement Belts, Filtration Bags",11.67,3,0.0,3.0342
4424,CA-2017-159464,5/18/2017,5/19/2017,First Class,TB-21355,Todd Boyes,Corporate,United States,Sandy Springs,Georgia,30328,South,FUR-BO-10003546,Furniture,Bookcases,Hon 4-Shelf Metal Bookcases,302.94,3,0.0,75.735
230,NEW-24-20260304121052,2015-06-16 00:00:00,2015-06-20 00:00:00,Standard Class,VD-21670,Valerie Dominguez,Consumer,United States,Columbia,Tennessee,38401,South,FUR-CH-10004477,Furniture,Chairs,"Global Push Button Manager's Chair, Indigo",439.01,8,0.2,55.35
2324,CA-2015-109470,12/31/2015,1/3/2016,Second Class,KC-16255,Karen Carlisle,Corporate,United States,Henderson,Kentucky,42420,South,OFF-BI-10003707,Office Supplies,Binders,Aluminum Screw Posts,76.3,5,0.0,38.15
9280,CA-2017-122539,12/1/2017,12/5/2017,Standard Class,SC-20305,Sean Christensen (corrected),Consumer,United States,Philadelphia,Pennsylvania,19140,East,FUR-CH-10003379,Furniture,Chairs,Global_Commerce_Series_High-Back_Swivel/Tilt_Chairs,398.972,2,0.3,-28.498
2274,CA-2015-142944,3/6/2015,3/11/2015,Standard Class,JL-15850,John Lucas,Consumer,United States,San Francisco,California,94122,West,TEC-CO-10003763,Technology,Copiers,Canon PC1060 Personal Laser Copier,1119.984,2,0.2,377.9946
8799,US-2016-150140,4/6/2016,4/10/2016,Standard Class,VM-21685,Valerie Mitchum,Home Office,United States,Burlington,Vermont,5408,East,TEC-PH-10002555,Technology,Phones,Nortel Meridian M5316 Digital phone,1294.75,5,0.0,336.635
6237,CA-2016-144400,2/23/2016,2/27/2016,Standard Class,AC-10420,Alyssa Crouse,Corporate,United States,Philadelphia,Pennsylvania,19120,East,OFF-EN-10004386,Office Supplies,Envelopes,"Recycled_Interoffice_Envelopes_with_String_and_Button_Closure,_10_x_13",57.576,3,0.2,21.591
7233,CA-2017-153843,3/13/2017,3/15/2017,First Class,SC-20380,Shahid Collister (corrected),Consumer,United States,Fairfield,Connecticut,6824,East,OFF-PA-10003673,Office Supplies,Paper,Strathmore_Photo_Mount_Cards,27.12,4,0.0,12.4752
8476,NEW-246-20260304121052,2017-07-19 00:00:00,2017-07-20 00:00:00,Standard Class,NC-18625,Noah Childs,Corporate,United States,York,Pennsylvania,17403,East,OFF-PA-10001033,Office Supplies,Paper,Xerox 1893,72.89,2,0.2,33.01
3016,NEW-485-20260304121052,2015-10-15 00:00:00,2015-10-23 00:00:00,Standard Class,LS-16975,Lindsay Shagiari,Home Office,United States,New York City,New York,10035,East,FUR-TA-10004154,Furniture,Tables,"Riverside Furniture Oval Coffee Table, Oval End Table, End Table with Drawer",293.01,2,0.4,-130.4
1893,NEW-22-20260304121052,2018-05-10 00:00:00,2018-05-18 00:00:00,Second Class,JP-15520,Jeremy Pistek,Consumer,United States,Port Orange,Florida,32127,South,OFF-EN-10002621,Office Supplies,Envelopes,Staple envelope,8.76,1,0.2,3.62
3343,CA-2016-145982,8/27/2016,9/1/2016,Second Class,TB-21055,Ted Butterfield,Consumer,United States,Los Angeles,CA,16408,South,FUR-TA-10001307,Furniture,Tables,"SAFCO PlanMaster Heigh-Adjustable Drafting Table Base, 43w x 30d x 30-37h, Black",244.615,1,0.3,20.967
9691,NEW-490-20260304121052,2017-06-07 00:00:00,2017-06-15 00:00:00,First Class,TA-21385,Tom Ashbrook,Home Office,United States,New York City,New York,10035,East,OFF-AR-10001545,Office Supplies,Art,Newell 326,6.28,4,0.0,1.45
1802,NEW-192-20260304121052,2017-03-04 00:00:00,2017-03-10 00:00:00,Standard Class,AS-10135,Adrian Shami,Home Office,United States,Auburn,Washington,98002,West,FUR-FU-10004270,Furniture,Furnishings,"Eldon Image Series Desk Accessories, Burgundy",4.1,1,0.0,1.45
7559,NEW-214-20260304121052,2015-02-21 00:00:00,2015-02-23 00:00:00,Standard Class,DL-12925,Daniel Lacy,Consumer,United States,Long Beach,New York,11561,East,OFF-AP-10002518,Office Supplies,Appliances,Kensington 7 Outlet MasterPiece Power Center,548.46,3,0.0,194.53
4965,CA-2016-141180,5/15/2016,5/19/2016,Second Class,DP-13000,Darren Powers,Consumer,United States,New York,NY,43267,East,OFF-BI-10000301,Office Supplies,Binders,GBC Instant Report Kit,7.764,4,0.7,-5.176
9121,US-2016-155971,6/6/2016,6/12/2016,Standard Class,RB-19795,Ross Baird,Home Office,United States,Los Angeles,California,90036,West,OFF-PA-10000210,Office Supplies,Paper,Xerox_Blank_Computer_Paper,99.9,5,0.0,46.953
7426,CA-2016-101693,6/25/2016,6/27/2016,Second Class,LC-17140,Logan Currie,Consumer,United States,Houston,Texas,77070,Central,FUR-CH-10001146,Furniture,Chairs,"Global Value Mid-Back Manager's Chair, Gray",85.246,2,0.3,-6.089
9671,CA-2015-133396,8/13/2015,8/15/2015,First Class,GK-14620,Grace Kelly,Corporate,United States,Greensboro,North Carolina,27405,South,OFF-AR-10001446,Office Supplies,Art,Newell_309,64.68,7,0.2,8.085
8428,CA-2017-167017,11/23/2017,11/25/2017,First Class,DC-12850,Dan Campbell (corrected),Consumer,United States,Roseville,Michigan,48066,Central,OFF-SU-10001935,Office Supplies,Supplies,Staple_remover,4.36,2,0.0,0.1744
1688,CA-2017-143798,12/10/2017,12/12/2017,First Class,AW-10840,Anthony Witt,Consumer,United States,New York,TX,14190,Central,OFF-PA-10000788,Office Supplies,Paper,Xerox 210,10.368,2,0.2,3.6288
9395,CA-2014-125997,9/20/2014,9/23/2014,First Class,MW-18220,Mitch Webber,Consumer,United States,New York City,New York,10011,East,FUR-CH-10001394,Furniture,Chairs,Global Leather Executive Chair,631.782,2,0.1,140.396
4476,NEW-123-20260304121052,2017-12-23 00:00:00,2017-12-25 00:00:00,Same Day,MG-17680,Maureen Gastineau,Home Office,United States,Mentor,Ohio,44060,East,FUR-FU-10004586,Furniture,Furnishings,G.E. Longer-Life Indoor Recessed Floodlight Bulbs,24.31,4,0.2,11.2
886,CA-2015-143602,4/25/2015,4/28/2015,Second Class,JS-15595,Jill Stevenson,Corporate,United States,Los Angeles,California,90045,West,OFF-BI-10002071,Office Supplies,Binders,Fellowes Black Plastic Comb Bindings,13.944,3,0.2,4.5318
5194,CA-2014-101560,11/28/2014,12/1/2014,Second Class,CS-12250,Chris Selesnick,Corporate,United States,Columbia,South Carolina,29203,South,OFF-PA-10001363,Office Supplies,Paper,Xerox 1933,85.96,7,0.0,40.4012
4622,CA-2015-161214,10/5/2015,10/8/2015,Second Class,SF-20965,Sylvia Foulston (corrected),Corporate,United States,Wilmington,Delaware,19805,East,OFF-ST-10001328,Office Supplies,Storage,"Personal_Filing_Tote_with_Lid,_Black/Gray",77.55,5,0.0,21.714
7487,US-2015-134558,12/19/2015,12/24/2015,Second Class,PM-19135,Peter McVee (corrected),Home Office,United States,Dover,New Hampshire,3820,East,OFF-PA-10001184,Office Supplies,Paper,Xerox_1903,29.9,5,0.0,14.651
2678,NEW-183-20260304121052,2014-07-24 00:00:00,2014-07-30 00:00:00,Same Day,SV-20785,Stewart Visinsky,Consumer,United States,Pueblo,Colorado,81001,West,OFF-BI-10001116,Office Supplies,Binders,"Wilson Jones 1"" Hanging DublLock Ring Binders",11.49,7,0.7,-7.15
4570,CA-2014-169460,4/19/2014,4/21/2014,Second Class,NF-18595,Nicole Fjeld,Home Office,United States,San Jose,California,95123,West,FUR-FU-10004017,Furniture,Furnishings,"Executive_Impressions_13""_Chairman_Wall_Clock",76.14,3,0.0,26.649
5920,US-2015-126977,9/17/2015,9/23/2015,Standard Class,PF-19120,Peter Fuller,Consumer,United States,Chicago,AZ,90055,South,TEC-PH-10002170,Technology,Phones,ClearSounds CSC500 Amplified Spirit Phone Corded phone,209.97,3,0.0,58.7916
7651,CA-2015-101889,12/27/2015,12/31/2015,Standard Class,DB-13120,David Bremer,Corporate,United States,Marion,Ohio,43302,East,OFF-EN-10003286,Office Supplies,Envelopes,Staple envelope,19.872,3,0.2,6.7068
5005,NEW-273-20260304121052,2014-07-23 00:00:00,2014-07-25 00:00:00,Second Class,TM-21010,Tamara Manning,Consumer,United States,Jackson,Mississippi,39212,South,TEC-AC-10002550,Technology,Accessories,Maxell 4.7GB DVD-RW 3/Pack,50.18,3,0.0,11.78
1112,US-2016-110156,11/19/2016,11/24/2016,Standard Class,EH-13945,Eric Hoffmann,Consumer,United States,Houston,Texas,77041,Central,OFF-PA-10004735,Office Supplies,Paper,Xerox 1905,10.368,2,0.2,3.6288
8565,US-2017-108315,4/30/2017,5/4/2017,Standard Class,MH-18115,Mick Hernandez,Home Office,United States,Sanford,Florida,32771,South,FUR-FU-10000747,Furniture,Furnishings,Tenex B1-RE Series Chair Mats for Low Pile Carpets,220.704,6,0.2,-8.2764
6899,US-2015-165512,5/24/2015,5/26/2015,Second Class,VS-21820,Vivek Sundaresam (corrected),Consumer,United States,Naperville,Illinois,60540,Central,FUR-CH-10002880,Furniture,Chairs,"Global_High-Back_Leather_Tilter,_Burgundy",602.651,7,0.3,-163.5767
3727,CA-2016-165169,6/5/2016,6/11/2016,Standard Class,JL-15235,Janet Lee (corrected),Consumer,United States,Newark,Delaware,19711,East,OFF-ST-10001496,Office Supplies,Storage,Standard_Rollaway_File_with_Lock,360.38,2,0.0,93.6988
1366,US-2017-155425,11/10/2017,11/11/2017,First Class,AB-10600,Ann Blume,Corporate,United States,Tucson,Arizona,85705,West,TEC-AC-10001314,Technology,Accessories,Case_Logic_2.4GHz_Wireless_Keyboard,239.952,6,0.2,-35.9928
5695,NEW-391-20260304121052,2016-05-04 00:00:00,2016-05-07 00:00:00,Standard Class,KM-16225,Kalyca Meade,Corporate,United States,Baltimore,Maryland,21215,East,FUR-CH-10000785,Furniture,Chairs,Global Ergonomic Managers Chair,614.06,3,0.0,134.23
7719,US-2017-146213,9/9/2017,9/14/2017,Standard Class,MC-17605,Matt Connell,Corporate,United States,Los Angeles,California,90032,West,TEC-AC-10001114,Technology,Accessories,Microsoft Wireless Mobile Mouse 4000,159.96,4,0.0,51.1872
3725,CA-2017-127264,4/3/2017,4/5/2017,First Class,SA-20830,Sue Ann Reed,Consumer,United States,Houston,WA,83261,West,OFF-AR-10003045,Office Supplies,Art,Prang Colored Pencils,7.056,3,0.2,2.205
758,NEW-145-20260304121052,2015-03-27 00:00:00,2015-03-29 00:00:00,Standard Class,DC-13285,Debra Catini,Consumer,United States,Cottage Grove,Minnesota,55016,Central,TEC-AC-10001267,Technology,Accessories,Imation 32GB Pocket Pro USB 3.0 Flash Drive - 32 GB - Black - 1 P ...,114.29,4,0.0,44.45
3999,CA-2015-105627,3/8/2015,3/12/2015,Standard Class,DK-12895,Dana Kaydos,Consumer,United States,Los Angeles,CA,19531,East,FUR-FU-10000308,Furniture,Furnishings,Deflect-o Glass Clear Studded Chair Mats,373.08,6,0.0,82.0776
2642,CA-2015-169740,2/20/2015,2/25/2015,Standard Class,LM-17065,Liz MacKendrick,Consumer,United States,Hot Springs,Arkansas,71901,South,TEC-AC-10000927,Technology,Accessories,Anker Ultrathin Bluetooth Wireless Keyboard Aluminum Cover with Stand ,29.99,1,0.0,2.999
408,CA-2017-117457,12/8/2017,12/12/2017,Standard Class,KH-16510,Keith Herrera,Consumer,United States,San Francisco,California,94110,West,OFF-PA-10003724,Office Supplies,Paper,"Wirebound Message Book, 4 per Page",27.15,5,0.0,13.3035
9300,US-2015-163433,4/18/2015,4/22/2015,Second Class,MP-17965,Michael Paige,Corporate,United States,Mcallen,Texas,78501,Central,OFF-BI-10003676,Office Supplies,Binders,"GBC_Standard_Recycled_Report_Covers,_Clear_Plastic_Sheets",4.312,2,0.8,-6.8992
9887,CA-2014-146997,1/23/2014,1/27/2014,Standard Class,SG-20605,Speros Goranitis,Consumer,United States,Lafayette,Indiana,47905,Central,OFF-FA-10003467,Office Supplies,Fasteners,"Alliance Big Bands Rubber Bands, 12/Pack",5.94,3,0.0,0.0
507,CA-2015-145352,3/16/2015,3/22/2015,Standard Class,CM-12385,Christopher Martinez,Consumer,United States,Atlanta,Georgia,30318,South,OFF-AR-10001662,Office Supplies,Art,Rogers Handheld Barrel Pencil Sharpener,2.74,1,0.0,0.7398
1786,CA-2017-166317,9/22/2017,9/26/2017,Standard Class,JE-15610,Jim Epp,Corporate,United States,Milwaukee,Wisconsin,53209,Central,OFF-BI-10002976,Office Supplies,Binders,ACCOHIDE Binder by Acco,33.04,8,0.0,15.5288
4941,NEW-435-20260304121052,2015-07-10 00:00:00,2015-07-17 00:00:00,Standard Class,IL-15100,Ivan Liston,Consumer,United States,Wilmington,Delaware,19805,East,FUR-CH-10001708,Furniture,Chairs,Office Star - Contemporary Swivel Chair with Padded Adjustable Arms and Flex Back,1204.21,9,0.0,262.85
4796,CA-2015-120516,8/13/2015,8/17/2015,Standard Class,CK-12595,Clytie Kelty,Consumer,United States,Los Angeles,CA,59780,Central,OFF-BI-10004187,Office Supplies,Binders,3-ring staple pack,5.64,3,0.0,2.7072
6615,CA-2015-107678,4/21/2015,4/28/2015,Standard Class,JK-16090,Juliana Krohn,Consumer,United States,Louisville,Kentucky,40214,South,FUR-FU-10003394,Furniture,Furnishings,"Tenex_""The_Solids""_Textured_Chair_Mats",209.88,3,0.0,35.6796
1257,CA-2017-144638,3/10/2017,3/14/2017,Standard Class,MH-18115,Mick Hernandez,Home Office,United States,Los Angeles,IL,73330,East,FUR-FU-10003535,Furniture,Furnishings,Howard Miller Distant Time Traveler Alarm Clock,43.872,2,0.2,11.5164
4594,NEW-388-20260304121052,2017-06-21 00:00:00,2017-06-25 00:00:00,Standard Class,MC-18130,Mike Caudle,Corporate,United States,Los Angeles,California,90004,West,OFF-AP-10004052,Office Supplies,Appliances,"Hoover Replacement Belts For Soft Guard & Commercial Ltweight Upright Vacs, 2/Pk",9.7,2,0.0,2.38
8505,CA-2016-109400,5/2/2016,5/6/2016,Standard Class,NR-18550,Nick Radford,Consumer,United States,Amarillo,Texas,79109,Central,FUR-CH-10003298,Furniture,Chairs,"Office_Star_-_Contemporary_Task_Swivel_chair_with_Loop_Arms,_Charcoal",366.744,4,0.3,-110.0232
7393,CA-2017-147844,5/2/2017,5/6/2017,Standard Class,DD-13570,Dorothy Dickinson,Consumer,United States,Los Angeles,California,90049,West,OFF-PA-10003016,Office Supplies,Paper,"Adams_""While_You_Were_Out""_Message_Pads",15.7,5,0.0,7.065
7209,CA-2016-143476,9/11/2016,9/13/2016,First Class,LC-16930,Linda Cazamias,Corporate,United States,Los Angeles,WA,49828,Central,OFF-PA-10001837,Office Supplies,Paper,Xerox 1976,20.736,4,0.2,7.2576
798,NEW-457-20260304121052,2016-01-04 00:00:00,2016-01-12 00:00:00,First Class,DB-13120,David Bremer,Corporate,United States,Rochester,New York,14609,East,OFF-PA-10002365,Office Supplies,Paper,Xerox 1967,18.05,2,0.0,9.94
5096,US-2014-140452,12/6/2014,12/10/2014,Standard Class,BK-11260,Berenike Kampe,Consumer,United States,Chicago,Illinois,60610,Central,TEC-PH-10000307,Technology,Phones,Shocksock Galaxy S4 Armband,35.04,4,0.2,-7.008
4949,CA-2017-107125,11/27/2017,12/2/2017,Standard Class,BD-11320,Bill Donatelli,Consumer,United States,Los Angeles,California,90045,West,OFF-BI-10001989,Office Supplies,Binders,Premium Transparent Presentation Covers by GBC,117.488,7,0.2,41.1208
1705,CA-2016-106306,3/8/2016,3/8/2016,Same Day,PG-18820,Patrick Gardner,Consumer,United States,Glendale,Arizona,85301,West,OFF-BI-10003676,Office Supplies,Binders,"GBC_Standard_Recycled_Report_Covers,_Clear_Plastic_Sheets",9.702,3,0.7,-7.1148
6992,CA-2015-109386,11/8/2015,11/13/2015,Second Class,RH-19600,Rob Haberlin,Consumer,United States,Hampton,Virginia,23666,South,TEC-PH-10002890,Technology,Phones,AT&T 17929 Lendline Telephone,226.2,5,0.0,58.812
8312,US-2017-105935,1/26/2017,1/31/2017,Standard Class,BD-11500,Bradley Drucker,Consumer,United States,Phoenix,IL,67466,West,FUR-FU-10002157,Furniture,Furnishings,Artistic Insta-Plaque,62.72,4,0.0,24.4608
8791,NEW-174-20260304121052,2015-11-19 00:00:00,2015-11-26 00:00:00,Standard Class,AG-10525,Andy Gerbode,Corporate,United States,Richmond,Virginia,23223,South,OFF-BI-10002799,Office Supplies,Binders,"SlimView Poly Binder, 3/8""",47.64,9,0.0,17.27
7093,NEW-319-20260304121052,2015-06-27 00:00:00,2015-07-06 00:00:00,Standard Class,CC-12685,Craig Carroll,Consumer,United States,Henderson,Kentucky,42420,South,OFF-AR-10004691,Office Supplies,Art,Boston 1730 StandUp Electric Pencil Sharpener,52.7,2,0.0,11.15
8686,CA-2017-137323,11/14/2017,11/18/2017,Second Class,PW-19030,Pauline Webber (corrected),Corporate,United States,Watertown,New York,13601,East,OFF-ST-10003996,Office Supplies,Storage,"Letter/Legal_File_Tote_with_Clear_Snap-On_Lid,_Black_Granite",96.36,6,0.0,25.0536
9268,CA-2015-151869,9/25/2015,9/25/2015,Same Day,CS-11950,Carlos Soltero,Consumer,United States,Freeport,New York,11520,East,FUR-CH-10001545,Furniture,Chairs,Hon Comfortask Task/Swivel Chairs,102.582,1,0.1,6.8388
8305,NEW-270-20260304121052,2018-02-20 00:00:00,2018-02-21 00:00:00,Standard Class,BG-11740,Bruce Geld,Consumer,United States,Bakersfield,California,93309,West,FUR-TA-10001086,Furniture,Tables,"SAFCO PlanMaster Boards, 60w x 37-1/2d, White Melamine",558.54,4,0.2,47.7
5790,CA-2017-115070,4/10/2017,4/14/2017,Second Class,MG-18205,Mitch Gastineau,Corporate,United States,Jacksonville,Florida,32216,South,OFF-BI-10003712,Office Supplies,Binders,"Acco_Pressboard_Covers_with_Storage_Hooks,_14_7/8""_x_11"",_Light_Blue",4.419,3,0.7,-3.0933
7120,CA-2017-118122,11/17/2017,11/24/2017,Standard Class,GG-14650,Greg Guthrie,Corporate,United States,New York,NY,30658,West,OFF-BI-10002103,Office Supplies,Binders,"Cardinal Slant-D Ring Binder, Heavy Gauge Vinyl",13.904,2,0.2,4.5188
1137,CA-2016-152170,11/12/2016,11/15/2016,Second Class,FH-14275,Frank Hawley,Corporate,United States,New York,NY,80024,East,OFF-EN-10002831,Office Supplies,Envelopes,"Tyvek  Top-Opening Peel & Seel  Envelopes, Gray",287.52,8,0.0,129.384
8816,CA-2015-144274,11/23/2015,11/25/2015,Second Class,PW-19240,Pierre Wener (corrected),Consumer,United States,Wilmington,Delaware,19805,East,OFF-PA-10001583,Office Supplies,Paper,"1/4_Fold_Party_Design_Invitations_&_White_Envelopes,_24_8-1/2""_X_11""_Cards,_25_Env./Pack",44.1,6,0.0,20.727
4680,CA-2014-114510,3/14/2014,3/19/2014,Standard Class,JF-15295,Jason Fortune-,Consumer,United States,Logan,Utah,84321,West,OFF-ST-10003221,Office Supplies,Storage,Staple magnet,21.36,2,0.0,5.7672
4821,CA-2015-140025,4/7/2015,4/11/2015,Standard Class,PF-19120,Peter Fuller (corrected),Consumer,United States,San Antonio,Texas,78207,Central,OFF-AP-10002651,Office Supplies,Appliances,Hoover_Upright_Vacuum_With_Dirt_Cup,463.248,8,0.8,-1181.2824
8083,CA-2015-150714,10/26/2015,11/1/2015,Standard Class,KH-16690,Kristen Hastings (corrected),Corporate,United States,Springfield,Oregon,97477,West,OFF-AP-10003287,Office Supplies,Appliances,Tripp_Lite_TLP810NET_Broadband_Surge_for_Modem/Fax,203.88,5,0.2,20.388
3518,US-2016-113649,8/9/2016,8/12/2016,First Class,HA-14920,Helen Andreada,Consumer,United States,Fayetteville,North Carolina,28314,South,TEC-PH-10002350,Technology,Phones,Apple_EarPods_with_Remote_and_Mic,44.784,2,0.2,4.4784
1470,CA-2017-139199,12/9/2017,12/13/2017,Standard Class,DK-12835,Damala Kotsonis,Corporate,United States,Detroit,Michigan,48234,Central,OFF-BI-10003982,Office Supplies,Binders,Wilson Jones Century Plastic Molded Ring Binders,41.54,2,0.0,19.5238
3045,CA-2015-135174,4/30/2015,5/2/2015,Second Class,BP-11230,Benjamin Patterson,Consumer,United States,Troy,Ohio,45373,East,TEC-PH-10001530,Technology,Phones,Cisco Unified IP Phone 7945G VoIP phone,1022.97,5,0.4,-255.7425
1114,CA-2017-140585,12/18/2017,12/23/2017,Second Class,RA-19915,Russell Applegate,Consumer,United States,Encinitas,California,92024,West,OFF-BI-10003364,Office Supplies,Binders,Binding Machine Supplies,46.672,2,0.2,16.3352
7091,CA-2015-119480,1/9/2015,1/13/2015,Standard Class,CC-12685,Craig Carroll,Consumer,United States,Henderson,Kentucky,42420,South,OFF-PA-10000474,Office Supplies,Paper,Easy-staple paper,106.32,3,0.0,49.9704
343,CA-2014-122336,4/13/2014,4/17/2014,Second Class,JD-15895,Jonathan Doherty,Corporate,United States,Philadelphia,Pennsylvania,19140,East,OFF-FA-10002780,Office Supplies,Fasteners,Staples,30.992,13,0.2,10.0724
9308,NEW-487-20260304121052,2014-07-16 00:00:00,2014-07-20 00:00:00,Standard Class,CA-12265,Christina Anderson,Consumer,United States,San Francisco,California,94110,West,OFF-AR-10003338,Office Supplies,Art,"Eberhard Faber 3 1/2"" Golf Pencils",15.46,2,0.0,5.63
2421,NEW-131-20260304121052,2018-02-12 00:00:00,2018-02-21 00:00:00,Standard Class,MC-17590,Matt Collister,Corporate,United States,Coachella,California,92236,West,TEC-AC-10004171,Technology,Accessories,Razer Kraken 7.1 Surround Sound Over Ear USB Gaming Headset,124.0,1,0.0,43.15
7053,CA-2016-165330,12/11/2016,12/11/2016,Same Day,WB-21850,William Brown (corrected),Consumer,United States,Anaheim,California,92804,West,OFF-PA-10000241,Office Supplies,Paper,"IBM_Multi-Purpose_Copy_Paper,_8_1/2_x_11"",_Case",30.98,1,0.0,13.941
4441,US-2016-111290,7/22/2016,7/26/2016,Standard Class,DK-13375,Dennis Kane,Consumer,United States,Chicago,CA,31139,South,TEC-AC-10004975,Technology,Accessories,Plantronics Audio 995 Wireless Stereo Headset,109.95,1,0.0,36.2835
1436,CA-2017-106852,6/20/2017,6/27/2017,Standard Class,ST-20530,Shui Tom,Consumer,United States,Los Angeles,CA,52910,East,OFF-PA-10001639,Office Supplies,Paper,Xerox 203,31.104,6,0.2,10.8864
8065,NEW-126-20260304121052,2017-03-01 00:00:00,2017-03-09 00:00:00,First Class,LW-17215,Luke Weiss,Consumer,United States,Rochester,New York,14609,East,OFF-PA-10004983,Office Supplies,Paper,Xerox 23,15.21,2,0.0,8.24
2075,CA-2017-122504,11/7/2017,11/12/2017,Second Class,DB-13270,Deborah Brumfield (corrected),Home Office,United States,Brentwood,California,94513,West,TEC-PH-10002468,Technology,Phones,"Plantronics_CS_50-USB_- headset -_Convertible,_Monaural",761.544,7,0.2,66.6351
1249,CA-2017-115602,12/18/2017,12/24/2017,Standard Class,DJ-13630,Doug Jacobs,Consumer,United States,Los Angeles,TX,96220,Central,OFF-AR-10002280,Office Supplies,Art,Staples in misc. colors,38.82,6,0.0,17.469
855,CA-2016-123274,2/19/2016,2/24/2016,Standard Class,GT-14710,Greg Tran,Consumer,United States,New York City,New York,10035,East,OFF-ST-10000736,Office Supplies,Storage,Carina_Double_Wide_Media_Storage_Towers_in_Natural_&_Black,242.94,3,0.0,9.7176
172,CA-2014-118962,8/5/2014,8/9/2014,Standard Class,CS-12130,Chad Sievert,Consumer,United States,Los Angeles,California,90004,West,OFF-PA-10000659,Office Supplies,Paper,"Adams Phone Message Book, Professional, 400 Message Capacity, 5 3/6” x 11”",20.94,3,0.0,9.8418
6265,NEW-41-20260304121052,2016-10-09 00:00:00,2016-10-12 00:00:00,Same Day,JH-15910,Jonathan Howell,Consumer,United States,Tulsa,Oklahoma,74133,Central,OFF-BI-10004654,Office Supplies,Binders,Avery Binding System Hidden Tab Executive Style Index Sets,35.75,5,0.0,22.1
1284,CA-2017-122154,4/9/2017,4/11/2017,First Class,SA-20830,Sue Ann Reed,Consumer,United States,Jacksonville,Florida,32216,South,OFF-PA-10000994,Office Supplies,Paper,Xerox 1915,251.64,3,0.2,88.074
1121,CA-2015-142755,9/4/2015,9/8/2015,Standard Class,CS-12355,Christine Sundaresam (corrected),Consumer,United States,Roswell,Georgia,30076,South,OFF-EN-10004459,Office Supplies,Envelopes,Security-Tint_Envelopes,15.28,2,0.0,7.4872
2769,US-2015-122140,4/2/2015,4/7/2015,Standard Class,MO-17950,Michael Oakman (corrected),Consumer,United States,Dallas,Texas,75220,Central,OFF-AP-10001242,Office Supplies,Appliances,APC_7_Outlet_Network_SurgeArrest_Surge_Protector,32.192,2,0.8,-80.48
3715,CA-2014-135608,12/8/2014,12/10/2014,Second Class,JK-15625,Jim Karlsson,Consumer,United States,Olympia,Washington,98502,West,OFF-PA-10001954,Office Supplies,Paper,Xerox_1964,45.68,2,0.0,21.0128
7784,CA-2016-162236,11/4/2016,11/6/2016,Second Class,ER-13855,Elpida Rittenbach (corrected),Corporate,United States,Charlotte,North Carolina,28205,South,FUR-TA-10002533,Furniture,Tables,BPI_Conference_Tables,876.3,10,0.4,-292.1
3770,CA-2014-153913,12/16/2014,12/20/2014,Second Class,KB-16585,Ken Black (corrected),Corporate,United States,Hialeah,Florida,33012,South,OFF-FA-10000490,Office Supplies,Fasteners,"OIC_Binder_Clips,_Mini,_1/4""_Capacity,_Black",1.984,2,0.2,0.6696
2129,NEW-122-20260304121052,2016-01-31 00:00:00,2016-02-09 00:00:00,Standard Class,JK-16120,Julie Kriz,Home Office,United States,Philadelphia,Pennsylvania,19134,East,OFF-PA-10001293,Office Supplies,Paper,Xerox 1946,25.29,4,0.2,7.24
4607,NEW-367-20260304121052,2015-09-03 00:00:00,2015-09-08 00:00:00,Standard Class,MS-17770,Maxwell Schwartz,Consumer,United States,Rochester,New York,14609,East,TEC-PH-10004093,Technology,Phones,Panasonic Kx-TS550,40.52,1,0.0,14.51
2126,CA-2017-144862,12/1/2017,12/5/2017,Standard Class,EH-14005,Erica Hernandez,Home Office,United States,Houston,CA,40307,South,TEC-PH-10000923,Technology,Phones,"Belkin SportFit Armband For iPhone 5s/5c, Fuchsia",62.958,7,0.4,9.4437
6911,US-2017-115301,7/29/2017,8/2/2017,Standard Class,VG-21790,Vivek Gonzalez (corrected),Consumer,United States,Seattle,Washington,98103,West,FUR-BO-10004709,Furniture,Bookcases,"Bush_Westfield_Collection_Bookcases,_Medium_Cherry_Finish",115.96,2,0.0,25.5112
119,NEW-171-20260304121052,2015-09-08 00:00:00,2015-09-10 00:00:00,Standard Class,GG-14650,Greg Guthrie,Corporate,United States,Bristol,Tennessee,37620,South,OFF-BI-10003650,Office Supplies,Binders,GBC DocuBind 300 Electric Binding Machine,169.13,1,0.7,-156.35
2103,CA-2014-123295,7/18/2014,7/18/2014,Same Day,AH-10120,Adrian Hane (corrected),Home Office,United States,Tucson,Arizona,85705,West,FUR-CH-10002372,Furniture,Chairs,Office_Star_-_Ergonomically_Designed_Knee_Chair,259.136,4,0.2,-25.9136
9604,CA-2016-129861,6/17/2016,6/23/2016,Standard Class,DM-13345,Denise Monton,Corporate,United States,Rochester,New York,14609,East,FUR-TA-10003715,Furniture,Tables,Hon 2111 Invitation Series Corner Table,376.866,3,0.4,-213.5574
7224,CA-2016-109953,7/14/2016,7/18/2016,Standard Class,RB-19360,Raymond Buch,Consumer,United States,San Francisco,California,94122,West,TEC-PH-10004093,Technology,Phones,Panasonic Kx-TS550,110.376,3,0.2,12.4173
9133,CA-2017-100055,5/28/2017,6/1/2017,Standard Class,MD-17860,Michael Dominguez,Corporate,United States,Laurel,Maryland,20707,East,OFF-AP-10001469,Office Supplies,Appliances,Fellowes 8 Outlet Superior Workstation Surge Protector,125.13,3,0.0,36.2877
5822,CA-2017-117632,5/12/2017,5/18/2017,Standard Class,CS-12175,Charles Sheldon,Corporate,United States,San Francisco,California,94122,West,OFF-AP-10004868,Office Supplies,Appliances,Hoover Commercial Soft Guard Upright Vacuum And Disposable Filtration Bags,7.77,1,0.0,2.0979
4059,CA-2015-124058,11/20/2015,11/24/2015,Standard Class,LC-16885,Lena Creighton,Consumer,United States,Oakland,California,94601,West,TEC-PH-10004774,Technology,Phones,Gear Head AU3700S Headset,72.744,7,0.2,-15.4581
3471,NEW-156-20260304121052,2016-12-17 00:00:00,2016-12-26 00:00:00,Standard Class,CL-11890,Carl Ludwig,Consumer,United States,San Francisco,California,94122,West,FUR-FU-10003724,Furniture,Furnishings,Westinghouse Clip-On Gooseneck Lamps,21.6,2,0.0,5.69
3980,CA-2014-114517,12/23/2014,12/27/2014,Standard Class,TH-21235,Tiffany House,Corporate,United States,New York City,New York,10024,East,FUR-TA-10001676,Furniture,Tables,Hon 61000 Series Interactive Training Tables,53.316,2,0.4,-19.5492
8898,CA-2016-167241,8/15/2016,8/22/2016,Standard Class,BD-11320,Bill Donatelli,Consumer,United States,Los Angeles,California,90004,West,OFF-PA-10004911,Office Supplies,Paper,"Rediform S.O.S. 1-Up Phone Message Bk, 4-1/4x3-1/16 Bk, 1 Form/Pg, 40 Messages/Bk, 3/Pk",37.52,4,0.0,18.0096
3216,CA-2017-150189,7/8/2017,7/10/2017,First Class,VG-21790,Vivek Gonzalez,Consumer,United States,San Mateo,California,94403,West,OFF-LA-10002762,Office Supplies,Labels,Avery 485,75.18,6,0.0,35.3346
1287,CA-2015-124268,7/4/2015,7/8/2015,Standard Class,AD-10180,Alan Dominguez,Home Office,United States,New York City,New York,10035,East,OFF-AR-10004817,Office Supplies,Art,Colorific_Watercolor_Pencils,15.48,3,0.0,4.4892
3509,NEW-234-20260304121052,2014-11-28 00:00:00,2014-12-03 00:00:00,Standard Class,SC-20020,Sam Craven,Consumer,United States,Plano,Texas,75023,Central,OFF-PA-10001166,Office Supplies,Paper,Xerox 2,13.68,3,0.2,7.07
5885,NEW-394-20260304121052,2016-07-28 00:00:00,2016-07-29 00:00:00,Second Class,EH-13765,Edward Hooks,Corporate,United States,San Francisco,California,94109,West,OFF-SU-10000151,Office Supplies,Supplies,High Speed Automatic Electric Letter Opener,5123.36,3,0.0,240.28
1063,CA-2015-161263,4/16/2015,4/21/2015,Standard Class,TS-21160,Theresa Swint,Corporate,United States,Houston,TX,50906,South,OFF-FA-10004838,Office Supplies,Fasteners,"Super Bands, 12/Pack",10.416,7,0.2,-2.2134
6418,CA-2016-111976,3/8/2016,3/12/2016,Standard Class,BD-11620,Brian DeCherney,Consumer,United States,Philadelphia,Pennsylvania,19120,East,OFF-FA-10004968,Office Supplies,Fasteners,Rubber Band Ball,5.984,2,0.2,-1.3464
9421,CA-2017-152926,10/2/2017,10/4/2017,Second Class,SC-20695,Steve Chapman,Corporate,United States,Houston,Texas,77041,Central,OFF-AP-10001947,Office Supplies,Appliances,Acco 6 Outlet Guardian Premium Plus Surge Suppressor,21.984,6,0.8,-56.0592
4613,US-2017-165953,12/31/2016,1/6/2017,Standard Class,EP-13915,Emily Phan,Consumer,United States,Phoenix,NY,52406,South,OFF-AR-10000588,Office Supplies,Art,Newell 345,47.616,3,0.2,3.5712
631,US-2016-135720,12/11/2016,12/13/2016,Second Class,FM-14380,Fred McMath (corrected),Consumer,United States,Aurora,Colorado,80013,West,OFF-ST-10001963,Office Supplies,Storage,Tennsco_Regal_Shelving_Units,243.384,3,0.2,-51.7191
7609,NEW-328-20260304121052,2017-08-22 00:00:00,2017-08-25 00:00:00,Standard Class,MK-18160,Mike Kennedy,Consumer,United States,San Francisco,California,94122,West,OFF-PA-10001166,Office Supplies,Paper,Xerox 2,26.94,4,0.0,11.15
1028,NEW-377-20260304121052,2016-01-31 00:00:00,2016-02-05 00:00:00,Second Class,DE-13255,Deanra Eno,Home Office,United States,Springfield,Ohio,45503,East,TEC-PH-10000148,Technology,Phones,Cyber Acoustics AC-202b Speech Recognition Stereo Headset,19.73,2,0.4,-10.66
7837,CA-2015-149083,9/25/2015,9/30/2015,Standard Class,SH-19975,Sally Hughsby,Corporate,United States,Seattle,Washington,98103,West,FUR-CH-10004289,Furniture,Chairs,Global Super Steno Chair,307.136,4,0.2,-11.5176
7434,CA-2014-161249,8/9/2014,8/13/2014,Standard Class,RD-19720,Roger Demir,Consumer,United States,Phoenix,Arizona,85023,West,OFF-BI-10001097,Office Supplies,Binders,Avery Hole Reinforcements,9.345,5,0.7,-6.5415
7161,NEW-14-20260304121052,2015-09-23 00:00:00,2015-09-26 00:00:00,Second Class,BF-11170,Ben Ferrer,Home Office,United States,Chicago,Illinois,60623,Central,OFF-FA-10002280,Office Supplies,Fasteners,Advantus Plastic Paper Clips,21.45,4,0.2,4.92
2501,CA-2017-131618,6/17/2017,6/20/2017,First Class,LS-17200,Luke Schmidt,Corporate,United States,Skokie,Illinois,60076,Central,OFF-PA-10001892,Office Supplies,Paper,"Rediform Wirebound ""Phone Memo"" Message Book, 11 x 5-3/4",12.224,2,0.2,4.4312
835,NEW-305-20260304121052,2016-11-28 00:00:00,2016-11-29 00:00:00,Standard Class,JB-15400,Jennifer Braxton,Corporate,United States,Tampa,Florida,33614,South,OFF-AP-10003266,Office Supplies,Appliances,"Holmes Replacement Filter for HEPA Air Cleaner, Large Room",26.34,2,0.2,8.95
1981,CA-2016-112669,4/14/2016,4/14/2016,Same Day,KT-16465,Kean Takahito,Consumer,United States,Seattle,TX,68985,West,OFF-ST-10001228,Office Supplies,Storage,"Fellowes Personal Hanging Folder Files, Navy",42.976,4,0.2,4.2976
823,CA-2017-101434,6/20/2017,6/27/2017,Standard Class,TR-21325,Toby Ritter (corrected),Consumer,United States,Belleville,New Jersey,7109,East,TEC-AC-10002402,Technology,Accessories,Razer_Kraken_PRO_Over_Ear_PC_and_Music_Headset,239.97,3,0.0,71.991
2830,NEW-70-20260304121052,2016-09-19 00:00:00,2016-09-25 00:00:00,First Class,MJ-17740,Max Jones,Consumer,United States,Lancaster,Ohio,43130,East,OFF-ST-10000760,Office Supplies,Storage,Eldon Fold 'N Roll Cart System,56.47,5,0.2,8.01
536,CA-2016-126613,7/10/2016,7/16/2016,Standard Class,AA-10375,Allen Armold,Consumer,United States,Mesa,Arizona,85204,West,OFF-ST-10001325,Office Supplies,Storage,Sterilite Officeware Hinged File Box,16.768,2,0.2,1.4672
8570,CA-2016-162390,12/6/2016,12/12/2016,Standard Class,DP-13105,Dave Poirier,Corporate,United States,Hempstead,New York,11550,East,OFF-BI-10001721,Office Supplies,Binders,Trimflex Flexible Post Binders,222.352,13,0.2,77.8232
805,CA-2017-135783,4/22/2017,4/24/2017,First Class,GM-14440,Gary McGarr,Consumer,United States,San Francisco,California,94122,West,FUR-FU-10000794,Furniture,Furnishings,"Eldon_Stackable_Tray,_Side-Load,_Legal,_Smoke",18.28,2,0.0,6.2152
6538,CA-2014-169684,10/20/2014,10/23/2014,First Class,FH-14365,Fred Hopkins,Corporate,United States,Knoxville,Tennessee,37918,South,OFF-ST-10000934,Office Supplies,Storage,"Contico 72""H Heavy-Duty Storage System",98.352,3,0.2,-24.588
7523,CA-2016-162383,9/5/2016,9/11/2016,Standard Class,MD-17350,Maribeth Dona,Consumer,United States,Lancaster,Ohio,43130,East,OFF-BI-10001757,Office Supplies,Binders,Pressboard Hanging Data Binders for Unburst Sheets,8.856,6,0.7,-6.4944
9554,CA-2016-125724,9/22/2016,9/27/2016,Standard Class,SM-20950,Suzanne McNair,Corporate,United States,Broomfield,Colorado,80020,West,FUR-FU-10000246,Furniture,Furnishings,Aluminum Document Frame,68.432,7,0.2,8.554
4686,NEW-306-20260304121052,2016-10-22 00:00:00,2016-10-27 00:00:00,Standard Class,GB-14530,George Bell,Corporate,United States,Philadelphia,Pennsylvania,19120,East,OFF-BI-10002071,Office Supplies,Binders,Fellowes Black Plastic Comb Bindings,4.04,2,0.7,-3.95
3135,NEW-311-20260304121052,2017-12-12 00:00:00,2017-12-16 00:00:00,Standard Class,LS-16975,Lindsay Shagiari,Home Office,United States,Dallas,Texas,75081,Central,OFF-BI-10000666,Office Supplies,Binders,Surelock Post Binders,31.28,5,0.8,-45.05
7455,CA-2016-137743,7/30/2016,8/4/2016,Standard Class,KH-16360,Katherine Hughes,Consumer,United States,Chicago,Illinois,60623,Central,OFF-LA-10003663,Office Supplies,Labels,Avery 498,9.248,4,0.2,3.1212
2757,CA-2015-155306,4/17/2015,4/21/2015,Standard Class,GA-14515,George Ashbrook,Consumer,United States,San Francisco,California,94122,West,OFF-PA-10001184,Office Supplies,Paper,Xerox 1903,11.96,2,0.0,5.8604
4204,CA-2014-145387,10/31/2014,11/2/2014,Second Class,AM-10705,Anne McFarland,Consumer,United States,Cranston,Rhode Island,2920,East,OFF-AR-10001683,Office Supplies,Art,Lumber_Crayons,49.25,5,0.0,18.715
9982,CA-2017-163566,8/3/2017,8/6/2017,First Class,TB-21055,Ted Butterfield (corrected),Consumer,United States,Fairfield,Ohio,45014,East,OFF-LA-10004484,Office Supplies,Labels,Avery_476,16.52,5,0.2,5.369
3118,CA-2016-150350,8/23/2016,8/30/2016,Standard Class,MS-17770,Maxwell Schwartz,Consumer,United States,Seattle,AZ,19115,Central,OFF-SU-10002189,Office Supplies,Supplies,Acme Rosewood Handle Letter Opener,15.88,4,0.0,0.1588
4318,CA-2015-136735,7/26/2015,8/2/2015,Standard Class,HA-14920,Helen Andreada,Consumer,United States,San Francisco,California,94110,West,OFF-EN-10002230,Office Supplies,Envelopes,Airmail Envelopes,167.86,2,0.0,78.8942
5851,CA-2015-121783,11/10/2015,11/14/2015,Standard Class,PO-19180,Philisse Overcash,Home Office,United States,Roseville,Minnesota,55113,Central,TEC-CO-10001571,Technology,Copiers,Sharp 1540cs Digital Laser Copier,549.99,1,0.0,274.995
7732,CA-2017-140508,9/18/2017,9/21/2017,First Class,PA-19060,Pete Armstrong,Home Office,United States,Dallas,Texas,75220,Central,OFF-EN-10000927,Office Supplies,Envelopes,Jet-Pak Recycled Peel 'N' Seal Padded Mailers,114.848,4,0.2,35.89
1269,NEW-409-20260304121052,2017-12-24 00:00:00,2017-12-31 00:00:00,Standard Class,BG-11695,Brooke Gillingham,Corporate,United States,Louisville,Colorado,80027,West,FUR-FU-10000246,Furniture,Furnishings,Aluminum Document Frame,26.69,3,0.2,5.69
1827,CA-2016-167507,12/22/2016,12/28/2016,Standard Class,SA-20830,Sue Ann Reed,Consumer,United States,Redmond,Oregon,97756,West,FUR-FU-10002878,Furniture,Furnishings,"Seth_Thomas_14""_Day/Date_Wall_Clock",22.784,1,0.2,4.8416
7479,CA-2014-167199,1/6/2014,1/10/2014,Standard Class,ME-17320,Maria Etezadi,Home Office,United States,Henderson,Kentucky,42420,South,TEC-PH-10004539,Technology,Phones,Wireless Extenders zBoost YX545 SOHO Signal Booster,755.96,4,0.0,204.1092
8001,NEW-417-20260304121052,2016-02-02 00:00:00,2016-02-06 00:00:00,Standard Class,RD-19585,Rob Dowd,Consumer,United States,Dubuque,Iowa,52001,Central,TEC-PH-10003885,Technology,Phones,Cisco SPA508G,229.8,4,0.0,71.12
5293,CA-2017-151218,6/20/2017,6/23/2017,First Class,PJ-19015,Pauline Johnson,Consumer,United States,Miami,Florida,33180,South,OFF-ST-10004835,Office Supplies,Storage,Plastic Stacking Crates & Casters,4.464,1,0.2,0.3348
5562,CA-2017-133263,3/31/2017,4/2/2017,Second Class,JE-15610,Jim Epp (corrected),Corporate,United States,Atlanta,Georgia,30318,South,OFF-BI-10001153,Office Supplies,Binders,Ibico_Recycled_Grain-Textured_Covers,34.54,1,0.0,17.27
7244,NEW-474-20260304121052,2017-11-01 00:00:00,2017-11-06 00:00:00,Second Class,TP-21415,Tom Prescott,Consumer,United States,Philadelphia,Pennsylvania,19134,East,FUR-CH-10002024,Furniture,Chairs,HON 5400 Series Task Chairs for Big and Tall,4771.38,9,0.3,-593.05
8193,NEW-416-20260304121052,2016-01-07 00:00:00,2016-01-09 00:00:00,First Class,LR-16915,Lena Radford,Consumer,United States,Durham,North Carolina,27707,South,OFF-BI-10000546,Office Supplies,Binders,Avery Durable Binders,8.29,7,0.7,-5.28
4879,US-2016-131891,7/29/2016,7/31/2016,First Class,PW-19240,Pierre Wener,Consumer,United States,Pensacola,Florida,32503,South,OFF-BI-10000201,Office Supplies,Binders,"Avery Triangle Shaped Sheet Lifters, Black, 2/Pack",2.214,3,0.7,-1.476
1921,US-2017-111423,8/17/2017,8/19/2017,First Class,EH-13765,Edward Hooks,Corporate,United States,Watertown,New York,13601,East,FUR-CH-10003981,Furniture,Chairs,Global Commerce Series Low-Back Swivel/Tilt Chairs,462.564,2,0.1,97.6524
4855,CA-2014-113320,12/12/2014,12/15/2014,Second Class,LH-17155,Logan Haushalter,Consumer,United States,Seattle,CA,29549,East,OFF-ST-10000617,Office Supplies,Storage,Woodgrain Magazine Files by Perma,8.94,3,0.0,0.6258
4433,CA-2016-168893,11/3/2016,11/8/2016,Second Class,AP-10915,Arthur Prichep,Consumer,United States,Chicago,IL,38455,Central,FUR-FU-10002885,Furniture,Furnishings,Magna Visual Magnetic Picture Hangers,24.1,5,0.0,9.158
4656,CA-2014-160738,5/5/2014,5/10/2014,Standard Class,KH-16330,Katharine Harms,Corporate,United States,Freeport,Illinois,61032,Central,OFF-ST-10003442,Office Supplies,Storage,Eldon Portable Mobile Manager,45.248,2,0.2,3.9592
9048,CA-2017-137463,12/16/2017,12/20/2017,Second Class,KM-16225,Kalyca Meade,Corporate,United States,Sunnyvale,California,94086,West,OFF-AR-10001988,Office Supplies,Art,Bulldog Table or Wall-Mount Pencil Sharpener,29.95,5,0.0,8.6855
5465,CA-2014-146591,1/19/2014,1/20/2014,First Class,TS-21340,Toby Swindell,Consumer,United States,Scottsdale,Arizona,85254,West,OFF-EN-10002504,Office Supplies,Envelopes,"Tyvek  Top-Opening Peel & Seel Envelopes, Plain White",108.72,5,0.2,36.693
956,CA-2017-119305,11/30/2017,12/4/2017,Standard Class,SW-20275,Scott Williamson,Consumer,United States,Jackson,Mississippi,39212,South,OFF-ST-10000604,Office Supplies,Storage,Home/Office_Personal_File_Carts,173.8,5,0.0,43.45
6185,CA-2016-143609,12/11/2016,12/13/2016,First Class,DB-13270,Deborah Brumfield (corrected),Home Office,United States,Portland,Oregon,97206,West,FUR-CH-10004218,Furniture,Chairs,"Global_Fabric_Manager's_Chair,_Dark_Gray",403.92,5,0.2,25.245
145,NEW-243-20260304121052,2017-12-24 00:00:00,2017-12-25 00:00:00,Standard Class,SG-20080,Sandra Glassco,Consumer,United States,Independence,Missouri,64055,Central,OFF-AP-10001058,Office Supplies,Appliances,Sanyo 2.5 Cubic Foot Mid-Size Office Refrigerators,814.71,3,0.0,314.24
2499,CA-2016-126935,5/19/2016,5/24/2016,Standard Class,BT-11395,Bill Tyler,Corporate,United States,San Francisco,California,94109,West,OFF-BI-10004817,Office Supplies,Binders,GBC Personal VeloBind Strips,9.584,1,0.2,3.3544
8777,NEW-130-20260304121052,2016-08-25 00:00:00,2016-08-26 00:00:00,First Class,EA-14035,Erin Ashbrook,Corporate,United States,Huntsville,Texas,77340,Central,FUR-CH-10000665,Furniture,Chairs,"Global Airflow Leather Mesh Back Chair, Black",633.83,5,0.3,0.0
2318,NEW-374-20260304121052,2017-08-02 00:00:00,2017-08-08 00:00:00,Standard Class,EM-13825,Elizabeth Moffitt,Corporate,United States,Sioux Falls,South Dakota,57103,Central,OFF-BI-10002072,Office Supplies,Binders,Cardinal Slant-D Ring Binders,83.96,7,0.0,28.06
7476,CA-2014-167199,1/6/2014,1/10/2014,Standard Class,ME-17320,Maria Etezadi,Home Office,United States,Henderson,Kentucky,42420,South,OFF-BI-10004632,Office Supplies,Binders,Ibico Hi-Tech Manual Binding System,609.98,2,0.0,274.491
7588,CA-2014-163223,3/21/2014,3/25/2014,Standard Class,KH-16690,Kristen Hastings (corrected),Corporate,United States,Springfield,Virginia,22153,South,OFF-BI-10001597,Office Supplies,Binders,"Wilson_Jones_Ledger-Size,_Piano-Hinge_Binder,_2"",_Blue",122.94,3,0.0,59.0112
1820,US-2014-130379,5/25/2014,5/29/2014,Standard Class,JL-15235,Janet Lee,Consumer,United States,Chicago,Illinois,60623,Central,FUR-FU-10002553,Furniture,Furnishings,"Electrix Incandescent Magnifying Lamp, Black",29.32,2,0.6,-24.189
5902,CA-2016-159639,11/27/2016,12/2/2016,Standard Class,PC-18745,Pamela Coakley,Corporate,United States,Westfield,New Jersey,7090,East,FUR-FU-10001889,Furniture,Furnishings,Ultra_Door_Pull_Handle,31.56,3,0.0,10.4148
7589,NEW-74-20260304121052,2018-05-10 00:00:00,2018-05-14 00:00:00,Standard Class,MB-18085,Mick Brown,Consumer,United States,Roseville,California,95661,West,FUR-FU-10001196,Furniture,Furnishings,DAX Cubicle Frames - 8x10,17.51,3,0.0,7.15
634,CA-2017-144694,9/24/2017,9/26/2017,Second Class,BD-11605,Brian Dahlen,Consumer,United States,Miami,Florida,33180,South,TEC-AC-10002857,Technology,Accessories,"Verbatim 25 GB 6x Blu-ray Single Layer Recordable Disc, 1/Pack",17.88,3,0.2,2.4585
3266,US-2014-126571,10/11/2014,10/15/2014,Standard Class,JF-15565,Jill Fjeld,Consumer,United States,Philadelphia,Pennsylvania,19120,East,OFF-ST-10003816,Office Supplies,Storage,Fellowes High-Stak Drawer Files,281.904,2,0.2,10.5714
289,NEW-378-20260304121052,2017-04-17 00:00:00,2017-04-21 00:00:00,Second Class,AH-10195,Alan Haines,Corporate,United States,Tamarac,Florida,33319,South,OFF-SU-10000646,Office Supplies,Supplies,Premier Automatic Letter Opener,1008.99,5,0.2,-198.7
1679,CA-2014-122882,9/7/2014,9/13/2014,Standard Class,SB-20290,Sean Braxton (corrected),Corporate,United States,Philadelphia,Pennsylvania,19134,East,OFF-ST-10002344,Office Supplies,Storage,"Carina_42""Hx23_3/4""W_Media_Storage_Unit",64.784,1,0.2,-14.5764
4006,US-2015-168732,12/10/2015,12/16/2015,Standard Class,KM-16660,Khloe Miller,Consumer,United States,Roswell,Georgia,30076,South,OFF-AR-10003087,Office Supplies,Art,Staples in misc. colors,1.78,1,0.0,0.4984
65,CA-2015-135545,11/24/2015,11/30/2015,Standard Class,KM-16720,Kunst Miller,Consumer,United States,New York,AZ,65354,South,OFF-PA-10003892,Office Supplies,Paper,Xerox 1943,146.73,3,0.0,68.9631
2028,CA-2016-113516,9/8/2016,9/10/2016,Second Class,VM-21685,Valerie Mitchum (corrected),Home Office,United States,Lancaster,California,93534,West,OFF-BI-10001989,Office Supplies,Binders,Premium_Transparent_Presentation_Covers_by_GBC,67.136,4,0.2,23.4976
500,CA-2016-126158,7/25/2016,7/31/2016,Standard Class,SC-20095,Sanjit Chand,Consumer,United States,Costa Mesa,California,92627,West,FUR-FU-10000073,Furniture,Furnishings,Deflect-O Glasstique Clear Desk Accessories,69.3,9,0.0,22.869
3808,NEW-245-20260304121052,2016-01-03 00:00:00,2016-01-06 00:00:00,Standard Class,AH-10690,Anna Häberlin,Corporate,United States,Plantation,Florida,33317,South,OFF-BI-10003291,Office Supplies,Binders,Wilson Jones Leather-Like Binders with DublLock Round Rings,6.05,2,0.7,-6.1
3096,CA-2015-114468,8/23/2015,8/23/2015,Same Day,TD-20995,Tamara Dahlen,Consumer,United States,Bolingbrook,Illinois,60440,Central,OFF-FA-10003021,Office Supplies,Fasteners,Staples,12.032,8,0.2,2.256
7864,CA-2015-143364,7/14/2015,7/19/2015,Second Class,TG-21310,Toby Gnade,Consumer,United States,Los Angeles,CA,94318,South,OFF-ST-10002743,Office Supplies,Storage,SAFCO Boltless Steel Shelving,272.736,3,0.2,-64.7748
78,US-2017-118038,12/9/2017,12/11/2017,First Class,KB-16600,Ken Brennan,Corporate,United States,Houston,TX,87127,West,OFF-ST-10000615,Office Supplies,Storage,"SimpliFile Personal File, Black Granite, 15w x 6-15/16d x 11-1/4h",27.24,3,0.2,2.724
8008,CA-2015-110863,11/17/2015,11/24/2015,Standard Class,AA-10645,Anna Andreadi,Consumer,United States,Seattle,AZ,80691,Central,OFF-ST-10002756,Office Supplies,Storage,"Tennsco Stur-D-Stor Boltless Shelving, 5 Shelves, 24"" Deep, Sand",541.24,4,0.0,5.4124
449,NEW-482-20260304121052,2016-09-09 00:00:00,2016-09-14 00:00:00,Second Class,RB-19360,Raymond Buch,Consumer,United States,Auburn,New York,13021,East,OFF-ST-10001469,Office Supplies,Storage,Fellowes Bankers Box Recycled Super Stor/Drawer,221.86,3,0.0,8.7
901,CA-2017-150959,11/11/2017,11/13/2017,First Class,TD-20995,Tamara Dahlen,Consumer,United States,Garland,Texas,75043,Central,OFF-LA-10001045,Office Supplies,Labels,Permanent Self-Adhesive File Folder Labels for Typewriters by Universal,10.44,5,0.2,3.393
6979,CA-2017-155159,11/25/2017,11/29/2017,Second Class,DL-13315,Delfina Latchford,Consumer,United States,Atlanta,Georgia,30318,South,OFF-PA-10003724,Office Supplies,Paper,"Wirebound Message Book, 4 per Page",48.87,9,0.0,23.9463
8145,CA-2016-100993,2/5/2016,2/10/2016,Standard Class,AZ-10750,Annie Zypern,Consumer,United States,San Diego,California,92037,West,TEC-PH-10001448,Technology,Phones,Anker Astro 15000mAh USB Portable Charger,159.968,4,0.2,-31.9936
7267,CA-2017-122987,8/16/2017,8/16/2017,Same Day,SJ-20215,Sarah Jordon,Consumer,United States,Seattle,IL,84281,Central,OFF-BI-10002824,Office Supplies,Binders,Recycled Easel Ring Binders,13.428,3,0.7,-11.19
6314,CA-2017-120019,2/16/2017,2/21/2017,Standard Class,NG-18355,Nat Gilpin,Corporate,United States,New York,WA,91483,West,TEC-PH-10000923,Technology,Phones,"Belkin SportFit Armband For iPhone 5s/5c, Fuchsia",14.99,1,0.0,7.3451
5858,NEW-352-20260304121052,2015-08-15 00:00:00,2015-08-17 00:00:00,Standard Class,AH-10690,Anna Häberlin,Corporate,United States,Dallas,Texas,75220,Central,FUR-FU-10002364,Furniture,Furnishings,"Eldon Expressions Wood Desk Accessories, Oak",12.92,5,0.6,-17.39
7818,CA-2016-138478,10/21/2016,10/26/2016,Second Class,DP-13390,Dennis Pardue,Home Office,United States,North Las Vegas,Nevada,89031,West,OFF-PA-10001801,Office Supplies,Paper,Xerox 193,35.88,6,0.0,17.5812
4970,CA-2015-122406,8/2/2015,8/5/2015,Second Class,BE-11455,Brad Eason,Home Office,United States,Providence,Rhode Island,2908,East,FUR-CH-10001973,Furniture,Chairs,Office Star Flex Back Scooter Chair with White Frame,110.98,1,0.0,15.5372
5427,CA-2016-153598,12/3/2016,12/6/2016,First Class,NM-18520,Neoma Murray,Consumer,United States,Los Angeles,California,90045,West,FUR-FU-10001085,Furniture,Furnishings,3M Polarizing Light Filter Sleeves,111.9,6,0.0,51.474
57,CA-2016-111682,6/17/2016,6/18/2016,First Class,TB-21055,Ted Butterfield,Consumer,United States,Troy,New York,12180,East,OFF-PA-10001569,Office Supplies,Paper,Xerox 232,32.4,5,0.0,15.552
4645,CA-2015-147501,8/2/2015,8/6/2015,Standard Class,Co-12640,Corey-Lock (corrected),Consumer,United States,Seattle,Washington,98105,West,TEC-MA-10001972,Technology,Machines,Okidata_C331dn_Printer,558.4,2,0.2,41.88
1441,CA-2017-122735,4/12/2017,4/15/2017,Second Class,BD-11320,Bill Donatelli,Consumer,United States,Houston,AZ,23973,West,OFF-PA-10001712,Office Supplies,Paper,Xerox 1948,39.96,4,0.0,17.982
6500,NEW-95-20260304121052,2015-08-19 00:00:00,2015-08-25 00:00:00,Standard Class,SS-20515,Shirley Schmidt,Home Office,United States,Louisville,Kentucky,40214,South,TEC-AC-10003289,Technology,Accessories,Anker Ultra-Slim Mini Bluetooth 3.0 Wireless Keyboard,323.07,14,0.0,63.24
1046,CA-2017-152702,10/12/2017,10/16/2017,Standard Class,SN-20710,Steve Nguyen (corrected),Home Office,United States,Rockford,Illinois,61107,Central,FUR-CH-10002304,Furniture,Chairs,"Global_Stack_Chair_without_Arms,_Black",254.604,14,0.3,-18.186
2271,NEW-448-20260304121052,2018-01-30 00:00:00,2018-02-05 00:00:00,Standard Class,MK-17905,Michael Kennedy,Corporate,United States,Miami,Florida,33180,South,OFF-AR-10004344,Office Supplies,Art,Bulldog Vacuum Base Pencil Sharpener,56.4,5,0.2,5.59
1908,US-2016-150567,5/17/2016,5/21/2016,Standard Class,RP-19855,Roy Phan,Corporate,United States,Apopka,Florida,32712,South,OFF-BI-10000069,Office Supplies,Binders,"GBC Prepunched Paper, 19-Hole, for Binding Systems, 24-lb",27.018,6,0.7,-21.6144
4807,CA-2015-137708,11/22/2015,11/25/2015,Second Class,NG-18430,Nathan Gelder,Consumer,United States,Los Angeles,California,90008,West,OFF-PA-10000327,Office Supplies,Paper,Xerox_1971,42.8,10,0.0,19.26
5972,CA-2014-141726,7/20/2014,7/22/2014,First Class,CC-12145,Charles Crestani (corrected),Consumer,United States,San Diego,California,92105,West,FUR-FU-10003577,Furniture,Furnishings,Nu-Dell_Leatherette_Frames,43.02,3,0.0,15.4872
7571,CA-2014-133830,12/5/2014,12/10/2014,Standard Class,RL-19615,Rob Lucas (corrected),Consumer,United States,Los Angeles,California,90045,West,OFF-FA-10002280,Office Supplies,Fasteners,Advantus_Plastic_Paper_Clips,15.0,3,0.0,7.2
6211,NEW-84-20260304121052,2017-10-31 00:00:00,2017-11-04 00:00:00,Standard Class,YS-21880,Yana Sorensen,Corporate,United States,Seattle,Washington,98103,West,OFF-ST-10003306,Office Supplies,Storage,Letter Size Cart,1131.91,7,0.0,346.49
5570,CA-2017-157966,3/13/2017,3/13/2017,Same Day,SU-20665,Stephanie Ulpright,Home Office,United States,New York,WA,35275,West,OFF-PA-10001934,Office Supplies,Paper,Xerox 1993,15.552,3,0.2,5.6376
9542,CA-2015-135251,8/6/2015,8/10/2015,Standard Class,RP-19270,Rachel Payne,Corporate,United States,Houston,Texas,77095,Central,OFF-LA-10004544,Office Supplies,Labels,Avery 505,35.52,3,0.2,13.32
4027,NEW-291-20260304121052,2017-10-02 00:00:00,2017-10-04 00:00:00,First Class,SF-20965,Sylvia Foulston,Corporate,United States,Bedford,Texas,76021,Central,OFF-AR-10004582,Office Supplies,Art,BIC Brite Liner Grip Highlighters,7.96,7,0.2,3.14
8131,CA-2014-127866,7/20/2014,7/23/2014,First Class,JD-15895,Jonathan Doherty (corrected),Corporate,United States,Riverside,California,92503,West,OFF-PA-10003971,Office Supplies,Paper,Xerox_1965,11.96,2,0.0,5.8604
8824,CA-2017-100622,11/3/2017,11/7/2017,Standard Class,DK-13090,Dave Kipp,Consumer,United States,Orlando,Florida,32839,South,OFF-PA-10002947,Office Supplies,Paper,Xerox 1923,10.688,2,0.2,3.7408
2066,CA-2014-106439,10/31/2014,11/4/2014,Standard Class,GG-14650,Greg Guthrie,Corporate,United States,Los Angeles,California,90049,West,FUR-CH-10003833,Furniture,Chairs,Novimex_Fabric_Task_Chair,146.352,3,0.2,-9.147
3796,NEW-312-20260304121052,2014-07-01 00:00:00,2014-07-06 00:00:00,Standard Class,EJ-13720,Ed Jacobs,Consumer,United States,San Diego,California,92037,West,FUR-TA-10003469,Furniture,Tables,Balt Split Level Computer Training Table,420.39,3,0.2,-16.42
2925,NEW-496-20260304121052,2015-02-27 00:00:00,2015-03-02 00:00:00,First Class,JM-16195,Justin MacKendrick,Consumer,United States,Watertown,New York,13601,East,OFF-AP-10001303,Office Supplies,Appliances,"Holmes Cool Mist Humidifier for the Whole House with 8-Gallon Output per Day, Extended Life Filter",20.21,1,0.0,9.86
5372,US-2017-136721,4/8/2017,4/12/2017,Standard Class,NH-18610,Nicole Hansen,Corporate,United States,Oak Park,Michigan,48237,Central,FUR-FU-10004188,Furniture,Furnishings,Luxo Professional Combination Clamp-On Lamps,306.9,3,0.0,79.794
9890,CA-2017-166499,3/19/2017,3/20/2017,First Class,VG-21805,Vivek Grady,Corporate,United States,Lakewood,New Jersey,8701,East,OFF-AR-10002467,Office Supplies,Art,Dixon Ticonderoga Pencils,8.94,3,0.0,2.4138
9696,US-2016-151260,12/11/2016,12/14/2016,First Class,SC-20695,Steve Chapman,Corporate,United States,Springfield,Ohio,45503,East,OFF-AP-10002892,Office Supplies,Appliances,Belkin F5C206VTEL 6 Outlet Surge,73.536,4,0.2,9.192
459,US-2016-157945,9/26/2016,10/1/2016,Standard Class,NF-18385,Natalie Fritzler,Consumer,United States,Phoenix,AZ,41452,East,OFF-EN-10001415,Office Supplies,Envelopes,Staple envelope,8.928,2,0.2,3.348
2434,US-2017-112613,5/28/2017,6/1/2017,Standard Class,JH-15910,Jonathan Howell,Consumer,United States,New York,IL,16651,South,TEC-PH-10001536,Technology,Phones,Spigen Samsung Galaxy S5 Case Wallet,54.368,4,0.2,4.0776
9549,NEW-224-20260304121052,2016-07-09 00:00:00,2016-07-16 00:00:00,Second Class,SC-20770,Stewart Carmichael,Corporate,United States,Philadelphia,Pennsylvania,19134,East,OFF-BI-10003910,Office Supplies,Binders,DXL Angle-View Binders with Locking Rings by Samsill,6.32,2,0.7,-3.21
5421,US-2016-151827,3/31/2016,4/2/2016,Second Class,CS-11950,Carlos Soltero,Consumer,United States,Phoenix,WA,13631,Central,TEC-PH-10002789,Technology,Phones,LG Exalt,280.782,3,0.4,-60.8361
5401,CA-2017-132262,9/21/2017,9/23/2017,First Class,ML-18265,Muhammed Lee,Consumer,United States,Seattle,Washington,98103,West,TEC-AC-10000158,Technology,Accessories,Sony 64GB Class 10 Micro SDHC R40 Memory Card,71.98,2,0.0,15.1158
7133,CA-2017-141439,11/26/2017,12/1/2017,Standard Class,TT-21460,Tonja Turnell,Home Office,United States,Richmond,Indiana,47374,Central,TEC-PH-10002624,Technology,Phones,Samsung Galaxy S4 Mini,1879.96,4,0.0,545.1884
7618,CA-2016-144309,12/10/2016,12/16/2016,Standard Class,CM-12235,Chris McAfee (corrected),Consumer,United States,Watertown,New York,13601,East,OFF-BI-10003656,Office Supplies,Binders,Fellowes_PB200_Plastic_Comb_Binding_Machine,679.96,5,0.2,220.987
6480,CA-2017-140872,6/3/2017,6/10/2017,Standard Class,NR-18550,Nick Radford,Consumer,United States,Pembroke Pines,Florida,33024,South,TEC-PH-10000441,Technology,Phones,VTech_DS6151,503.96,5,0.2,50.396
4441,US-2016-111290,7/22/2016,7/26/2016,Standard Class,DK-13375,Dennis Kane (corrected),Consumer,United States,Westland,Michigan,48185,Central,TEC-AC-10004975,Technology,Accessories,Plantronics_Audio_995_Wireless_Stereo_Headset,109.95,1,0.0,36.2835
487,CA-2017-140963,6/10/2017,6/13/2017,First Class,MT-18070,Michelle Tran,Home Office,United States,Los Angeles,California,90045,West,TEC-PH-10001924,Technology,Phones,iHome FM Clock Radio with Lightning Dock,279.96,5,0.2,17.4975
2316,CA-2017-122035,7/20/2017,7/25/2017,Standard Class,EM-13825,Elizabeth Moffitt,Corporate,United States,Sioux Falls,South Dakota,57103,Central,OFF-BI-10000404,Office Supplies,Binders,Avery Printable Repositionable Plastic Tabs,43.0,5,0.0,20.21
236,US-2017-100930,4/7/2017,4/12/2017,Standard Class,CS-12400,Christopher Schild,Home Office,United States,Seattle,CA,62676,South,TEC-AC-10003832,Technology,Accessories,Logitech P710e Mobile Speakerphone,617.976,3,0.2,-7.7247
466,NEW-286-20260304121052,2016-04-28 00:00:00,2016-04-30 00:00:00,Standard Class,TN-21040,Tanja Norvell,Home Office,United States,Phoenix,Arizona,85023,West,OFF-SU-10003505,Office Supplies,Supplies,Premier Electric Letter Opener,174.99,2,0.2,-47.42
5360,NEW-44-20260304121052,2014-12-17 00:00:00,2014-12-24 00:00:00,Standard Class,SS-20590,Sonia Sunley,Consumer,United States,San Francisco,California,94122,West,OFF-AR-10004602,Office Supplies,Art,Boston KS Multi-Size Manual Pencil Sharpener,45.44,2,0.0,16.82
4676,CA-2017-139416,3/27/2017,3/29/2017,Second Class,AG-10270,Alejandro Grove (corrected),Consumer,United States,Philadelphia,Pennsylvania,19120,East,FUR-FU-10003832,Furniture,Furnishings,"Eldon_Expressions_Punched_Metal_&_Wood_Desk_Accessories,_Black_&_Cherry",15.008,2,0.2,1.5008
6449,US-2017-119816,3/4/2017,3/6/2017,Second Class,TT-21460,Tonja Turnell,Home Office,United States,Houston,Texas,77095,Central,OFF-ST-10000918,Office Supplies,Storage,Crate-A-Files,8.72,1,0.2,0.654
8678,CA-2017-141705,10/24/2017,10/26/2017,First Class,PO-18850,Patrick O'Brill,Consumer,United States,Mansfield,Texas,76063,Central,FUR-TA-10004607,Furniture,Tables,Hon 2111 Invitation Series Straight Table,517.405,5,0.3,-81.3065
7539,US-2017-112347,12/2/2017,12/6/2017,Standard Class,BS-11380,Bill Stewart,Corporate,United States,Denver,Colorado,80219,West,OFF-ST-10003306,Office Supplies,Storage,Letter Size Cart,114.288,1,0.2,12.8574
8125,NEW-189-20260304121052,2017-10-11 00:00:00,2017-10-18 00:00:00,Standard Class,JA-15970,Joseph Airdo,Consumer,United States,Modesto,California,95351,West,FUR-CH-10004860,Furniture,Chairs,Global Low Back Tilter Chair,160.89,2,0.2,-26.25
934,CA-2016-140081,6/20/2016,6/24/2016,Standard Class,CG-12040,Catherine Glotzbach,Home Office,United States,Philadelphia,Pennsylvania,19120,East,OFF-PA-10001745,Office Supplies,Paper,"Wirebound_Message_Books,_2_7/8""_x_5"",_3_Forms_per_Page",45.056,8,0.2,15.2064
8190,CA-2015-140375,10/2/2015,10/5/2015,Second Class,SG-20470,Sheri Gordon,Consumer,United States,Rockville,Maryland,20852,East,OFF-BI-10000320,Office Supplies,Binders,GBC_Plastic_Binding_Combs,7.38,1,0.0,3.6162
2584,US-2014-155502,1/26/2014,1/31/2014,Standard Class,SD-20485,Shirley Daniels,Home Office,United States,Alexandria,Virginia,22304,South,FUR-FU-10001847,Furniture,Furnishings,Eldon Image Series Black Desk Accessories,12.42,3,0.0,4.4712
5203,CA-2015-142454,8/15/2015,8/19/2015,Standard Class,RE-19450,Richard Eichhorn,Consumer,United States,Oakland,California,94601,West,FUR-FU-10004018,Furniture,Furnishings,Tensor Computer Mounted Lamp,104.23,7,0.0,28.1421
4788,NEW-406-20260304121052,2016-02-27 00:00:00,2016-02-29 00:00:00,Standard Class,IM-15070,Irene Maddox,Consumer,United States,Colorado Springs,Colorado,80906,West,TEC-AC-10004396,Technology,Accessories,Logitech Keyboard K120,74.84,4,0.2,-6.51
4695,US-2015-138121,12/17/2015,12/17/2015,Same Day,JL-15835,John Lee,Consumer,United States,Detroit,Michigan,48205,Central,OFF-BI-10000320,Office Supplies,Binders,GBC Plastic Binding Combs,29.52,4,0.0,14.4648
59,CA-2016-111682,6/17/2016,6/18/2016,First Class,TB-21055,Ted Butterfield,Consumer,United States,Troy,New York,12180,East,OFF-PA-10000587,Office Supplies,Paper,"Array Parchment Paper, Assorted Colors",14.56,2,0.0,6.9888
2338,CA-2014-110639,8/23/2014,8/23/2014,Same Day,RH-19495,Rick Hansen,Consumer,United States,New York City,New York,10009,East,OFF-PA-10003936,Office Supplies,Paper,Xerox 1994,25.92,4,0.0,12.4416
5077,CA-2014-134572,4/20/2014,4/22/2014,Second Class,SV-20365,Seth Vernon,Consumer,United States,Houston,Texas,77070,Central,OFF-ST-10004634,Office Supplies,Storage,"Personal Folder Holder, Ebony",44.84,5,0.2,5.605
9382,CA-2014-154158,12/23/2014,12/27/2014,Second Class,CC-12670,Craig Carreira (corrected),Consumer,United States,Tampa,Florida,33614,South,OFF-ST-10000078,Office Supplies,Storage,Tennsco_6-_and_18-Compartment_Lockers,424.272,2,0.2,-10.6068
9410,US-2017-110149,12/10/2017,12/13/2017,First Class,WB-21850,William Brown (corrected),Consumer,United States,Philadelphia,Pennsylvania,19143,East,OFF-BI-10000014,Office Supplies,Binders,Heavy-Duty_E-Z-D_Binders,3.273,1,0.7,-2.5093
7241,CA-2017-136651,4/23/2017,4/25/2017,Second Class,JF-15355,Jay Fein (corrected),Consumer,United States,Pasadena,California,91104,West,FUR-FU-10002445,Furniture,Furnishings,"DAX_Two-Tone_Rosewood/Black_Document_Frame,_Desktop,_5_x_7",66.36,7,0.0,26.544
7812,CA-2016-134334,2/14/2016,2/15/2016,First Class,DK-13090,Dave Kipp,Consumer,United States,Clinton,Maryland,20735,East,OFF-AR-10001770,Office Supplies,Art,Economy #2 Pencils,7.98,3,0.0,2.0748
3770,CA-2014-153913,12/16/2014,12/20/2014,Second Class,KB-16585,Ken Black,Corporate,United States,Chicago,CA,18457,South,OFF-FA-10000490,Office Supplies,Fasteners,"OIC Binder Clips, Mini, 1/4"" Capacity, Black",1.984,2,0.2,0.6696
8889,NEW-207-20260304121052,2018-03-21 00:00:00,2018-03-22 00:00:00,Standard Class,ML-17755,Max Ludwig,Home Office,United States,Stockton,California,95207,West,FUR-FU-10003394,Furniture,Furnishings,"Tenex ""The Solids"" Textured Chair Mats",719.32,9,0.0,148.47
6966,CA-2016-157161,7/16/2016,7/20/2016,Second Class,JD-15895,Jonathan Doherty (corrected),Corporate,United States,Columbia,South Carolina,29203,South,TEC-AC-10000358,Technology,Accessories,Imation Secure Drive +_Hardware_Encrypted_USB flash_drive -_16_GB,75.98,2,0.0,18.2352
6279,US-2016-139087,7/17/2016,7/22/2016,Second Class,DK-13375,Dennis Kane (corrected),Consumer,United States,Seattle,Washington,98105,West,TEC-PH-10000148,Technology,Phones,Cyber_Acoustics_AC-202b_Speech_Recognition_Stereo_Headset,20.784,2,0.2,-4.6764
5075,CA-2017-151071,4/25/2017,4/29/2017,Second Class,MB-18085,Mick Brown,Consumer,United States,Los Angeles,California,90049,West,OFF-BI-10002103,Office Supplies,Binders,"Cardinal Slant-D Ring Binder, Heavy Gauge Vinyl",13.904,2,0.2,4.5188
6369,US-2017-147998,5/19/2017,5/24/2017,Standard Class,SA-20830,Sue Ann Reed,Consumer,United States,Houston,TX,21623,West,OFF-BI-10002082,Office Supplies,Binders,GBC Twin Loop Wire Binding Elements,133.12,5,0.2,49.92
3591,NEW-498-20260304121052,2018-04-04 00:00:00,2018-04-12 00:00:00,Standard Class,FM-14290,Frank Merwin,Home Office,United States,Richmond,Kentucky,40475,South,OFF-ST-10001526,Office Supplies,Storage,Iceberg Mobile Mega Data/Printer Cart ,1659.01,12,0.0,404.1
9557,CA-2015-156853,12/3/2015,12/5/2015,Second Class,HP-14815,Harold Pawlan,Home Office,United States,Concord,New Hampshire,3301,East,OFF-PA-10003656,Office Supplies,Paper,Xerox 1935,184.66,7,0.0,84.9436
1736,CA-2017-101483,7/29/2017,8/1/2017,Second Class,AG-10675,Anna Gayman (corrected),Consumer,United States,Jacksonville,North Carolina,28540,South,TEC-PH-10003442,Technology,Phones,Samsung_Replacement_EH64AVFWE_Premium_Headset,22.0,5,0.2,1.375
5351,NEW-222-20260304121052,2018-03-27 00:00:00,2018-04-01 00:00:00,Standard Class,LH-16900,Lena Hernandez,Consumer,United States,Park Ridge,Illinois,60068,Central,OFF-PA-10001019,Office Supplies,Paper,Xerox 1884,141.17,9,0.2,40.07
1075,CA-2016-134348,11/12/2016,11/19/2016,Standard Class,MS-17710,Maurice Satty,Consumer,United States,Mesa,Arizona,85204,West,OFF-BI-10004967,Office Supplies,Binders,Round Ring Binders,4.368,7,0.7,-3.3488
2167,NEW-68-20260304121052,2017-03-14 00:00:00,2017-03-23 00:00:00,Standard Class,HA-14920,Helen Andreada,Consumer,United States,Laredo,Texas,78041,Central,OFF-AR-10002067,Office Supplies,Art,Newell 334,15.0,1,0.2,0.96
5097,NEW-329-20260304121052,2015-03-17 00:00:00,2015-03-18 00:00:00,Standard Class,BK-11260,Berenike Kampe,Consumer,United States,Chicago,Illinois,60610,Central,FUR-FU-10002088,Furniture,Furnishings,Nu-Dell Float Frame 11 x 14 1/2,14.8,3,0.6,-6.73
6878,US-2015-123918,10/15/2015,10/15/2015,Same Day,CG-12520,Claire Gute,Consumer,United States,Dallas,Texas,75217,Central,FUR-FU-10004952,Furniture,Furnishings,"C-Line Cubicle Keepers Polyproplyene Holder w/Velcro Back, 8-1/2x11, 25/Bx",131.376,6,0.6,-95.2476
391,CA-2017-101798,12/11/2017,12/15/2017,Standard Class,MV-18190,Mike Vittorini (corrected),Consumer,United States,New York City,New York,10009,East,TEC-AC-10001998,Technology,Accessories,Logitech LS21_Speaker_System_-_PC_Multimedia_-_2.1-CH_-_Wired,39.98,2,0.0,13.5932
9973,CA-2016-130225,9/11/2016,9/17/2016,Standard Class,RC-19960,Ryan Crowe (corrected),Consumer,United States,Houston,Texas,77041,Central,OFF-EN-10000056,Office Supplies,Envelopes,Cameo_Buff_Policy_Envelopes,99.568,2,0.2,33.6042
4301,CA-2017-129021,8/23/2017,8/26/2017,Second Class,PO-18850,Patrick O'Brill,Consumer,United States,Tallahassee,Florida,32303,South,FUR-FU-10001852,Furniture,Furnishings,"Eldon_Regeneration_Recycled_Desk_Accessories,_Smoke",2.784,2,0.2,0.4176
3103,NEW-289-20260304121052,2018-02-10 00:00:00,2018-02-18 00:00:00,Second Class,JG-15310,Jason Gross,Corporate,United States,Providence,Rhode Island,2908,East,FUR-BO-10003660,Furniture,Bookcases,"Bush Cubix Collection Bookcases, Fully Assembled",298.42,1,0.0,72.16
7511,US-2017-161935,7/14/2017,7/18/2017,Standard Class,JL-15835,John Lee,Consumer,United States,Columbus,Ohio,43229,East,OFF-ST-10003455,Office Supplies,Storage,"Tenex File Box, Personal Filing Tote with Lid, Black",62.04,5,0.2,4.653
2431,CA-2017-100748,5/13/2017,5/20/2017,Standard Class,RB-19795,Ross Baird,Home Office,United States,Los Angeles,NY,58853,South,OFF-LA-10000240,Office Supplies,Labels,Self-Adhesive Address Labels for Typewriters by Universal,58.48,8,0.0,27.4856
8469,NEW-56-20260304121052,2017-01-06 00:00:00,2017-01-14 00:00:00,Standard Class,AS-10285,Alejandro Savely,Corporate,United States,Noblesville,Indiana,46060,Central,FUR-TA-10001950,Furniture,Tables,Balt Solid Wood Round Tables,3345.7,6,0.0,270.67
9249,CA-2016-127761,11/10/2016,11/14/2016,Standard Class,SW-20275,Scott Williamson,Consumer,United States,New York City,New York,10009,East,OFF-BI-10002557,Office Supplies,Binders,Presstex Flexible Ring Binders,3.64,1,0.2,1.365
1263,CA-2017-105053,7/7/2017,7/9/2017,Second Class,CS-12355,Christine Sundaresam,Consumer,United States,Long Beach,New York,11561,East,OFF-BI-10001634,Office Supplies,Binders,Wilson Jones Active Use Binders,17.472,3,0.2,6.3336
4552,US-2014-165862,7/13/2014,7/17/2014,Standard Class,GK-14620,Grace Kelly (corrected),Corporate,United States,Los Angeles,California,90049,West,FUR-TA-10002855,Furniture,Tables,Bevis_Round_Conference_Table_Top_&_Single_Column_Base,351.216,3,0.2,4.3902
1940,CA-2016-112109,7/8/2016,7/12/2016,Standard Class,JE-15715,Joe Elijah,Consumer,United States,Seattle,NY,14448,East,OFF-BI-10001634,Office Supplies,Binders,Wilson Jones Active Use Binders,8.736,4,0.7,-6.1152
5216,CA-2016-145898,9/26/2016,9/26/2016,Same Day,CM-12445,Chuck Magee,Consumer,United States,Redlands,California,92374,West,OFF-PA-10001667,Office Supplies,Paper,Great White Multi-Use Recycled Paper (20Lb. and 84 Bright),29.9,5,0.0,13.455
9916,CA-2017-160927,1/29/2017,1/31/2017,Second Class,TM-21010,Tamara Manning,Consumer,United States,Marion,Iowa,52302,Central,OFF-PA-10000176,Office Supplies,Paper,Xerox 1887,94.85,5,0.0,45.528
6057,NEW-51-20260304121052,2017-01-29 00:00:00,2017-02-07 00:00:00,First Class,NF-18385,Natalie Fritzler,Consumer,United States,Edinburg,Texas,78539,Central,OFF-PA-10004665,Office Supplies,Paper,Advantus Motivational Note Cards,100.08,8,0.2,40.4
5671,CA-2015-141012,6/9/2015,6/11/2015,Second Class,TG-21640,Trudy Glocke,Consumer,United States,Pocatello,Idaho,83201,West,FUR-FU-10003192,Furniture,Furnishings,Luxo Adjustable Task Clamp Lamp,355.36,4,0.0,92.3936
1410,US-2016-122245,9/25/2016,9/30/2016,Standard Class,AB-10105,Adrian Barton (corrected),Consumer,United States,Phoenix,Arizona,85023,West,FUR-TA-10002356,Furniture,Tables,Bevis_Boat-Shaped_Conference_Table,393.165,3,0.5,-204.4458
2753,CA-2015-155306,4/17/2015,4/21/2015,Standard Class,GA-14515,George Ashbrook,Consumer,United States,Chicago,IL,57991,South,OFF-AR-10003251,Office Supplies,Art,Prang Drawing Pencil Set,5.56,2,0.0,2.224
9693,CA-2015-107902,8/28/2015,9/2/2015,Standard Class,SM-20950,Suzanne McNair (corrected),Corporate,United States,Fairfield,Connecticut,6824,East,OFF-ST-10001837,Office Supplies,Storage,"SAFCO_Mobile_Desk_Side_File,_Wire_Frame",470.36,11,0.0,122.2936
9122,CA-2017-122007,3/18/2017,3/20/2017,Second Class,JK-15325,Jason Klamczynski,Corporate,United States,Los Angeles,California,90032,West,OFF-AP-10000358,Office Supplies,Appliances,Fellowes_Basic_Home/Office_Series_Surge_Protectors,90.86,7,0.0,26.3494
4884,CA-2017-104080,3/8/2017,3/15/2017,Standard Class,AH-10210,Alan Hwang,Consumer,United States,Anaheim,California,92804,West,OFF-BI-10003876,Office Supplies,Binders,"Green Canvas Binder for 8-1/2"" x 14"" Sheets",171.2,5,0.2,64.2
5620,US-2016-124163,9/25/2016,9/30/2016,Standard Class,SC-20695,Steve Chapman (corrected),Corporate,United States,La Crosse,Wisconsin,54601,Central,TEC-AC-10001908,Technology,Accessories,Logitech_Wireless_Headset_h800,499.95,5,0.0,174.9825
9062,CA-2015-136420,11/20/2015,11/21/2015,First Class,CS-12250,Chris Selesnick,Corporate,United States,San Diego,California,92024,West,OFF-LA-10002762,Office Supplies,Labels,Avery 485,50.12,4,0.0,23.5564
5852,CA-2015-121783,11/10/2015,11/14/2015,Standard Class,PO-19180,Philisse Overcash,Home Office,United States,Roseville,Minnesota,55113,Central,OFF-BI-10001658,Office Supplies,Binders,GBC Standard Therm-A-Bind Covers,74.76,3,0.0,34.3896
2452,CA-2017-140949,3/17/2017,3/22/2017,Second Class,DB-13405,Denny Blanton,Consumer,United States,New York City,New York,10011,East,TEC-PH-10000149,Technology,Phones,Cisco SPA525G2 IP Phone - Wireless,119.7,6,0.0,31.122
5694,US-2015-138093,12/10/2015,12/16/2015,Standard Class,KM-16225,Kalyca Meade,Corporate,United States,Baltimore,Maryland,21215,East,OFF-PA-10000143,Office Supplies,Paper,Astroparche Fine Business Paper,26.4,5,0.0,12.672
7763,CA-2017-156391,9/26/2017,9/28/2017,First Class,SL-20155,Sara Luxemburg,Home Office,United States,Salem,Oregon,97301,West,OFF-AR-10003251,Office Supplies,Art,Prang Drawing Pencil Set,2.224,1,0.2,0.556
4232,CA-2017-100223,7/5/2017,7/10/2017,Standard Class,LS-16945,Linda Southworth,Corporate,United States,Dallas,Texas,75220,Central,OFF-PA-10000232,Office Supplies,Paper,Xerox 1975,15.552,3,0.2,5.6376
625,CA-2015-138009,11/29/2015,12/3/2015,Standard Class,SF-20965,Sylvia Foulston,Corporate,United States,Dearborn,Michigan,48126,Central,OFF-ST-10001272,Office Supplies,Storage,"Mini 13-1/2 Capacity Data Binder Rack, Pearl",523.48,4,0.0,130.87
3105,US-2017-140074,3/23/2017,3/29/2017,Standard Class,EC-14050,Erin Creighton (corrected),Consumer,United States,New York City,New York,10024,East,OFF-PA-10002741,Office Supplies,Paper,Xerox_1980,25.68,6,0.0,11.556
9761,NEW-277-20260304121052,2017-11-11 00:00:00,2017-11-16 00:00:00,Standard Class,KM-16375,Katherine Murray,Home Office,United States,Springdale,Arkansas,72762,South,OFF-AR-10000657,Office Supplies,Art,"Binney & Smith inkTank Desk Highlighter, Chisel Tip, Yellow, 12/Box",4.45,2,0.0,2.13
5882,CA-2016-133935,9/18/2016,9/22/2016,Standard Class,JW-15220,Jane Waco,Corporate,United States,San Diego,California,92105,West,OFF-PA-10000100,Office Supplies,Paper,Xerox_1945,368.91,9,0.0,180.7659
6171,NEW-326-20260304121052,2017-05-12 00:00:00,2017-05-14 00:00:00,Second Class,MH-17440,Mark Haberlin,Corporate,United States,New York City,New York,10035,East,OFF-BI-10000948,Office Supplies,Binders,"GBC Laser Imprintable Binding System Covers, Desert Sand",30.91,3,0.2,16.26
928,CA-2015-115091,10/5/2015,10/9/2015,Standard Class,JJ-15760,Joel Jenkins,Home Office,United States,Springfield,Virginia,22153,South,OFF-AR-10000658,Office Supplies,Art,Newell 324,46.2,4,0.0,12.936
7127,CA-2016-123176,9/27/2016,9/29/2016,Second Class,JG-15160,James Galang (corrected),Consumer,United States,Atlanta,Georgia,30318,South,OFF-AR-10004685,Office Supplies,Art,"Binney_&_Smith_Crayola_Metallic_Colored_Pencils,_8-Color_Set",13.89,3,0.0,4.5837
3701,CA-2017-169411,12/24/2017,12/29/2017,Standard Class,AC-10615,Ann Chong,Corporate,United States,Rochester,New York,14609,East,FUR-FU-10001602,Furniture,Furnishings,"Eldon Delta Triangular Chair Mat, 52"" x 58"", Clear",37.93,1,0.0,6.8274
4688,CA-2016-101987,6/24/2016,6/30/2016,Standard Class,HL-15040,Hunter Lopez,Consumer,United States,Richmond,Indiana,47374,Central,TEC-PH-10001305,Technology,Phones,Panasonic KX TS208W Corded phone,440.91,9,0.0,123.4548
7201,NEW-403-20260304121052,2017-03-06 00:00:00,2017-03-14 00:00:00,Standard Class,HF-14995,Herbert Flentye,Consumer,United States,Fort Lauderdale,Florida,33311,South,TEC-PH-10001944,Technology,Phones,Wi-Ex zBoost YX540 Cellular Phone Signal Booster,106.37,1,0.2,22.95
5106,CA-2014-116568,12/14/2014,12/20/2014,Standard Class,BM-11785,Bryan Mills (corrected),Consumer,United States,Deltona,Florida,32725,South,FUR-CH-10002439,Furniture,Chairs,"Iceberg_Nesting_Folding_Chair,_19w_x_6d_x_43h",186.304,4,0.2,13.9728
1060,CA-2016-105284,11/24/2016,12/1/2016,Standard Class,MG-17650,Matthew Grinstein,Home Office,United States,Chicago,NY,44506,East,OFF-FA-10001754,Office Supplies,Fasteners,Stockwell Gold Paper Clips,4.416,3,0.2,1.6008
4133,CA-2015-111703,7/2/2015,7/9/2015,Standard Class,KB-16315,Karl Braun,Consumer,United States,Hollywood,Florida,33021,South,OFF-PA-10003349,Office Supplies,Paper,Xerox 1957,15.552,3,0.2,5.6376
1665,CA-2016-128531,11/24/2016,11/26/2016,Second Class,NS-18505,Neola Schneider,Consumer,United States,Phoenix,NY,29816,Central,TEC-AC-10002049,Technology,Accessories,Logitech G19 Programmable Gaming Keyboard,297.576,3,0.2,-7.4394
2049,CA-2015-142237,7/11/2015,7/13/2015,First Class,CK-12595,Clytie Kelty,Consumer,United States,Philadelphia,Pennsylvania,19134,East,FUR-FU-10004848,Furniture,Furnishings,"Howard_Miller_13-3/4""_Diameter_Brushed_Chrome_Round_Wall_Clock",289.8,7,0.2,36.225
3123,CA-2015-121720,6/11/2015,6/12/2015,First Class,JE-15610,Jim Epp,Corporate,United States,Lakeland,Florida,33801,South,OFF-BI-10004593,Office Supplies,Binders,Ibico Laser Imprintable Binding System Covers,78.6,5,0.7,-62.88
4499,NEW-241-20260304121052,2014-12-25 00:00:00,2014-12-26 00:00:00,Standard Class,GR-14560,Georgia Rosenberg,Corporate,United States,San Francisco,California,94110,West,OFF-PA-10003309,Office Supplies,Paper,Xerox 211,11.24,2,0.0,7.71
4098,CA-2014-116904,9/23/2014,9/28/2014,Standard Class,SC-20095,Sanjit Chand,Consumer,United States,Minneapolis,Minnesota,55407,Central,OFF-ST-10000736,Office Supplies,Storage,Carina Double Wide Media Storage Towers in Natural & Black,404.9,5,0.0,16.196
1039,CA-2017-121818,11/20/2017,11/21/2017,First Class,JH-15430,Jennifer Halladay,Consumer,United States,Burlington,North Carolina,27217,South,OFF-AR-10000203,Office Supplies,Art,Newell 336,23.968,7,0.2,2.6964
6485,CA-2017-113908,6/3/2017,6/9/2017,Standard Class,KN-16390,Katherine Nockton (corrected),Corporate,United States,New York City,New York,10011,East,TEC-MA-10003173,Technology,Machines,Hewlett-Packard_300S_Scientific_Calculator,78.66,6,0.0,36.1836
330,US-2016-141544,8/30/2016,9/1/2016,First Class,PO-18850,Patrick O'Brill,Consumer,United States,Philadelphia,Pennsylvania,19143,East,OFF-LA-10001074,Office Supplies,Labels,Round_Specialty_Laser_Printer_Labels,100.24,10,0.2,33.831
8033,CA-2015-119690,6/25/2015,6/28/2015,First Class,MV-17485,Mark Van Huff,Consumer,United States,Seattle,CA,95884,East,OFF-PA-10001019,Office Supplies,Paper,Xerox 1884,47.952,3,0.2,16.1838
2419,CA-2016-107202,5/21/2016,5/28/2016,Standard Class,LC-16930,Linda Cazamias,Corporate,United States,Sparks,Nevada,89431,West,TEC-MA-10000112,Technology,Machines,Panasonic KX MB2061 Multifunction Printer,2396.4,10,0.2,179.73
3337,US-2017-109253,8/21/2017,8/22/2017,First Class,PR-18880,Patrick Ryan,Consumer,United States,Oakland,California,94601,West,FUR-FU-10000193,Furniture,Furnishings,Tenex Chairmats For Use with Hard Floors,129.92,4,0.0,10.3936
6338,NEW-60-20260304121052,2016-09-12 00:00:00,2016-09-14 00:00:00,Standard Class,BG-11740,Bruce Geld,Consumer,United States,Los Angeles,California,90008,West,TEC-PH-10004908,Technology,Phones,Panasonic KX TS3282W Corded phone,296.51,5,0.2,55.71
3621,CA-2016-109743,9/22/2016,9/29/2016,Standard Class,SH-19975,Sally Hughsby,Corporate,United States,Smyrna,Tennessee,37167,South,OFF-AR-10003727,Office Supplies,Art,Berol Giant Pencil Sharpener,40.776,3,0.2,4.5873
5047,NEW-407-20260304121052,2016-11-18 00:00:00,2016-11-24 00:00:00,Second Class,AI-10855,Arianne Irving,Consumer,United States,Los Angeles,California,90036,West,OFF-BI-10004656,Office Supplies,Binders,Peel & Stick Add-On Corner Pockets,6.65,3,0.2,2.15
2448,CA-2016-119165,10/31/2016,11/6/2016,Standard Class,BD-11320,Bill Donatelli,Consumer,United States,Philadelphia,Pennsylvania,19143,East,FUR-CH-10000988,Furniture,Chairs,Hon Olson Stacker Stools,492.835,5,0.3,-14.081
7740,CA-2014-154781,11/21/2014,11/26/2014,Standard Class,SC-20680,Steve Carroll,Home Office,United States,San Francisco,California,94110,West,OFF-PA-10001609,Office Supplies,Paper,Tops Wirebound Message Log Books,6.58,2,0.0,3.0268
5292,CA-2014-146283,9/8/2014,9/15/2014,Standard Class,KT-16465,Kean Takahito,Consumer,United States,Los Angeles,WA,59923,Central,OFF-PA-10000482,Office Supplies,Paper,"Snap-A-Way Black Print Carbonless Ruled Speed Letter, Triplicate",182.112,6,0.2,61.4628
1797,US-2017-139465,8/27/2017,8/30/2017,First Class,MR-17545,Mathew Reese,Home Office,United States,Chicago,CA,38909,Central,TEC-PH-10000455,Technology,Phones,GE 30522EE2,347.97,3,0.0,100.9113
2447,NEW-467-20260304121052,2015-10-31 00:00:00,2015-11-04 00:00:00,Standard Class,AM-10705,Anne McFarland,Consumer,United States,Los Angeles,California,90004,West,OFF-EN-10000461,Office Supplies,Envelopes,"#10- 4 1/8"" x 9 1/2"" Recycled Envelopes",22.32,2,0.0,9.27
5069,CA-2014-124478,8/8/2014,8/12/2014,Standard Class,MA-17560,Matt Abelman,Home Office,United States,Trenton,Michigan,48183,Central,TEC-CO-10001571,Technology,Copiers,Sharp_1540cs_Digital_Laser_Copier,549.99,1,0.0,274.995
5335,CA-2014-103331,8/26/2014,9/1/2014,Standard Class,KB-16315,Karl Braun,Consumer,United States,Newark,Delaware,19711,East,OFF-PA-10002160,Office Supplies,Paper,Xerox_1978,17.34,3,0.0,8.4966
5031,NEW-463-20260304121052,2017-07-24 00:00:00,2017-07-26 00:00:00,Standard Class,VG-21790,Vivek Gonzalez,Consumer,United States,San Francisco,California,94109,West,OFF-SU-10001664,Office Supplies,Supplies,Acme Office Executive Series Stainless Steel Trimmers,10.0,1,0.0,1.81
7558,CA-2017-159506,11/27/2017,12/2/2017,Standard Class,JR-16210,Justin Ritter,Corporate,United States,Columbus,Indiana,47201,Central,OFF-BI-10004519,Office Supplies,Binders,GBC DocuBind P100 Manual Binding Machine,497.94,3,0.0,224.073
6083,US-2016-132577,11/22/2016,11/27/2016,Standard Class,JE-15475,Jeremy Ellison,Consumer,United States,Houston,Texas,77095,Central,OFF-BI-10004040,Office Supplies,Binders,Wilson_Jones_Impact_Binders,6.216,6,0.8,-9.6348
4433,CA-2016-168893,11/3/2016,11/8/2016,Second Class,AP-10915,Arthur Prichep,Consumer,United States,Henderson,Kentucky,42420,South,FUR-FU-10002885,Furniture,Furnishings,Magna_Visual_Magnetic_Picture_Hangers,24.1,5,0.0,9.158
6940,NEW-454-20260304121052,2017-07-30 00:00:00,2017-08-08 00:00:00,Standard Class,SC-20260,Scott Cohen,Corporate,United States,New York City,New York,10009,East,OFF-BI-10001071,Office Supplies,Binders,GBC ProClick Punch Binding System,108.01,2,0.2,42.24
965,NEW-155-20260304121052,2017-09-06 00:00:00,2017-09-10 00:00:00,First Class,BS-11800,Bryan Spruell,Home Office,United States,New York City,New York,10011,East,OFF-LA-10004055,Office Supplies,Labels,Color-Coded Legal Exhibit Labels,9.83,2,0.0,7.65
9279,CA-2017-122539,12/1/2017,12/5/2017,Standard Class,SC-20305,Sean Christensen,Consumer,United States,Philadelphia,Pennsylvania,19140,East,OFF-BI-10001759,Office Supplies,Binders,"Acco Pressboard Covers with Storage Hooks, 14 7/8"" x 11"", Dark Blue",8.001,7,0.7,-5.6007
4428,US-2017-103226,9/22/2017,9/28/2017,Standard Class,DW-13195,David Wiener,Corporate,United States,Albuquerque,New Mexico,87105,West,OFF-PA-10002666,Office Supplies,Paper,Southworth 25% Cotton Linen-Finish Paper & Envelopes,27.18,3,0.0,12.231
5814,CA-2015-150196,7/2/2015,7/3/2015,First Class,SR-20740,Steven Roelle,Home Office,United States,New York City,New York,10024,East,OFF-PA-10003797,Office Supplies,Paper,Xerox 209,19.44,3,0.0,9.3312
2989,CA-2016-139010,2/21/2016,2/26/2016,Second Class,MC-17635,Matthew Clasen,Corporate,United States,Los Angeles,California,90032,West,TEC-AC-10004227,Technology,Accessories,SanDisk Ultra 16 GB MicroSDHC Class 10 Memory Card,12.99,1,0.0,0.7794
4216,NEW-194-20260304121052,2015-05-26 00:00:00,2015-06-02 00:00:00,Standard Class,JL-15505,Jeremy Lonsdale,Consumer,United States,Mount Vernon,New York,10550,East,OFF-EN-10004007,Office Supplies,Envelopes,Park Ridge Embossed Executive Business Envelopes,80.68,4,0.0,33.47
4330,NEW-456-20260304121052,2018-03-02 00:00:00,2018-03-05 00:00:00,Standard Class,PO-18850,Patrick O'Brill,Consumer,United States,Hialeah,Florida,33012,South,OFF-PA-10000556,Office Supplies,Paper,Xerox 208,17.82,3,0.2,7.98
193,NEW-160-20260304121052,2016-03-11 00:00:00,2016-03-15 00:00:00,First Class,MP-17470,Mark Packer,Home Office,United States,New York City,New York,10035,East,FUR-BO-10002545,Furniture,Bookcases,"Atlantic Metals Mobile 3-Shelf Bookcases, Custom Colors",583.06,3,0.2,67.54
1196,NEW-173-20260304121052,2016-01-02 00:00:00,2016-01-06 00:00:00,Same Day,NG-18355,Nat Gilpin,Corporate,United States,Coral Springs,Florida,33065,South,OFF-ST-10001321,Office Supplies,Storage,"Decoflex Hanging Personal Folder File, Blue",28.01,2,0.2,2.34
423,CA-2017-125388,10/19/2017,10/23/2017,Standard Class,MP-17965,Michael Paige,Corporate,United States,Lawrence,Massachusetts,1841,East,FUR-FU-10004712,Furniture,Furnishings,"Westinghouse Mesh Shade Clip-On Gooseneck Lamp, Black",56.56,4,0.0,14.7056
1231,NEW-483-20260304121052,2018-03-20 00:00:00,2018-03-26 00:00:00,Standard Class,ZC-21910,Zuschuss Carroll,Consumer,United States,Los Angeles,California,90045,West,OFF-AR-10001022,Office Supplies,Art,SANFORD Liquid Accent Tank-Style Highlighters,5.69,2,0.0,2.13
6657,CA-2017-135937,2/20/2017,2/27/2017,Standard Class,KM-16375,Katherine Murray,Home Office,United States,Gilbert,Arizona,85234,West,OFF-ST-10000563,Office Supplies,Storage,Fellowes_Bankers_Box_Stor/Drawer_Steel_Plus,51.168,2,0.2,-6.396
2032,CA-2015-117961,11/26/2015,11/30/2015,Standard Class,GP-14740,Guy Phonely,Corporate,United States,Leominster,Massachusetts,1453,East,OFF-PA-10001274,Office Supplies,Paper,Loose Memo Sheets,10.95,3,0.0,5.1465
8842,US-2016-112396,2/9/2016,2/13/2016,Standard Class,JR-16210,Justin Ritter,Corporate,United States,San Francisco,California,94110,West,TEC-AC-10003628,Technology,Accessories,Logitech 910-002974 M325 Wireless Mouse for Web Scrolling,89.97,3,0.0,39.5868
5353,CA-2016-123932,9/6/2016,9/12/2016,Standard Class,YC-21895,Yoseph Carroll,Corporate,United States,Phoenix,WA,82754,South,TEC-PH-10002447,Technology,Phones,AT&T CL83451 4-Handset Telephone,329.584,2,0.2,37.0782
2542,CA-2016-144792,4/30/2016,5/4/2016,Standard Class,KD-16615,Ken Dana (corrected),Corporate,United States,Scottsdale,Arizona,85254,West,FUR-FU-10002759,Furniture,Furnishings,12-1/2_Diameter_Round_Wall_Clock,111.888,7,0.2,22.3776
8792,CA-2017-162075,3/18/2017,3/24/2017,Standard Class,TT-21220,Thomas Thornton,Consumer,United States,Houston,Texas,77041,Central,TEC-PH-10001557,Technology,Phones,Pyle PMP37LED,537.544,7,0.2,47.0351
8665,NEW-38-20260304121052,2017-09-06 00:00:00,2017-09-12 00:00:00,Second Class,AB-10165,Alan Barnes,Consumer,United States,Lakewood,California,90712,West,FUR-FU-10004973,Furniture,Furnishings,Flat Face Poster Frame,102.56,5,0.0,36.62
8748,CA-2017-128076,2/2/2017,2/7/2017,Standard Class,BO-11350,Bill Overfelt,Corporate,United States,San Diego,California,92105,West,OFF-BI-10003638,Office Supplies,Binders,GBC_Durable_Plastic_Covers,30.96,2,0.2,10.062
3527,NEW-470-20260304121052,2018-04-22 00:00:00,2018-05-01 00:00:00,Second Class,SU-20665,Stephanie Ulpright,Home Office,United States,Jackson,Mississippi,39212,South,TEC-PH-10000148,Technology,Phones,Cyber Acoustics AC-202b Speech Recognition Stereo Headset,33.72,3,0.0,1.16
6941,CA-2017-107132,6/26/2017,6/30/2017,Standard Class,SC-20260,Scott Cohen,Corporate,United States,New York City,New York,10009,East,OFF-SU-10002503,Office Supplies,Supplies,Acme Preferred Stainless Steel Scissors,28.4,5,0.0,8.236
4756,NEW-42-20260304121052,2017-03-24 00:00:00,2017-03-26 00:00:00,Standard Class,SC-20380,Shahid Collister,Consumer,United States,Pembroke Pines,Florida,33024,South,OFF-PA-10004381,Office Supplies,Paper,14-7/8 x 11 Blue Bar Computer Printout Paper,119.73,3,0.2,64.47
6580,CA-2016-169887,10/22/2016,10/22/2016,Same Day,MS-17530,MaryBeth Skach,Consumer,United States,Seattle,Washington,98105,West,OFF-PA-10003001,Office Supplies,Paper,Xerox 1986,6.68,1,0.0,3.2064
1795,NEW-124-20260304121052,2017-01-16 00:00:00,2017-01-24 00:00:00,Standard Class,BE-11455,Brad Eason,Home Office,United States,Olathe,Kansas,66062,Central,OFF-AR-10004022,Office Supplies,Art,Panasonic KP-380BK Classic Electric Pencil Sharpener,107.07,3,0.0,29.59
2818,CA-2015-104626,9/1/2015,9/8/2015,Standard Class,DR-12940,Daniel Raglin,Home Office,United States,Franklin,Massachusetts,2038,East,FUR-FU-10000308,Furniture,Furnishings,Deflect-o_Glass_Clear_Studded_Chair_Mats,124.36,2,0.0,27.3592
514,NEW-161-20260304121052,2018-06-06 00:00:00,2018-06-14 00:00:00,Standard Class,BN-11515,Bradley Nguyen,Consumer,United States,Los Angeles,California,90049,West,OFF-AR-10003811,Office Supplies,Art,Newell 327,8.06,3,0.0,2.08
1235,NEW-7-20260304121052,2017-04-25 00:00:00,2017-05-02 00:00:00,Same Day,PG-18820,Patrick Gardner,Consumer,United States,Boynton Beach,Florida,33437,South,FUR-FU-10000076,Furniture,Furnishings,24-Hour Round Wall Clock,66.1,3,0.2,17.28
5190,US-2017-136679,11/14/2017,11/18/2017,Standard Class,XP-21865,Xylona Preis (corrected),Consumer,United States,Pasadena,Texas,77506,Central,TEC-AC-10004855,Technology,Accessories,V7_USB_Numeric_Keypad,167.952,6,0.2,-27.2922
6828,NEW-380-20260304121052,2017-03-12 00:00:00,2017-03-13 00:00:00,Standard Class,TC-20980,Tamara Chand,Corporate,United States,Lafayette,Indiana,47905,Central,OFF-BI-10004600,Office Supplies,Binders,Ibico Ibimaster 300 Manual Binding System,956.19,2,0.0,417.7
7094,CA-2015-119480,1/9/2015,1/13/2015,Standard Class,CC-12685,Craig Carroll,Consumer,United States,Henderson,Kentucky,42420,South,OFF-PA-10004996,Office Supplies,Paper,"Speediset Carbonless Redi-Letter 7"" x 8 1/2""",51.55,5,0.0,24.2285
5484,CA-2017-105487,10/8/2017,10/14/2017,Standard Class,CS-12250,Chris Selesnick,Corporate,United States,San Diego,California,92105,West,OFF-ST-10002301,Office Supplies,Storage,Tennsco Commercial Shelving,40.68,2,0.0,0.4068
1122,NEW-125-20260304121052,2014-06-21 00:00:00,2014-06-30 00:00:00,Standard Class,HL-15040,Hunter Lopez,Consumer,United States,Jonesboro,Arkansas,72401,South,TEC-PH-10001061,Technology,Phones,Apple iPhone 5C,600.95,7,0.0,181.71
424,CA-2017-125388,10/19/2017,10/23/2017,Standard Class,MP-17965,Michael Paige,Corporate,United States,Lawrence,Massachusetts,1841,East,OFF-ST-10000918,Office Supplies,Storage,Crate-A-Files,32.7,3,0.0,8.502
2237,CA-2015-145849,9/15/2015,9/17/2015,Second Class,CT-11995,Carol Triggs,Consumer,United States,Indianapolis,Indiana,46203,Central,OFF-AR-10000817,Office Supplies,Art,Manco Dry-Lighter Erasable Highlighter,24.32,8,0.0,8.2688
4688,NEW-269-20260304121052,2016-07-10 00:00:00,2016-07-11 00:00:00,Standard Class,HL-15040,Hunter Lopez,Consumer,United States,Richmond,Indiana,47374,Central,TEC-PH-10001305,Technology,Phones,Panasonic KX TS208W Corded phone,580.02,9,0.0,96.01
5382,CA-2016-149195,9/5/2016,9/7/2016,Second Class,DM-13525,Don Miller,Corporate,United States,Houston,Texas,77070,Central,OFF-PA-10001870,Office Supplies,Paper,Xerox 202,25.92,5,0.2,9.072
4843,NEW-447-20260304121052,2017-11-18 00:00:00,2017-11-19 00:00:00,Standard Class,JO-15280,Jas O'Carroll,Consumer,United States,Memphis,Tennessee,38109,South,OFF-ST-10001418,Office Supplies,Storage,Carina Media Storage Towers in Natural & Black,294.93,5,0.2,-68.06
6571,CA-2014-100678,4/18/2014,4/22/2014,Standard Class,KM-16720,Kunst Miller,Consumer,United States,New York,TX,60924,East,OFF-EN-10000056,Office Supplies,Envelopes,Cameo Buff Policy Envelopes,149.352,3,0.2,50.4063
7249,US-2014-127978,3/3/2014,3/8/2014,Standard Class,JS-15595,Jill Stevenson,Corporate,United States,Columbus,Ohio,43229,East,OFF-ST-10002486,Office Supplies,Storage,Eldon Shelf Savers Cubes and Bins,44.672,8,0.2,-10.0512
4306,CA-2014-162278,10/26/2014,10/30/2014,Second Class,AH-10585,Angele Hood,Consumer,United States,Seattle,Washington,98105,West,TEC-PH-10000526,Technology,Phones,Vtech CS6719,383.96,5,0.2,38.396
6654,US-2017-124779,9/8/2017,9/11/2017,First Class,BF-11020,Barry Französisch,Corporate,United States,Arlington,Texas,76017,Central,FUR-CH-10003535,Furniture,Chairs,"Global Armless Task Chair, Royal Blue",213.43,5,0.3,-39.637
4134,CA-2014-128839,9/8/2014,9/13/2014,Standard Class,TT-21070,Ted Trevino (corrected),Consumer,United States,Chesapeake,Virginia,23320,South,OFF-FA-10002280,Office Supplies,Fasteners,Advantus_Plastic_Paper_Clips,45.0,9,0.0,21.6
4233,CA-2017-100223,7/5/2017,7/10/2017,Standard Class,LS-16945,Linda Southworth,Corporate,United States,Houston,NY,64220,West,OFF-PA-10002195,Office Supplies,Paper,Xerox 1966,31.104,6,0.2,11.2752
889,CA-2014-104976,12/9/2014,12/16/2014,Standard Class,CK-12760,Cyma Kinney,Corporate,United States,San Francisco,California,94122,West,OFF-PA-10003845,Office Supplies,Paper,Xerox 1987,34.68,6,0.0,16.9932
4429,NEW-191-20260304121052,2017-09-03 00:00:00,2017-09-10 00:00:00,Standard Class,CL-12565,Clay Ludtke,Consumer,United States,Tulsa,Oklahoma,74133,Central,FUR-CH-10004495,Furniture,Chairs,"Global Leather and Oak Executive Chair, Black",1598.14,6,0.0,667.79
5904,NEW-466-20260304121052,2018-05-04 00:00:00,2018-05-09 00:00:00,Same Day,FM-14290,Frank Merwin,Home Office,United States,San Francisco,California,94122,West,OFF-PA-10002764,Office Supplies,Paper,Easy-staple paper,50.29,4,0.0,16.72
1096,CA-2017-160423,1/21/2017,1/26/2017,Standard Class,PS-19045,Penelope Sewall,Home Office,United States,Charlotte,North Carolina,28205,South,OFF-ST-10004340,Office Supplies,Storage,"Fellowes Mobile File Cart, Black",348.208,7,0.2,30.4682
2758,NEW-342-20260304121052,2016-11-30 00:00:00,2016-12-02 00:00:00,Second Class,ES-14020,Erica Smith,Consumer,United States,New York City,New York,10035,East,TEC-AC-10002402,Technology,Accessories,Razer Kraken PRO Over Ear PC and Music Headset,233.17,3,0.0,73.59
768,CA-2014-162775,1/13/2014,1/15/2014,Second Class,CS-12250,Chris Selesnick,Corporate,United States,Bossier City,Louisiana,71111,South,OFF-ST-10000025,Office Supplies,Storage,Fellowes Stor/Drawer Steel Plus Storage Drawers,572.58,6,0.0,34.3548
3651,NEW-211-20260304121052,2018-01-25 00:00:00,2018-01-29 00:00:00,Second Class,DB-13210,Dean Braden,Consumer,United States,Detroit,Michigan,48234,Central,TEC-AC-10004859,Technology,Accessories,"Maxell Pro 80 Minute CD-R, 10/Pack",140.66,6,0.0,66.81
4279,US-2016-107440,4/16/2016,4/20/2016,Standard Class,BS-11365,Bill Shonely,Corporate,United States,Los Angeles,TX,26393,Central,FUR-FU-10000550,Furniture,Furnishings,Stacking Trays by OIC,9.96,2,0.0,3.2868
9967,CA-2016-146374,12/5/2016,12/10/2016,Second Class,HE-14800,Harold Engle (corrected),Corporate,United States,Newark,Delaware,19711,East,OFF-EN-10004483,Office Supplies,Envelopes,"#10_White_Business_Envelopes,4_1/8_x_9_1/2",109.69,7,0.0,51.5543
8816,CA-2015-144274,11/23/2015,11/25/2015,Second Class,PW-19240,Pierre Wener,Consumer,United States,Houston,WA,61790,East,OFF-PA-10001583,Office Supplies,Paper,"1/4 Fold Party Design Invitations & White Envelopes, 24 8-1/2"" X 11"" Cards, 25 Env./Pack",44.1,6,0.0,20.727
6728,NEW-30-20260304121052,2017-10-17 00:00:00,2017-10-20 00:00:00,Second Class,SC-20695,Steve Chapman,Corporate,United States,Richmond,Indiana,47374,Central,OFF-PA-10003302,Office Supplies,Paper,Xerox 1906,220.89,5,0.0,102.25
2460,NEW-154-20260304121052,2017-11-19 00:00:00,2017-11-28 00:00:00,Standard Class,JG-15160,James Galang,Consumer,United States,Plainfield,New Jersey,7060,East,OFF-AP-10002578,Office Supplies,Appliances,"Fellowes Premier Superior Surge Suppressor, 10-Outlet, With Phone and Remote",101.16,2,0.0,39.73
2711,US-2015-120572,12/11/2015,12/15/2015,Standard Class,GH-14425,Gary Hwang,Consumer,United States,Seattle,CA,26845,South,OFF-BI-10001098,Office Supplies,Binders,Acco D-Ring Binder w/DublLock,12.828,2,0.7,-8.9796
5039,NEW-321-20260304121052,2015-08-07 00:00:00,2015-08-15 00:00:00,First Class,TS-21370,Todd Sumrall,Corporate,United States,Wilmington,Delaware,19805,East,FUR-TA-10001520,Furniture,Tables,"Lesro Sheffield Collection Coffee Table, End Table, Center Table, Corner Table",279.48,4,0.3,-45.33
5312,CA-2016-123414,8/21/2016,8/27/2016,Standard Class,SU-20665,Stephanie Ulpright (corrected),Home Office,United States,Greenville,North Carolina,27834,South,OFF-LA-10004559,Office Supplies,Labels,Avery_49,9.216,4,0.2,3.3408
7054,NEW-106-20260304121052,2017-01-16 00:00:00,2017-01-19 00:00:00,Same Day,WB-21850,William Brown,Consumer,United States,Anaheim,California,92804,West,TEC-AC-10000057,Technology,Accessories,Microsoft Natural Ergonomic Keyboard 4000,148.84,4,0.0,23.13
7745,CA-2016-133613,6/17/2016,6/22/2016,Standard Class,CP-12340,Christine Phan,Corporate,United States,Waterbury,Connecticut,6708,East,TEC-PH-10004539,Technology,Phones,Wireless Extenders zBoost YX545 SOHO Signal Booster,566.97,3,0.0,153.0819
5942,CA-2017-112431,10/12/2017,10/14/2017,Second Class,RW-19690,Robert Waldorf (corrected),Consumer,United States,Los Angeles,California,90049,West,OFF-AR-10000940,Office Supplies,Art,Newell_343,5.88,2,0.0,1.5876
8838,US-2017-132675,9/24/2017,9/28/2017,Standard Class,KF-16285,Karen Ferguson (corrected),Home Office,United States,Sandy Springs,Georgia,30328,South,OFF-LA-10003766,Office Supplies,Labels,Self-Adhesive_Removable_Labels,15.75,5,0.0,7.56
4115,CA-2015-116687,5/2/2015,5/7/2015,Standard Class,NC-18625,Noah Childs (corrected),Corporate,United States,Houston,Texas,77095,Central,TEC-PH-10001750,Technology,Phones,Samsung_Rugby_III,158.376,3,0.2,13.8579
8403,NEW-180-20260304121052,2016-04-03 00:00:00,2016-04-07 00:00:00,Second Class,BD-11635,Brian Derr,Consumer,United States,New York City,New York,10009,East,OFF-PA-10004156,Office Supplies,Paper,Xerox 188,26.27,2,0.0,15.29
7165,CA-2014-122070,4/22/2014,4/24/2014,Second Class,AH-10030,Aaron Hawkins (corrected),Corporate,United States,Troy,New York,12180,East,OFF-BI-10004970,Office Supplies,Binders,"ACCOHIDE_3-Ring_Binder,_Blue,_1""",9.912,3,0.2,3.3453
6440,CA-2014-166891,10/4/2014,10/6/2014,First Class,CC-12220,Chris Cortes,Consumer,United States,New York City,New York,10024,East,FUR-CH-10003298,Furniture,Chairs,"Office_Star_-_Contemporary_Task_Swivel_chair_with_Loop_Arms,_Charcoal",589.41,5,0.1,-6.549
2268,CA-2017-137470,9/17/2017,9/17/2017,Same Day,TP-21415,Tom Prescott,Consumer,United States,Seattle,Washington,98115,West,OFF-PA-10002001,Office Supplies,Paper,Xerox 1984,12.96,2,0.0,6.3504
5118,NEW-335-20260304121052,2016-03-12 00:00:00,2016-03-20 00:00:00,Standard Class,GM-14500,Gene McClure,Consumer,United States,Oceanside,New York,11572,East,OFF-FA-10004854,Office Supplies,Fasteners,"Vinyl Coated Wire Paper Clips in Organizer Box, 800/Box",37.27,3,0.0,14.21
357,NEW-382-20260304121052,2016-06-13 00:00:00,2016-06-21 00:00:00,Standard Class,JL-15505,Jeremy Lonsdale,Consumer,United States,New York City,New York,10035,East,OFF-AR-10002399,Office Supplies,Art,"Dixon Prang Watercolor Pencils, 10-Color Set with Brush",23.75,4,0.0,6.29
555,CA-2017-100650,6/29/2017,7/3/2017,Second Class,DK-13225,Dean Katz,Corporate,United States,Anaheim,California,92804,West,OFF-ST-10001780,Office Supplies,Storage,Tennsco 16-Compartment Lockers with Coat Rack,1295.78,2,0.0,310.9872
7831,CA-2015-137302,4/26/2015,5/1/2015,Standard Class,BW-11110,Bart Watters (corrected),Corporate,United States,San Diego,California,92105,West,TEC-PH-10003174,Technology,Phones,RCA_ViSYS_25825_Wireless_digital_phone,311.976,3,0.2,38.997
1543,CA-2014-166884,3/11/2014,3/16/2014,Second Class,CK-12205,Chloris Kastensmidt,Consumer,United States,Chicago,IL,84827,South,OFF-FA-10001561,Office Supplies,Fasteners,Stockwell Push Pins,10.464,6,0.2,1.7004
1117,NEW-162-20260304121052,2016-11-29 00:00:00,2016-12-03 00:00:00,Second Class,DL-13495,Dionis Lloyd,Corporate,United States,San Francisco,California,94110,West,OFF-LA-10003766,Office Supplies,Labels,Self-Adhesive Removable Labels,7.76,2,0.0,3.13
2047,CA-2016-131835,7/17/2016,7/21/2016,Standard Class,MC-17590,Matt Collister,Corporate,United States,Perth Amboy,New Jersey,8861,East,TEC-PH-10001760,Technology,Phones,Bose SoundLink Bluetooth Speaker,597.0,3,0.0,280.59
2337,CA-2017-152695,12/10/2017,12/10/2017,Same Day,CC-12220,Chris Cortes,Consumer,United States,Los Angeles,AZ,55718,East,OFF-AP-10000026,Office Supplies,Appliances,Tripp Lite Isotel 6 Outlet Surge Protector with Fax/Modem Protection,426.79,7,0.0,123.7691
6431,CA-2014-165764,11/3/2014,11/7/2014,Standard Class,SH-20395,Shahid Hopkins,Consumer,United States,Houston,WA,18146,Central,FUR-TA-10001768,Furniture,Tables,Hon Racetrack Conference Tables,945.036,6,0.4,-299.2614
9311,US-2016-102141,8/26/2016,8/31/2016,Standard Class,KD-16615,Ken Dana,Corporate,United States,New York City,New York,10024,East,OFF-BI-10001510,Office Supplies,Binders,Deluxe Heavy-Duty Vinyl Round Ring Binder,146.688,8,0.2,45.84
5863,NEW-267-20260304121052,2016-09-07 00:00:00,2016-09-12 00:00:00,Second Class,CM-12235,Chris McAfee,Consumer,United States,Little Rock,Arkansas,72209,South,OFF-PA-10003936,Office Supplies,Paper,Xerox 1994,17.57,3,0.0,8.16
6722,CA-2017-102974,9/19/2017,9/24/2017,Standard Class,DP-13105,Dave Poirier (corrected),Corporate,United States,Los Angeles,California,90032,West,OFF-AR-10000914,Office Supplies,Art,Boston_16765_Mini_Stand_Up_Battery_Pencil_Sharpener,23.32,2,0.0,6.0632
355,CA-2016-138520,4/8/2016,4/13/2016,Standard Class,JL-15505,Jeremy Lonsdale,Consumer,United States,New York City,New York,10035,East,FUR-BO-10002268,Furniture,Bookcases,Sauder Barrister Bookcases,388.704,6,0.2,-4.8588
3755,CA-2017-161956,8/27/2017,8/29/2017,Second Class,DR-12880,Dan Reichenbach,Corporate,United States,Inglewood,California,90301,West,OFF-ST-10001370,Office Supplies,Storage,Sensible Storage WireTech Storage Systems,354.9,5,0.0,17.745
8870,CA-2017-101805,12/1/2017,12/6/2017,Standard Class,SH-19975,Sally Hughsby,Corporate,United States,Seattle,Washington,98105,West,OFF-BI-10002003,Office Supplies,Binders,Ibico Presentation Index for Binding Systems,15.92,5,0.2,5.373
7172,NEW-441-20260304121052,2017-09-17 00:00:00,2017-09-22 00:00:00,Second Class,SG-20605,Speros Goranitis,Consumer,United States,San Francisco,California,94109,West,TEC-AC-10000158,Technology,Accessories,Sony 64GB Class 10 Micro SDHC R40 Memory Card,118.07,3,0.0,29.72
6070,CA-2017-166695,5/20/2017,5/24/2017,Standard Class,CC-12430,Chuck Clark,Home Office,United States,Lakewood,California,90712,West,TEC-MA-10003176,Technology,Machines,Okidata B400 Printer,343.2,1,0.2,38.61
4793,NEW-393-20260304121052,2015-12-21 00:00:00,2015-12-30 00:00:00,Standard Class,IM-15070,Irene Maddox,Consumer,United States,Colorado Springs,Colorado,80906,West,OFF-PA-10003256,Office Supplies,Paper,Avery Personal Creations Heavyweight Cards,27.97,3,0.2,14.49
1687,CA-2017-149489,4/24/2017,4/27/2017,First Class,DK-12835,Damala Kotsonis,Corporate,United States,Philadelphia,Pennsylvania,19143,East,OFF-BI-10002414,Office Supplies,Binders,GBC_ProClick_Spines_for_32-Hole_Punch,7.518,2,0.7,-5.7638
2700,NEW-249-20260304121052,2014-09-02 00:00:00,2014-09-11 00:00:00,Standard Class,SM-20320,Sean Miller,Home Office,United States,Jacksonville,Florida,32216,South,OFF-AR-10003183,Office Supplies,Art,Avery Fluorescent Highlighter Four-Color Set,8.53,3,0.2,1.53
3154,CA-2015-147830,12/15/2015,12/18/2015,First Class,NF-18385,Natalie Fritzler,Consumer,United States,Newark,Ohio,43055,East,FUR-FU-10004091,Furniture,Furnishings,"Howard Miller 13"" Diameter Goldtone Round Wall Clock",262.864,7,0.2,69.0018
2106,US-2014-167633,9/30/2014,10/5/2014,Standard Class,BW-11200,Ben Wallace,Consumer,United States,Boynton Beach,Florida,33437,South,OFF-PA-10004888,Office Supplies,Paper,Xerox_217,15.552,3,0.2,5.4432
8258,NEW-294-20260304121052,2017-10-11 00:00:00,2017-10-17 00:00:00,Standard Class,DK-12895,Dana Kaydos,Consumer,United States,Seattle,Washington,98103,West,TEC-AC-10000397,Technology,Accessories,"Perixx PERIBOARD-512B, Ergonomic Split Keyboard",173.84,5,0.0,13.82
8809,US-2017-110646,10/26/2017,10/31/2017,Standard Class,JF-15190,Jamie Frazer,Consumer,United States,Philadelphia,Pennsylvania,19134,East,TEC-PH-10002807,Technology,Phones,Motorla_HX550_Universal_Bluetooth_Headset,118.65,5,0.4,19.775
1792,CA-2014-120474,12/1/2014,12/3/2014,First Class,RP-19390,Resi Pölking,Consumer,United States,Madison,Wisconsin,53711,Central,FUR-CH-10001854,Furniture,Chairs,Office Star - Professional Matrix Back Chair with 2-to-1 Synchro Tilt and Mesh Fabric Seat,2807.84,8,0.0,673.8816
2650,CA-2014-131002,9/7/2014,9/12/2014,Second Class,TB-21400,Tom Boeckenhauer,Consumer,United States,Tulsa,Oklahoma,74133,Central,TEC-PH-10000215,Technology,Phones,Plantronics Cordless Phone Headset with In-line Volume - M214C,104.85,3,0.0,28.3095
8233,CA-2014-158225,9/22/2014,9/28/2014,Standard Class,SE-20110,Sanjit Engle,Consumer,United States,Los Angeles,WA,39781,West,OFF-ST-10000675,Office Supplies,Storage,"File Shuttle II and Handi-File, Black",169.45,5,0.0,42.3625
4471,CA-2017-156895,5/8/2017,5/12/2017,Standard Class,DJ-13510,Don Jones (corrected),Corporate,United States,Philadelphia,Pennsylvania,19140,East,FUR-CH-10003535,Furniture,Chairs,"Global_Armless_Task_Chair,_Royal_Blue",128.058,3,0.3,-23.7822
3367,NEW-232-20260304121052,2014-09-17 00:00:00,2014-09-22 00:00:00,Standard Class,BM-11650,Brian Moss,Corporate,United States,Dallas,Texas,75217,Central,OFF-PA-10003072,Office Supplies,Paper,"Eureka Recycled Copy Paper 8 1/2"" x 11"", Ream",11.38,2,0.2,4.02
4927,CA-2017-117653,10/19/2017,10/23/2017,Standard Class,MO-17500,Mary O'Rourke (corrected),Consumer,United States,Chicago,Illinois,60623,Central,FUR-TA-10003008,Furniture,Tables,"Lesro_Round_Back_Collection_Coffee_Table,_End_Table",91.275,1,0.5,-67.5435
8328,NEW-98-20260304121052,2017-11-13 00:00:00,2017-11-15 00:00:00,Second Class,KL-16555,Kelly Lampkin,Corporate,United States,Aurora,Illinois,60505,Central,OFF-BI-10004224,Office Supplies,Binders,Catalog Binders with Expanding Posts,94.95,7,0.8,-192.65
7354,NEW-387-20260304121052,2016-10-31 00:00:00,2016-11-02 00:00:00,Standard Class,RD-19660,Robert Dilbeck,Home Office,United States,Philadelphia,Pennsylvania,19134,East,OFF-LA-10004484,Office Supplies,Labels,Avery 476,16.13,5,0.2,8.45
2567,CA-2017-123967,11/1/2017,11/3/2017,Second Class,SF-20200,Sarah Foster,Consumer,United States,Bellingham,Washington,98226,West,OFF-BI-10001308,Office Supplies,Binders,GBC Standard Plastic Binding Systems' Combs,25.12,5,0.2,7.85
7379,CA-2015-136224,5/31/2015,5/31/2015,Same Day,ML-18265,Muhammed Lee,Consumer,United States,Fayetteville,North Carolina,28314,South,OFF-AR-10003504,Office Supplies,Art,Newell 347,10.272,3,0.2,1.1556
1773,NEW-356-20260304121052,2016-12-24 00:00:00,2016-12-28 00:00:00,Second Class,GG-14650,Greg Guthrie,Corporate,United States,Chicago,Illinois,60623,Central,TEC-AC-10001266,Technology,Accessories,Memorex Micro Travel Drive 8 GB,62.04,6,0.2,20.92
9318,CA-2017-124940,2/21/2017,2/26/2017,Standard Class,DK-13090,Dave Kipp,Consumer,United States,Carrollton,Texas,75007,Central,TEC-AC-10002076,Technology,Accessories,Microsoft Natural Keyboard Elite,47.904,1,0.2,-2.994
4460,NEW-137-20260304121052,2018-01-03 00:00:00,2018-01-10 00:00:00,First Class,DS-13030,Darrin Sayre,Home Office,United States,Aurora,Colorado,80013,West,FUR-FU-10001979,Furniture,Furnishings,Dana Halogen Swing-Arm Architect Lamp,28.06,1,0.2,2.55
3518,US-2016-113649,8/9/2016,8/12/2016,First Class,HA-14920,Helen Andreada,Consumer,United States,Houston,NY,21338,South,TEC-PH-10002350,Technology,Phones,Apple EarPods with Remote and Mic,44.784,2,0.2,4.4784
1751,CA-2015-139094,11/22/2015,11/27/2015,Standard Class,MO-17800,Meg O'Connel,Home Office,United States,Phoenix,TX,94286,East,FUR-TA-10004607,Furniture,Tables,Hon 2111 Invitation Series Straight Table,206.962,2,0.3,-32.5226
1125,US-2014-147627,1/20/2014,1/26/2014,Standard Class,HL-15040,Hunter Lopez,Consumer,United States,Jonesboro,Arkansas,72401,South,OFF-AR-10003811,Office Supplies,Art,Newell 327,6.63,3,0.0,1.7901
3751,CA-2017-161956,8/27/2017,8/29/2017,Second Class,DR-12880,Dan Reichenbach,Corporate,United States,Inglewood,California,90301,West,OFF-SU-10002503,Office Supplies,Supplies,Acme Preferred Stainless Steel Scissors,28.4,5,0.0,8.236
1350,CA-2014-118339,3/17/2014,3/24/2014,Standard Class,BN-11515,Bradley Nguyen,Consumer,United States,Lakeville,Minnesota,55044,Central,OFF-BI-10000136,Office Supplies,Binders,Avery Non-Stick Heavy Duty View Round Locking Ring Binders,35.88,6,0.0,17.2224
2212,NEW-481-20260304121052,2016-11-30 00:00:00,2016-12-02 00:00:00,First Class,VB-21745,Victoria Brennan,Corporate,United States,Lincoln Park,Michigan,48146,Central,OFF-AP-10003842,Office Supplies,Appliances,Euro-Pro Shark Turbo Vacuum,178.84,6,0.1,29.0
5260,NEW-381-20260304121052,2018-03-18 00:00:00,2018-03-20 00:00:00,Standard Class,MA-17560,Matt Abelman,Home Office,United States,Philadelphia,Pennsylvania,19120,East,OFF-PA-10000176,Office Supplies,Paper,Xerox 1887,62.25,3,0.2,21.25
7721,CA-2015-108588,1/5/2015,1/10/2015,Standard Class,BG-11695,Brooke Gillingham,Corporate,United States,New York City,New York,10009,East,OFF-EN-10000461,Office Supplies,Envelopes,"#10- 4 1/8"" x 9 1/2"" Recycled Envelopes",17.48,2,0.0,8.2156
2351,NEW-278-20260304121052,2018-03-25 00:00:00,2018-03-28 00:00:00,Same Day,AM-10360,Alice McCarthy,Corporate,United States,Los Angeles,California,90032,West,OFF-PA-10003724,Office Supplies,Paper,"Wirebound Message Book, 4 per Page",12.79,2,0.0,4.3
7155,US-2015-136749,12/25/2015,12/27/2015,Second Class,LH-16900,Lena Hernandez,Consumer,United States,Columbus,Georgia,31907,South,FUR-FU-10000747,Furniture,Furnishings,Tenex_B1-RE_Series_Chair_Mats_for_Low_Pile_Carpets,275.88,6,0.0,46.8996
9236,CA-2016-126732,9/2/2016,9/6/2016,Standard Class,LR-16915,Lena Radford,Consumer,United States,Los Angeles,California,90036,West,OFF-AR-10004752,Office Supplies,Art,Blackstonian Pencils,18.69,7,0.0,5.2332
6064,NEW-310-20260304121052,2016-03-06 00:00:00,2016-03-10 00:00:00,Second Class,RA-19285,Ralph Arnett,Consumer,United States,San Diego,California,92037,West,OFF-PA-10001307,Office Supplies,Paper,"Important Message Pads, 50 4-1/4 x 5-1/2 Forms per Pad",15.2,3,0.0,6.77
3720,CA-2016-105900,9/17/2016,9/23/2016,Standard Class,BS-11590,Brendan Sweed,Corporate,United States,Columbus,Indiana,47201,Central,OFF-AR-10002656,Office Supplies,Art,Sanford_Liquid_Accent_Highlighters,33.4,5,0.0,12.358
210,CA-2017-135860,12/1/2017,12/7/2017,Standard Class,JH-15985,Joseph Holt,Consumer,United States,Saginaw,Michigan,48601,Central,OFF-FA-10000134,Office Supplies,Fasteners,"Advantus Push Pins, Aluminum Head",52.29,9,0.0,16.2099
2361,NEW-258-20260304121052,2014-04-22 00:00:00,2014-04-29 00:00:00,Standard Class,CP-12340,Christine Phan,Corporate,United States,New York City,New York,10024,East,OFF-PA-10002960,Office Supplies,Paper,Xerox 1926,31.66,7,0.0,26.19
6261,NEW-427-20260304121052,2015-09-19 00:00:00,2015-09-21 00:00:00,Standard Class,RO-19780,Rose O'Brian,Consumer,United States,Seattle,Washington,98115,West,OFF-BI-10002949,Office Supplies,Binders,Prestige Round Ring Binders,16.28,3,0.2,7.2
5185,CA-2017-163335,9/24/2017,9/27/2017,First Class,AG-10675,Anna Gayman,Consumer,United States,Columbus,Georgia,31907,South,OFF-BI-10002827,Office Supplies,Binders,Avery Durable Poly Binders,38.71,7,0.0,17.8066
8259,CA-2017-152310,8/12/2017,8/19/2017,Standard Class,DK-12895,Dana Kaydos (corrected),Consumer,United States,Seattle,Washington,98103,West,OFF-BI-10004308,Office Supplies,Binders,Avery_Legal_4-Ring_Binder,100.704,6,0.2,37.764
1429,NEW-376-20260304121052,2015-12-15 00:00:00,2015-12-21 00:00:00,Second Class,DK-12835,Damala Kotsonis,Corporate,United States,Salinas,California,93905,West,OFF-BI-10003708,Office Supplies,Binders,"Acco Four Pocket Poly Ring Binder with Label Holder, Smoke, 1""",36.28,5,0.2,7.42
7440,US-2017-163657,9/2/2017,9/6/2017,Standard Class,JL-15235,Janet Lee,Consumer,United States,Los Angeles,California,90049,West,OFF-BI-10000138,Office Supplies,Binders,Acco Translucent Poly Ring Binders,18.72,5,0.2,6.552
9450,CA-2014-140032,9/8/2014,9/13/2014,Standard Class,TS-21340,Toby Swindell,Consumer,United States,Phoenix,WA,26942,East,OFF-BI-10000822,Office Supplies,Binders,"Acco PRESSTEX Data Binder with Storage Hooks, Light Blue, 9 1/2"" X 11""",8.608,2,0.2,3.0128
8935,CA-2017-130036,8/27/2017,8/27/2017,Same Day,BP-11185,Ben Peterman,Corporate,United States,Philadelphia,Pennsylvania,19120,East,OFF-PA-10000528,Office Supplies,Paper,Xerox 1981,12.672,3,0.2,3.96
7228,CA-2017-127397,2/24/2017,2/28/2017,Standard Class,ES-14080,Erin Smith,Corporate,United States,Seattle,NY,72527,West,TEC-AC-10003033,Technology,Accessories,Plantronics CS510 - Over-the-Head monaural Wireless Headset System,1319.8,5,0.2,214.4675
6832,US-2017-123204,7/21/2017,7/27/2017,Standard Class,CS-11860,Cari Schnelling,Consumer,United States,New York City,New York,10024,East,OFF-AP-10002287,Office Supplies,Appliances,"Eureka Sanitaire  Multi-Pro Heavy-Duty Upright, Disposable Bags",17.48,4,0.0,4.5448
2552,CA-2017-101042,11/19/2017,11/23/2017,Standard Class,AB-10105,Adrian Barton,Consumer,United States,Henderson,Kentucky,42420,South,FUR-FU-10004665,Furniture,Furnishings,"3M_Polarizing_Task_Lamp_with_Clamp_Arm,_Light_Gray",821.88,6,0.0,213.6888
4144,CA-2017-112725,1/30/2017,2/6/2017,Standard Class,EH-14125,Eugene Hildebrand,Home Office,United States,Seattle,TX,75553,West,OFF-AR-10003759,Office Supplies,Art,"Crayola Anti Dust Chalk, 12/Pack",12.74,7,0.0,5.733
3237,CA-2016-146836,5/2/2016,5/2/2016,Same Day,CC-12475,Cindy Chapman,Consumer,United States,New York City,New York,10024,East,OFF-ST-10001580,Office Supplies,Storage,Super Decoflex Portable Personal File,44.94,3,0.0,12.5832
4562,CA-2015-118871,12/4/2015,12/9/2015,Second Class,HM-14860,Harry Marie,Corporate,United States,Los Angeles,California,90049,West,TEC-PH-10000193,Technology,Phones,Jensen SMPS-640 - speaker phone,110.352,3,0.2,8.2764
366,CA-2014-123344,9/24/2014,9/29/2014,Standard Class,JD-16060,Julia Dunbar,Consumer,United States,San Francisco,California,94109,West,OFF-ST-10001713,Office Supplies,Storage,"Gould Plastics 9-Pocket Panel Bin, 18-3/8w x 5-1/4d x 20-1/2h, Black",211.96,4,0.0,8.4784
9148,NEW-37-20260304121052,2016-07-09 00:00:00,2016-07-12 00:00:00,Standard Class,CB-12535,Claudia Bergmann,Corporate,United States,Burlington,Vermont,5408,East,OFF-AR-10003477,Office Supplies,Art,4009 Highlighters,8.12,6,0.0,3.51
7936,CA-2017-166093,8/17/2017,8/24/2017,Standard Class,RW-19540,Rick Wilson,Corporate,United States,Brentwood,California,94513,West,OFF-PA-10003893,Office Supplies,Paper,Xerox_1962,8.56,2,0.0,3.852
5615,CA-2016-158001,8/23/2016,8/27/2016,Standard Class,JP-15460,Jennifer Patt,Corporate,United States,New York City,New York,10035,East,OFF-AR-10002399,Office Supplies,Art,"Dixon Prang Watercolor Pencils, 10-Color Set with Brush",21.3,5,0.0,8.733
5545,NEW-136-20260304121052,2017-05-07 00:00:00,2017-05-11 00:00:00,Standard Class,ES-14080,Erin Smith,Corporate,United States,Tucson,Arizona,85705,West,OFF-BI-10002103,Office Supplies,Binders,"Cardinal Slant-D Ring Binder, Heavy Gauge Vinyl",5.55,2,0.7,-4.65
2366,US-2016-108637,3/13/2016,3/18/2016,Standard Class,AB-10060,Adam Bellavance (corrected),Home Office,United States,Waynesboro,Virginia,22980,South,OFF-BI-10004965,Office Supplies,Binders,Ibico_Covers_for_Plastic_or_Wire_Binding_Elements,46.0,4,0.0,20.7
8256,CA-2017-152310,8/12/2017,8/19/2017,Standard Class,DK-12895,Dana Kaydos,Consumer,United States,Seattle,Washington,98103,West,TEC-PH-10002538,Technology,Phones,Grandstream GXP1160 VoIP phone,242.624,8,0.2,27.2952
3070,US-2017-120089,11/30/2017,11/30/2017,Same Day,ML-17755,Max Ludwig,Home Office,United States,Toledo,Ohio,43615,East,OFF-AP-10003779,Office Supplies,Appliances,Kensington 7 Outlet MasterPiece Power Center with Fax/Phone Line Protection,663.936,4,0.2,82.992
562,NEW-322-20260304121052,2014-12-28 00:00:00,2014-12-29 00:00:00,Second Class,CA-12775,Cynthia Arntzen,Consumer,United States,Tampa,Florida,33614,South,OFF-AP-10003914,Office Supplies,Appliances,"Sanitaire Vibra Groomer IR Commercial Upright Vacuum, Replacement Belts",14.5,5,0.2,1.57
1418,CA-2015-126697,9/21/2015,9/24/2015,First Class,SV-20815,Stuart Van,Corporate,United States,Houston,Texas,77041,Central,TEC-AC-10004353,Technology,Accessories,Hypercom P1300 Pinpad,151.2,3,0.2,32.13
2112,CA-2015-164882,10/31/2015,10/31/2015,Same Day,SG-20080,Sandra Glassco,Consumer,United States,Redlands,California,92374,West,FUR-CH-10004218,Furniture,Chairs,"Global Fabric Manager's Chair, Dark Gray",323.136,4,0.2,20.196
3084,CA-2014-100328,1/28/2014,2/3/2014,Standard Class,JC-15340,Jasper Cacioppo,Consumer,United States,Houston,IL,16228,West,OFF-BI-10000343,Office Supplies,Binders,"Pressboard Covers with Storage Hooks, 9 1/2"" x 11"", Light Blue",3.928,1,0.2,1.3257
9069,CA-2016-106278,9/2/2016,9/5/2016,Second Class,BM-11140,Becky Martin,Consumer,United States,Des Moines,Washington,98198,West,FUR-CH-10003061,Furniture,Chairs,"Global Leather Task Chair, Black",215.976,3,0.2,-2.6997
2117,CA-2015-159786,10/12/2015,10/17/2015,Second Class,RK-19300,Ralph Kennedy,Consumer,United States,Houston,WA,37379,Central,FUR-TA-10001307,Furniture,Tables,"SAFCO PlanMaster Heigh-Adjustable Drafting Table Base, 43w x 30d x 30-37h, Black",209.67,1,0.4,-13.978
3374,CA-2015-161718,12/4/2015,12/10/2015,Standard Class,SO-20335,Sean O'Donnell,Consumer,United States,Hempstead,New York,11550,East,FUR-FU-10002445,Furniture,Furnishings,"DAX_Two-Tone_Rosewood/Black_Document_Frame,_Desktop,_5_x_7",28.44,3,0.0,11.376
9241,CA-2017-110310,10/27/2017,11/2/2017,Standard Class,NB-18655,Nona Balk,Corporate,United States,Tallahassee,Florida,32303,South,OFF-BI-10001097,Office Supplies,Binders,Avery Hole Reinforcements,5.607,3,0.7,-3.9249
8946,CA-2014-128622,11/15/2014,11/17/2014,Second Class,SC-20260,Scott Cohen,Corporate,United States,Seattle,AZ,91461,West,OFF-SU-10001574,Office Supplies,Supplies,Acme Value Line Scissors,10.95,3,0.0,3.285
8551,NEW-252-20260304121052,2015-10-26 00:00:00,2015-11-01 00:00:00,Standard Class,VB-21745,Victoria Brennan,Corporate,United States,Houston,Texas,77041,Central,OFF-LA-10002368,Office Supplies,Labels,Avery 479,6.8,3,0.2,2.22
4565,NEW-400-20260304121052,2015-05-08 00:00:00,2015-05-13 00:00:00,Standard Class,DM-12955,Dario Medina,Corporate,United States,Mesa,Arizona,85204,West,OFF-ST-10004950,Office Supplies,Storage,Acco Perma 3000 Stacking Storage Drawers,117.95,6,0.2,-0.98
600,NEW-210-20260304121052,2016-12-02 00:00:00,2016-12-11 00:00:00,Standard Class,CK-12205,Chloris Kastensmidt,Consumer,United States,Philadelphia,Pennsylvania,19120,East,TEC-PH-10001425,Technology,Phones,Mophie Juice Pack Helium for iPhone,175.85,3,0.4,-25.43
4825,NEW-379-20260304121052,2017-02-10 00:00:00,2017-02-18 00:00:00,Standard Class,CK-12205,Chloris Kastensmidt,Consumer,United States,Columbus,Ohio,43229,East,FUR-CH-10003817,Furniture,Chairs,"Global Value Steno Chair, Gray",127.63,3,0.3,-6.55
6895,CA-2017-164756,9/18/2017,9/22/2017,Standard Class,SS-20140,Saphhira Shifley,Corporate,United States,Columbus,Georgia,31907,South,TEC-PH-10002447,Technology,Phones,AT&T_CL83451_4-Handset_Telephone,411.98,2,0.0,119.4742
5188,NEW-164-20260304121052,2015-12-23 00:00:00,2015-12-24 00:00:00,Standard Class,ZC-21910,Zuschuss Carroll,Consumer,United States,Columbus,Indiana,47201,Central,TEC-AC-10001314,Technology,Accessories,Case Logic 2.4GHz Wireless Keyboard,251.39,4,0.0,21.72
5137,CA-2015-146696,12/14/2015,12/19/2015,Standard Class,RD-19480,Rick Duston,Consumer,United States,Chicago,TX,47047,Central,OFF-BI-10002432,Office Supplies,Binders,Wilson Jones Standard D-Ring Binders,8.096,2,0.2,2.7324
7830,CA-2015-137302,4/26/2015,5/1/2015,Standard Class,BW-11110,Bart Watters,Corporate,United States,San Diego,California,92105,West,OFF-AR-10000588,Office Supplies,Art,Newell 345,59.52,3,0.0,15.4752
726,NEW-257-20260304121052,2018-01-05 00:00:00,2018-01-12 00:00:00,Standard Class,JF-15355,Jay Fein,Consumer,United States,Austin,Texas,78745,Central,OFF-EN-10001141,Office Supplies,Envelopes,"Manila Recycled Extra-Heavyweight Clasp Envelopes, 6"" x 9""",21.87,2,0.2,6.8
7215,CA-2015-103072,9/27/2015,9/30/2015,Second Class,HW-14935,Helen Wasserman,Corporate,United States,Detroit,Michigan,48205,Central,OFF-AR-10000127,Office Supplies,Art,Newell_321,16.4,5,0.0,4.756
4066,NEW-92-20260304121052,2014-12-16 00:00:00,2014-12-18 00:00:00,Standard Class,KH-16630,Ken Heidel,Corporate,United States,Charlotte,North Carolina,28205,South,OFF-FA-10003021,Office Supplies,Fasteners,Staples,10.36,5,0.2,1.03
5082,US-2015-137533,12/18/2015,12/18/2015,Same Day,JK-15640,Jim Kriz,Home Office,United States,Cleveland,Ohio,44105,East,OFF-PA-10003441,Office Supplies,Paper,Xerox 226,20.736,4,0.2,7.2576
9841,US-2016-125402,9/25/2016,10/1/2016,Standard Class,DL-12865,Dan Lawera,Consumer,United States,Long Beach,California,90805,West,TEC-PH-10003356,Technology,Phones,"SmartStand Mobile Device Holder, Assorted Colors",44.736,8,0.2,4.4736
5376,CA-2017-134152,5/27/2017,5/31/2017,Standard Class,RP-19855,Roy Phan,Corporate,United States,Seattle,Washington,98103,West,TEC-AC-10004510,Technology,Accessories,Logitech Desktop MK120 Mouse and keyboard Combo,98.16,6,0.0,9.816
2916,CA-2015-134747,10/12/2015,10/17/2015,Second Class,DL-12925,Daniel Lacy,Consumer,United States,Noblesville,Indiana,46060,Central,OFF-BI-10001308,Office Supplies,Binders,GBC Standard Plastic Binding Systems' Combs,12.56,2,0.0,5.652
3309,CA-2014-104738,12/30/2014,1/1/2015,Second Class,SP-20620,Stefania Perrino,Corporate,United States,Laredo,Texas,78041,Central,TEC-AC-10003628,Technology,Accessories,Logitech 910-002974 M325 Wireless Mouse for Web Scrolling,47.984,2,0.2,14.3952
8464,NEW-414-20260304121052,2014-04-17 00:00:00,2014-04-18 00:00:00,Standard Class,DR-12940,Daniel Raglin,Home Office,United States,Albuquerque,New Mexico,87105,West,TEC-PH-10003273,Technology,Phones,AT&T TR1909W,277.89,3,0.2,19.02
1436,CA-2017-106852,6/20/2017,6/27/2017,Standard Class,ST-20530,Shui Tom (corrected),Consumer,United States,Parma,Ohio,44134,East,OFF-PA-10001639,Office Supplies,Paper,Xerox_203,31.104,6,0.2,10.8864
9085,NEW-151-20260304121052,2015-04-12 00:00:00,2015-04-15 00:00:00,First Class,LO-17170,Lori Olson,Corporate,United States,Suffolk,Virginia,23434,South,OFF-PA-10002751,Office Supplies,Paper,Xerox 1920,32.06,5,0.0,10.03
7314,NEW-139-20260304121052,2016-03-18 00:00:00,2016-03-27 00:00:00,Standard Class,SC-20575,Sonia Cooley,Consumer,United States,Miami,Florida,33178,South,OFF-AR-10001761,Office Supplies,Art,Avery Hi-Liter Smear-Safe Highlighters,38.62,8,0.2,11.13
616,NEW-247-20260304121052,2018-03-01 00:00:00,2018-03-10 00:00:00,Second Class,CK-12595,Clytie Kelty,Consumer,United States,Grove City,Ohio,43123,East,OFF-BI-10002949,Office Supplies,Binders,Prestige Round Ring Binders,5.01,2,0.7,-2.01
9981,US-2015-151435,9/6/2015,9/9/2015,Second Class,SW-20455,Shaun Weien,Consumer,United States,Los Angeles,WA,46633,West,FUR-TA-10001039,Furniture,Tables,KI Adjustable-Height Table,85.98,1,0.0,22.3548
687,CA-2014-157784,7/5/2014,7/8/2014,First Class,MC-17845,Michael Chen,Consumer,United States,New York,AZ,80884,East,OFF-LA-10001934,Office Supplies,Labels,Avery 516,14.62,2,0.0,6.8714
9684,NEW-36-20260304121052,2018-04-18 00:00:00,2018-04-23 00:00:00,Standard Class,EP-13915,Emily Phan,Consumer,United States,San Francisco,California,94122,West,FUR-FU-10001473,Furniture,Furnishings,"Eldon Executive Woodline II Desk Accessories, Mahogany",266.06,8,0.0,74.2
5656,CA-2016-145261,12/18/2016,12/21/2016,First Class,AH-10120,Adrian Hane,Home Office,United States,Houston,CA,39252,West,OFF-AR-10004078,Office Supplies,Art,Newell 312,18.688,4,0.2,2.336
2906,NEW-307-20260304121052,2015-01-04 00:00:00,2015-01-11 00:00:00,Standard Class,CS-12400,Christopher Schild,Home Office,United States,Seattle,Washington,98115,West,OFF-ST-10002615,Office Supplies,Storage,"Dual Level, Single-Width Filing Carts",399.92,2,0.0,83.08
5551,US-2014-159618,11/12/2014,11/16/2014,Standard Class,DB-12970,Darren Budd,Corporate,United States,Houston,Texas,77036,Central,OFF-AR-10003183,Office Supplies,Art,Avery Fluorescent Highlighter Four-Color Set,2.672,1,0.2,0.334
9723,NEW-23-20260304121052,2016-08-13 00:00:00,2016-08-19 00:00:00,Standard Class,JF-15565,Jill Fjeld,Consumer,United States,New York City,New York,10024,East,TEC-AC-10003628,Technology,Accessories,Logitech 910-002974 M325 Wireless Mouse for Web Scrolling,123.5,3,0.0,50.2
944,CA-2015-120880,5/29/2015,6/3/2015,Standard Class,JL-15850,John Lucas,Consumer,United States,Seattle,Washington,98105,West,OFF-PA-10004101,Office Supplies,Paper,Xerox_1894,32.4,5,0.0,15.552
9789,NEW-218-20260304121052,2017-08-27 00:00:00,2017-09-03 00:00:00,Standard Class,CJ-12010,Caroline Jumper,Consumer,United States,Houston,Texas,77070,Central,FUR-CH-10004063,Furniture,Chairs,Global Deluxe High-Back Manager's Chair,729.01,3,0.3,-10.52
9076,US-2015-136259,11/5/2015,11/8/2015,First Class,CB-12415,Christy Brittain,Consumer,United States,New York,NY,42309,East,OFF-BI-10000773,Office Supplies,Binders,Insertable Tab Post Binder Dividers,7.218,3,0.7,-5.5338
2466,NEW-362-20260304121052,2018-03-28 00:00:00,2018-04-04 00:00:00,Standard Class,CS-12460,Chuck Sachs,Consumer,United States,New York City,New York,10009,East,OFF-LA-10001317,Office Supplies,Labels,Avery 520,4.09,1,0.0,1.54
5068,NEW-134-20260304121052,2017-04-21 00:00:00,2017-04-26 00:00:00,Standard Class,TT-21460,Tonja Turnell,Home Office,United States,Los Angeles,California,90008,West,OFF-AR-10003504,Office Supplies,Art,Newell 347,22.28,5,0.0,4.8
7299,NEW-198-20260304121052,2015-02-25 00:00:00,2015-03-05 00:00:00,First Class,JK-15730,Joe Kamberova,Consumer,United States,Des Plaines,Illinois,60016,Central,FUR-TA-10002533,Furniture,Tables,BPI Conference Tables,323.42,4,0.5,-259.3
8668,CA-2016-149916,12/22/2016,12/24/2016,Second Class,ED-13885,Emily Ducich,Home Office,United States,Chicago,IL,66305,East,OFF-BI-10004002,Office Supplies,Binders,Wilson Jones International Size A4 Ring Binders,55.36,4,0.2,19.376
1587,CA-2015-131338,8/9/2015,8/12/2015,First Class,NP-18325,Naresj Patel,Consumer,United States,New York City,New York,10024,East,OFF-PA-10001357,Office Supplies,Paper,Xerox 1886,143.7,3,0.0,68.976
2381,NEW-334-20260304121052,2016-07-26 00:00:00,2016-08-02 00:00:00,Standard Class,BE-11455,Brad Eason,Home Office,United States,Lorain,Ohio,44052,East,OFF-PA-10002581,Office Supplies,Paper,Xerox 1951,61.16,2,0.2,20.93
3226,CA-2014-108189,10/2/2014,10/5/2014,First Class,ES-14080,Erin Smith,Corporate,United States,Houston,NY,91330,East,OFF-EN-10004846,Office Supplies,Envelopes,Letter or Legal Size Expandable Poly String Tie Envelopes,12.768,6,0.2,4.6284
9914,NEW-272-20260304121052,2016-02-17 00:00:00,2016-02-23 00:00:00,First Class,KN-16390,Katherine Nockton,Corporate,United States,Santa Barbara,California,93101,West,OFF-LA-10000414,Office Supplies,Labels,Avery 503,30.85,3,0.0,13.8
9486,NEW-203-20260304121052,2017-03-01 00:00:00,2017-03-02 00:00:00,Second Class,MY-18295,Muhammed Yedwab,Corporate,United States,Houston,Texas,77036,Central,OFF-PA-10003893,Office Supplies,Paper,Xerox 1962,28.5,9,0.2,7.73
7894,CA-2017-125367,7/23/2017,7/30/2017,Standard Class,NM-18445,Nathan Mautz,Home Office,United States,New York City,New York,10011,East,OFF-BI-10002412,Office Supplies,Binders,Wilson Jones “Snap” Scratch Pad Binder Tool for Ring Binders,13.92,3,0.2,4.35
5313,CA-2016-123414,8/21/2016,8/27/2016,Standard Class,SU-20665,Stephanie Ulpright,Home Office,United States,Greenville,North Carolina,27834,South,OFF-SU-10002573,Office Supplies,Supplies,"Acme 10"" Easy Grip Assistive Scissors",28.048,2,0.2,3.506
1049,CA-2014-139192,5/27/2014,6/1/2014,Second Class,LC-16885,Lena Creighton,Consumer,United States,Chicago,NY,56048,West,TEC-PH-10000486,Technology,Phones,Plantronics HL10 Handset Lifter,1113.504,12,0.2,125.2692
1291,CA-2016-163384,11/10/2016,11/12/2016,First Class,CC-12430,Chuck Clark,Home Office,United States,Chicago,CA,18812,West,OFF-BI-10004970,Office Supplies,Binders,"ACCOHIDE 3-Ring Binder, Blue, 1""",13.216,4,0.2,4.4604
7079,CA-2016-106950,9/2/2016,9/6/2016,Standard Class,JE-15715,Joe Elijah,Consumer,United States,Charlotte,North Carolina,28205,South,OFF-AP-10000159,Office Supplies,Appliances,Belkin F9M820V08 8 Outlet Surge,309.456,9,0.2,34.8138
5950,CA-2017-161046,3/5/2017,3/5/2017,Same Day,CB-12535,Claudia Bergmann,Corporate,United States,Chicago,WA,57448,South,TEC-AC-10004571,Technology,Accessories,Logitech G700s Rechargeable Gaming Mouse,299.97,3,0.0,125.9874
3344,CA-2016-145982,8/27/2016,9/1/2016,Second Class,TB-21055,Ted Butterfield,Consumer,United States,Phoenix,NY,52936,East,TEC-PH-10000011,Technology,Phones,PureGear Roll-On Screen Protector,59.97,3,0.0,28.7856
3305,CA-2014-104738,12/30/2014,1/1/2015,Second Class,SP-20620,Stefania Perrino,Corporate,United States,Laredo,Texas,78041,Central,OFF-EN-10004955,Office Supplies,Envelopes,Fashion_Color_Clasp_Envelopes,12.984,3,0.2,4.7067
962,CA-2015-160059,11/27/2015,12/1/2015,Standard Class,TB-21190,Thomas Brumley,Home Office,United States,Fayetteville,Arkansas,72701,South,OFF-BI-10000145,Office Supplies,Binders,Zipper Ring Binder Pockets,6.24,2,0.0,3.0576
4835,CA-2017-167661,10/5/2017,10/10/2017,Standard Class,MP-18175,Mike Pelletier,Home Office,United States,San Francisco,California,94110,West,OFF-BI-10002571,Office Supplies,Binders,"Avery Framed View Binder, EZD Ring (Locking), Navy, 1 1/2""",39.92,5,0.2,13.473
5208,CA-2015-102015,9/12/2015,9/18/2015,Standard Class,TM-21010,Tamara Manning,Consumer,United States,Chicago,TX,95417,South,OFF-LA-10002043,Office Supplies,Labels,Avery 489,20.7,2,0.0,9.936
2495,CA-2016-146206,9/10/2016,9/14/2016,Second Class,KT-16480,Kean Thornton,Consumer,United States,New York,WA,98854,Central,TEC-PH-10000895,Technology,Phones,Polycom VVX 310 VoIP phone,719.96,5,0.2,53.997
302,CA-2016-142545,10/28/2016,11/3/2016,Standard Class,JD-15895,Jonathan Doherty,Corporate,United States,Seattle,NY,38018,South,FUR-FU-10001861,Furniture,Furnishings,"Floodlight Indoor Halogen Bulbs, 1 Bulb per Pack, 60 Watts",77.6,4,0.0,38.024
4469,CA-2017-168641,11/24/2017,12/1/2017,Standard Class,KA-16525,Kelly Andreada,Consumer,United States,Houston,IL,57774,South,FUR-BO-10000780,Furniture,Bookcases,O'Sullivan Plantations 2-Door Library in Landvery Oak,321.568,2,0.2,-16.0784
9771,NEW-451-20260304121052,2017-03-04 00:00:00,2017-03-07 00:00:00,Standard Class,SC-20050,Sample Company A,Home Office,United States,Hialeah,Florida,33012,South,OFF-PA-10001609,Office Supplies,Paper,Tops Wirebound Message Log Books,14.1,4,0.2,3.76
307,CA-2014-111003,6/1/2014,6/6/2014,Standard Class,CR-12625,Corey Roper,Home Office,United States,Phoenix,NY,27555,West,OFF-BI-10001072,Office Supplies,Binders,"GBC Clear Cover, 8-1/2 x 11, unpunched, 25 covers per pack",45.48,3,0.0,20.9208
1971,CA-2017-140242,5/6/2017,5/11/2017,Standard Class,ML-17755,Max Ludwig,Home Office,United States,Chicago,CA,31063,West,OFF-AR-10004752,Office Supplies,Art,Blackstonian Pencils,6.408,3,0.2,0.6408
7313,CA-2015-162761,10/9/2015,10/13/2015,Standard Class,SC-20575,Sonia Cooley,Consumer,United States,Phoenix,AZ,15928,West,OFF-BI-10002498,Office Supplies,Binders,Clear Mylar Reinforcing Strips,11.214,2,0.7,-8.5974
5095,NEW-32-20260304121052,2015-01-03 00:00:00,2015-01-09 00:00:00,Standard Class,BK-11260,Berenike Kampe,Consumer,United States,Chicago,Illinois,60610,Central,FUR-TA-10004086,Furniture,Tables,KI Adjustable-Height Table,254.23,5,0.5,-190.49
6394,NEW-166-20260304121052,2017-02-22 00:00:00,2017-02-25 00:00:00,Standard Class,PK-19075,Pete Kriz,Consumer,United States,New York City,New York,10011,East,OFF-FA-10000621,Office Supplies,Fasteners,"OIC Colored Binder Clips, Assorted Sizes",25.41,6,0.0,13.52
7520,US-2017-167920,12/9/2017,12/12/2017,Second Class,JL-15835,John Lee,Consumer,United States,Los Angeles,IL,80181,Central,OFF-LA-10004409,Office Supplies,Labels,Avery 492,5.76,2,0.0,2.6496
3594,NEW-424-20260304121052,2017-02-13 00:00:00,2017-02-17 00:00:00,Standard Class,NZ-18565,Nick Zandusky,Home Office,United States,Toledo,Ohio,43615,East,OFF-BI-10001658,Office Supplies,Binders,GBC Standard Therm-A-Bind Covers,28.44,3,0.7,-25.49
6756,NEW-399-20260304121052,2017-10-23 00:00:00,2017-10-30 00:00:00,Standard Class,TC-21145,Theresa Coyne,Corporate,United States,Lakewood,New Jersey,8701,East,FUR-FU-10002445,Furniture,Furnishings,"DAX Two-Tone Rosewood/Black Document Frame, Desktop, 5 x 7",54.4,5,0.0,26.35
696,NEW-146-20260304121052,2015-08-22 00:00:00,2015-08-28 00:00:00,First Class,JO-15550,Jesus Ocampo,Home Office,United States,Chester,Pennsylvania,19013,East,OFF-LA-10002312,Office Supplies,Labels,Avery 490,50.84,4,0.2,13.66
8510,NEW-347-20260304121052,2015-12-26 00:00:00,2015-12-28 00:00:00,First Class,CA-12775,Cynthia Arntzen,Consumer,United States,Detroit,Michigan,48205,Central,TEC-PH-10003691,Technology,Phones,BlackBerry Q10,128.92,1,0.0,39.14
2277,CA-2014-104283,6/27/2014,7/1/2014,Standard Class,LM-17065,Liz MacKendrick,Consumer,United States,Southaven,Mississippi,38671,South,OFF-ST-10004337,Office Supplies,Storage,"SAFCO Commercial Wire Shelving, 72h",306.2,5,0.0,0.0
5953,US-2017-141698,4/15/2017,4/21/2017,Standard Class,SD-20485,Shirley Daniels,Home Office,United States,Houston,Texas,77041,Central,OFF-PA-10001826,Office Supplies,Paper,Xerox 207,20.736,4,0.2,7.2576
6765,CA-2016-144764,9/2/2016,9/8/2016,Standard Class,RL-19615,Rob Lucas (corrected),Consumer,United States,Chicago,Illinois,60623,Central,TEC-MA-10003230,Technology,Machines,Okidata_C610n_Printer,1362.9,3,0.3,-19.47
720,NEW-338-20260304121052,2014-08-22 00:00:00,2014-08-29 00:00:00,Standard Class,CK-12325,Christine Kargatis,Home Office,United States,Orem,Utah,84057,West,FUR-FU-10000246,Furniture,Furnishings,Aluminum Document Frame,70.18,6,0.0,16.25
9020,CA-2014-100706,12/16/2014,12/18/2014,Second Class,LE-16810,Laurel Elliston,Consumer,United States,Springfield,Virginia,22153,South,TEC-AC-10001314,Technology,Accessories,Case Logic 2.4GHz Wireless Keyboard,99.98,2,0.0,7.9984
6604,CA-2017-146346,6/17/2017,6/20/2017,First Class,RA-19945,Ryan Akin,Consumer,United States,Commerce City,Colorado,80022,West,OFF-ST-10001418,Office Supplies,Storage,Carina Media Storage Towers in Natural & Black,146.352,3,0.2,-32.9292
3380,CA-2017-142867,3/17/2017,3/21/2017,Standard Class,PO-19180,Philisse Overcash,Home Office,United States,Houston,Texas,77095,Central,OFF-PA-10004610,Office Supplies,Paper,Xerox 1900,10.272,3,0.2,3.21
8371,CA-2016-163972,10/17/2016,10/21/2016,Standard Class,MG-17890,Michael Granlund,Home Office,United States,Fresno,California,93727,West,FUR-BO-10003894,Furniture,Bookcases,"Safco_Value_Mate_Steel_Bookcase,_Baked_Enamel_Finish_on_Steel,_Black",120.666,2,0.15,21.294
1556,CA-2017-120761,9/4/2017,9/8/2017,Standard Class,AB-10150,Aimee Bixby,Consumer,United States,Seattle,WA,73387,East,TEC-AC-10000171,Technology,Accessories,"Verbatim 25 GB 6x Blu-ray Single Layer Recordable Disc, 25/Pack",91.96,4,0.0,39.5428
9504,NEW-225-20260304121052,2016-08-15 00:00:00,2016-08-20 00:00:00,Standard Class,MM-17920,Michael Moore,Consumer,United States,Rome,New York,13440,East,OFF-AR-10003190,Office Supplies,Art,Newell 32,3.21,1,0.0,1.07
2163,CA-2017-166296,3/13/2017,3/19/2017,Standard Class,KF-16285,Karen Ferguson (corrected),Home Office,United States,Manteca,California,95336,West,OFF-PA-10004359,Office Supplies,Paper,Multicolor_Computer_Printout_Paper,314.55,3,0.0,150.984
1216,US-2017-118087,9/9/2017,9/13/2017,Standard Class,SP-20620,Stefania Perrino,Corporate,United States,Philadelphia,Pennsylvania,19134,East,OFF-AR-10003602,Office Supplies,Art,"Quartet Omega Colored Chalk, 12/Pack",4.672,1,0.2,1.5768
1017,CA-2015-108665,7/6/2015,7/10/2015,Standard Class,KM-16225,Kalyca Meade,Corporate,United States,New York City,New York,10011,East,FUR-FU-10002191,Furniture,Furnishings,G.E._Halogen_Desk_Lamp_Bulbs,13.96,2,0.0,6.7008
5711,US-2015-160857,5/8/2015,5/15/2015,Standard Class,NW-18400,Natalie Webber,Consumer,United States,New York City,New York,10024,East,TEC-CO-10004115,Technology,Copiers,Sharp AL-1530CS Digital Copier,2799.944,7,0.2,1014.9797
4738,CA-2015-155054,6/13/2015,6/19/2015,Standard Class,PS-19045,Penelope Sewall (corrected),Home Office,United States,Lewiston,Maine,4240,East,TEC-AC-10003657,Technology,Accessories,Lenovo_17-Key_USB_Numeric_Keypad,67.98,2,0.0,14.9556
710,NEW-181-20260304121052,2015-04-27 00:00:00,2015-04-30 00:00:00,First Class,DP-13165,David Philippe,Consumer,United States,New York City,New York,10035,East,OFF-BI-10000050,Office Supplies,Binders,"Angle-D Binders with Locking Rings, Label Holders",54.29,8,0.2,20.21
8316,CA-2014-161508,7/12/2014,7/16/2014,Standard Class,PV-18985,Paul Van Hugh,Home Office,United States,League City,Texas,77573,Central,OFF-AR-10003158,Office Supplies,Art,Fluorescent Highlighters by Dixon,22.288,7,0.2,3.9004
6247,NEW-350-20260304121052,2015-12-03 00:00:00,2015-12-09 00:00:00,Standard Class,KB-16405,Katrina Bavinger,Home Office,United States,Seattle,Washington,98105,West,TEC-AC-10002018,Technology,Accessories,AmazonBasics 3-Button USB Wired Mouse,18.15,2,0.0,8.19
4301,CA-2017-129021,8/23/2017,8/26/2017,Second Class,PO-18850,Patrick O'Brill,Consumer,United States,Chicago,IL,63447,West,FUR-FU-10001852,Furniture,Furnishings,"Eldon Regeneration Recycled Desk Accessories, Smoke",2.784,2,0.2,0.4176
736,CA-2017-131954,1/21/2017,1/25/2017,Standard Class,DS-13030,Darrin Sayre,Home Office,United States,Seattle,Washington,98115,West,OFF-BI-10003291,Office Supplies,Binders,Wilson Jones Leather-Like Binders with DublLock Round Rings,27.936,4,0.2,9.4284
614,NEW-260-20260304121052,2017-02-22 00:00:00,2017-02-27 00:00:00,Second Class,GD-14590,Giulietta Dortch,Corporate,United States,Philadelphia,Pennsylvania,19143,East,TEC-PH-10004667,Technology,Phones,Cisco 8x8 Inc. 6753i IP Business Phone System,630.7,9,0.4,-224.37
5200,CA-2016-103982,3/3/2016,3/8/2016,Standard Class,AA-10315,Alex Avila,Consumer,United States,Round Rock,Texas,78664,Central,OFF-FA-10001332,Office Supplies,Fasteners,"Acco Banker's Clasps, 5 3/4""-Long",2.304,1,0.2,0.7776
8136,CA-2015-121776,2/16/2015,2/21/2015,Standard Class,RD-19585,Rob Dowd (corrected),Consumer,United States,Los Angeles,California,90008,West,OFF-LA-10002762,Office Supplies,Labels,Avery_485,87.71,7,0.0,41.2237
3444,CA-2017-168858,11/19/2017,11/23/2017,Standard Class,JD-16150,Justin Deggeller,Corporate,United States,New York City,New York,10011,East,OFF-AP-10003849,Office Supplies,Appliances,Hoover Shoulder Vac Commercial Portable Vacuum,2504.74,7,0.0,626.185
9853,CA-2016-158155,5/2/2016,5/6/2016,Standard Class,EH-13765,Edward Hooks,Corporate,United States,Houston,WA,64615,West,OFF-PA-10000533,Office Supplies,Paper,Southworth Parchment Paper & Envelopes,13.08,2,0.0,6.0168
1782,CA-2015-111094,7/9/2015,7/13/2015,Standard Class,CB-12535,Claudia Bergmann,Corporate,United States,Franklin,Massachusetts,2038,East,OFF-PA-10001609,Office Supplies,Paper,Tops Wirebound Message Log Books,6.58,2,0.0,3.0268
3601,CA-2017-138310,6/26/2017,6/30/2017,Standard Class,NP-18700,Nora Preis,Consumer,United States,Denver,Colorado,80219,West,TEC-AC-10001990,Technology,Accessories,Kensington_Orbit_Wireless_Mobile_Trackball_for_PC_and_Mac,431.928,9,0.2,64.7892
2282,NEW-101-20260304121052,2017-12-26 00:00:00,2018-01-01 00:00:00,First Class,JK-15625,Jim Karlsson,Consumer,United States,Seattle,Washington,98115,West,FUR-BO-10004467,Furniture,Bookcases,Bestar Classic Bookcase,258.74,2,0.0,28.96
2426,NEW-217-20260304121052,2018-06-13 00:00:00,2018-06-20 00:00:00,Standard Class,SV-20935,Susan Vittorini,Consumer,United States,Fairfield,Ohio,45014,East,FUR-TA-10002645,Furniture,Tables,Hon Rectangular Conference Tables,370.32,2,0.4,-98.72
8489,CA-2016-158841,2/2/2016,2/4/2016,Second Class,SE-20110,Sanjit Engle,Consumer,United States,Seattle,AZ,63472,Central,TEC-MA-10001127,Technology,Machines,"HP Designjet T520 Inkjet Large Format Printer - 24"" Color",8749.95,5,0.0,2799.984
7724,CA-2015-139374,9/10/2015,9/14/2015,Standard Class,AR-10345,Alex Russell,Corporate,United States,Austin,Texas,78745,Central,FUR-CH-10003981,Furniture,Chairs,Global_Commerce_Series_Low-Back_Swivel/Tilt_Chairs,179.886,1,0.3,-2.5698
9320,NEW-80-20260304121052,2017-12-11 00:00:00,2017-12-16 00:00:00,Standard Class,AR-10825,Anthony Rawles,Corporate,United States,New York City,New York,10009,East,FUR-CH-10002780,Furniture,Chairs,Office Star - Task Chair with Contemporary Loop Arms,209.01,2,0.1,20.04
131,US-2017-164147,2/2/2017,2/5/2017,First Class,DW-13585,Dorothy Wardle,Corporate,United States,Columbus,Ohio,43229,East,TEC-PH-10002293,Technology,Phones,Anker_36W_4-Port_USB_Wall_Charger_Travel_Power_Adapter_for_iPhone_5s_5c_5,59.97,5,0.4,-11.994
1245,CA-2017-133641,5/14/2017,5/21/2017,Standard Class,EJ-14155,Eva Jacobs,Consumer,United States,Gulfport,Mississippi,39503,South,OFF-EN-10004955,Office Supplies,Envelopes,Fashion Color Clasp Envelopes,48.69,9,0.0,23.8581
2385,US-2017-117534,3/25/2017,3/26/2017,First Class,CV-12295,Christina VanderZanden,Consumer,United States,Fresno,California,93727,West,OFF-BI-10002026,Office Supplies,Binders,Avery Arch Ring Binders,185.92,4,0.2,62.748
3913,CA-2017-148068,9/18/2017,9/25/2017,Standard Class,MM-18280,Muhammed MacIntyre,Corporate,United States,New York City,New York,10035,East,OFF-PA-10001639,Office Supplies,Paper,Xerox 203,19.44,3,0.0,9.3312
6123,CA-2017-152660,12/4/2017,12/9/2017,Standard Class,CB-12415,Christy Brittain,Consumer,United States,Chicago,Illinois,60610,Central,OFF-ST-10000532,Office Supplies,Storage,Advantus_Rolling_Drawer_Organizers,61.568,2,0.2,4.6176
3724,US-2014-169789,12/30/2014,1/4/2015,Standard Class,MF-17665,Maureen Fritzler,Corporate,United States,Phoenix,Arizona,85023,West,OFF-BI-10004600,Office Supplies,Binders,Ibico Ibimaster 300 Manual Binding System,551.985,5,0.7,-459.9875
7274,US-2016-150357,10/10/2016,10/14/2016,Standard Class,EB-13975,Erica Bern,Corporate,United States,Greensboro,North Carolina,27405,South,OFF-BI-10002557,Office Supplies,Binders,Presstex Flexible Ring Binders,4.095,3,0.7,-2.73
2651,NEW-340-20260304121052,2016-12-25 00:00:00,2016-12-28 00:00:00,Standard Class,SH-19975,Sally Hughsby,Corporate,United States,Hesperia,California,92345,West,FUR-BO-10004467,Furniture,Bookcases,Bestar Classic Bookcase,548.57,5,0.15,26.3
7215,CA-2015-103072,9/27/2015,9/30/2015,Second Class,HW-14935,Helen Wasserman,Corporate,United States,Los Angeles,NY,33844,East,OFF-AR-10000127,Office Supplies,Art,Newell 321,16.4,5,0.0,4.756
2959,CA-2015-158456,12/24/2015,12/29/2015,Standard Class,KT-16465,Kean Takahito,Consumer,United States,Los Angeles,California,90032,West,OFF-BI-10001097,Office Supplies,Binders,Avery_Hole_Reinforcements,19.936,4,0.2,7.2268
7069,NEW-295-20260304121052,2016-09-10 00:00:00,2016-09-16 00:00:00,Standard Class,AS-10285,Alejandro Savely,Corporate,United States,Dallas,Texas,75081,Central,OFF-PA-10003591,Office Supplies,Paper,Southworth 100% Cotton The Best Paper,96.08,9,0.2,27.65
6660,CA-2017-135937,2/20/2017,2/27/2017,Standard Class,KM-16375,Katherine Murray,Home Office,United States,Gilbert,Arizona,85234,West,FUR-TA-10001039,Furniture,Tables,KI Adjustable-Height Table,386.91,9,0.5,-185.7168
4449,NEW-390-20260304121052,2015-08-02 00:00:00,2015-08-05 00:00:00,Standard Class,LH-17155,Logan Haushalter,Consumer,United States,Los Angeles,California,90032,West,FUR-FU-10000732,Furniture,Furnishings,Eldon 200 Class Desk Accessories,16.33,2,0.0,5.65
9321,US-2017-108343,7/20/2017,7/25/2017,Standard Class,AR-10825,Anthony Rawles,Corporate,United States,New York City,New York,10009,East,FUR-FU-10000747,Furniture,Furnishings,Tenex B1-RE Series Chair Mats for Low Pile Carpets,183.92,4,0.0,31.2664
9726,NEW-265-20260304121052,2018-02-06 00:00:00,2018-02-11 00:00:00,First Class,SC-20380,Shahid Collister,Consumer,United States,Boise,Idaho,83704,West,TEC-AC-10001109,Technology,Accessories,Logitech Trackman Marble Mouse,86.7,3,0.0,54.21
5173,CA-2016-122903,5/27/2016,5/29/2016,Second Class,LA-16780,Laura Armstrong,Corporate,United States,Detroit,Michigan,48205,Central,OFF-PA-10000994,Office Supplies,Paper,Xerox_1915,314.55,3,0.0,150.984
7134,NEW-73-20260304121052,2018-03-24 00:00:00,2018-03-28 00:00:00,Standard Class,TT-21460,Tonja Turnell,Home Office,United States,Richmond,Indiana,47374,Central,FUR-FU-10001473,Furniture,Furnishings,DAX Wood Document Frame,32.24,2,0.0,9.16
9372,CA-2015-111339,5/29/2015,5/31/2015,First Class,VP-21760,Victoria Pisteka,Corporate,United States,Columbus,Ohio,43229,East,FUR-CH-10000863,Furniture,Chairs,Novimex Swivel Fabric Task Chair,317.058,3,0.3,-86.0586
7847,CA-2015-125976,9/27/2015,10/2/2015,Standard Class,JK-15205,Jamie Kunitz,Consumer,United States,Arlington,Virginia,22204,South,TEC-PH-10002496,Technology,Phones,Cisco SPA301,1871.88,12,0.0,561.564
6915,CA-2014-142510,12/22/2014,12/29/2014,Standard Class,NP-18700,Nora Preis,Consumer,United States,Chicago,Illinois,60623,Central,OFF-ST-10000585,Office Supplies,Storage,Economy Rollaway Files,132.16,1,0.2,9.912
6036,US-2015-155369,4/19/2015,4/25/2015,Standard Class,PG-18820,Patrick Gardner,Consumer,United States,Carrollton,Texas,75007,Central,OFF-BI-10003925,Office Supplies,Binders,Fellowes_PB300_Plastic_Comb_Binding_Machine,310.392,4,0.8,-512.1468
3836,NEW-254-20260304121052,2014-05-24 00:00:00,2014-05-25 00:00:00,Standard Class,JM-15655,Jim Mitchum,Corporate,United States,Glendale,Arizona,85301,West,OFF-FA-10000611,Office Supplies,Fasteners,Binder Clips by OIC,2.61,2,0.2,0.84
8061,NEW-100-20260304121052,2015-12-02 00:00:00,2015-12-05 00:00:00,Standard Class,TC-20980,Tamara Chand,Corporate,United States,Long Beach,New York,11561,East,OFF-PA-10001970,Office Supplies,Paper,Xerox 1881,82.9,5,0.0,45.34
3584,CA-2015-121650,12/10/2015,12/16/2015,Standard Class,KD-16495,Keith Dawkins,Corporate,United States,Jackson,Michigan,49201,Central,FUR-TA-10003569,Furniture,Tables,Bretford CR8500 Series Meeting Room Furniture,801.96,2,0.0,200.49
3786,CA-2017-112487,12/26/2017,12/30/2017,Standard Class,TC-21535,Tracy Collins,Home Office,United States,Columbus,Ohio,43229,East,OFF-BI-10000494,Office Supplies,Binders,Acco Economy Flexible Poly Round Ring Binder,3.132,2,0.7,-2.61
4034,CA-2016-169957,9/26/2016,9/30/2016,Standard Class,SN-20710,Steve Nguyen,Home Office,United States,Covington,Washington,98042,West,TEC-AC-10003063,Technology,Accessories,Micro_Innovations_USB_RF_Wireless_Keyboard_with_Mouse,100.0,4,0.0,21.0
3508,CA-2014-166863,6/20/2014,6/24/2014,Standard Class,SC-20020,Sam Craven (corrected),Consumer,United States,Plano,Texas,75023,Central,FUR-BO-10001608,Furniture,Bookcases,"Hon_Metal_Bookcases,_Black",193.0656,4,0.32,-19.8744
4600,CA-2015-146948,7/16/2015,7/20/2015,Standard Class,MG-17890,Michael Granlund (corrected),Home Office,United States,Baltimore,Maryland,21215,East,FUR-CH-10004853,Furniture,Chairs,"Global_Manager's_Adjustable_Task_Chair,_Storm",150.98,1,0.0,43.7842
125,US-2014-152030,12/26/2014,12/28/2014,Second Class,AD-10180,Alan Dominguez,Home Office,United States,Houston,Texas,77041,Central,FUR-CH-10004063,Furniture,Chairs,Global Deluxe High-Back Manager's Chair,600.558,3,0.3,-8.5794
8807,CA-2016-113082,9/12/2016,9/16/2016,Standard Class,MC-17590,Matt Collister,Corporate,United States,Utica,New York,13501,East,FUR-FU-10002813,Furniture,Furnishings,"DAX Contemporary Wood Frame with Silver Metal Mat, Desktop, 11 x 14 Size",40.48,2,0.0,14.5728
5832,CA-2015-111206,7/18/2015,7/22/2015,Standard Class,RF-19735,Roland Fjeld,Consumer,United States,San Diego,California,92105,West,TEC-AC-10003095,Technology,Accessories,Logitech G35 7.1-Channel Surround Sound Headset,519.96,4,0.0,176.7864
8823,CA-2017-100622,11/3/2017,11/7/2017,Standard Class,DK-13090,Dave Kipp (corrected),Consumer,United States,Orlando,Florida,32839,South,OFF-AR-10004010,Office Supplies,Art,Hunt_Boston_Vacuum_Mount_KS_Pencil_Sharpener,55.984,2,0.2,4.1988
1893,CA-2017-145310,12/22/2017,12/24/2017,Second Class,JP-15520,Jeremy Pistek,Consumer,United States,Port Orange,Florida,32127,South,OFF-EN-10002621,Office Supplies,Envelopes,Staple envelope,7.824,1,0.2,2.934
8121,CA-2016-116722,11/11/2016,11/16/2016,Standard Class,LP-17080,Liz Pelletier (corrected),Consumer,United States,San Francisco,California,94110,West,FUR-CH-10004997,Furniture,Chairs,Hon_Every-Day_Series_Multi-Task_Chairs,451.152,3,0.2,0.0
4828,CA-2014-152562,11/1/2014,11/8/2014,Standard Class,JO-15145,Jack O'Briant,Corporate,United States,Richmond,Kentucky,40475,South,OFF-ST-10000464,Office Supplies,Storage,"Multi-Use Personal File Cart and Caster Set, Three Stacking Bins",69.52,2,0.0,19.4656
6684,NEW-16-20260304121052,2015-04-28 00:00:00,2015-04-30 00:00:00,Standard Class,DE-13255,Deanra Eno,Home Office,United States,Los Angeles,California,90008,West,FUR-FU-10000320,Furniture,Furnishings,OIC Stacking Trays,17.49,6,0.0,10.67
7631,NEW-299-20260304121052,2014-05-22 00:00:00,2014-05-24 00:00:00,First Class,MP-17470,Mark Packer,Home Office,United States,Brownsville,Texas,78521,Central,TEC-PH-10001819,Technology,Phones,Innergie mMini Combo Duo USB Travel Charging Kit,219.19,7,0.2,140.97
9285,CA-2014-161032,11/18/2014,11/23/2014,Standard Class,MK-17905,Michael Kennedy,Corporate,United States,Franklin,Wisconsin,53132,Central,FUR-CH-10001482,Furniture,Chairs,Office Star - Mesh Screen back chair with Vinyl seat,392.94,3,0.0,43.2234
7589,CA-2017-122945,11/16/2017,11/22/2017,Standard Class,MB-18085,Mick Brown,Consumer,United States,Roseville,California,95661,West,FUR-FU-10001196,Furniture,Furnishings,DAX Cubicle Frames - 8x10,17.31,3,0.0,5.193
9331,US-2015-153283,11/12/2015,11/18/2015,Standard Class,EB-14110,Eugene Barchas,Consumer,United States,New York City,New York,10035,East,OFF-EN-10001539,Office Supplies,Envelopes,Staple envelope,15.56,2,0.0,7.3132
7253,NEW-201-20260304121052,2016-10-16 00:00:00,2016-10-24 00:00:00,Standard Class,SC-20695,Steve Chapman,Corporate,United States,Roseville,Michigan,48066,Central,OFF-PA-10003790,Office Supplies,Paper,Xerox 1991,86.94,3,0.0,24.8
9242,CA-2017-110310,10/27/2017,11/2/2017,Standard Class,NB-18655,Nona Balk,Corporate,United States,Tallahassee,Florida,32303,South,OFF-AR-10001662,Office Supplies,Art,Rogers Handheld Barrel Pencil Sharpener,6.576,3,0.2,0.5754
3948,CA-2016-119963,11/18/2016,11/22/2016,Standard Class,SN-20710,Steve Nguyen,Home Office,United States,Pasadena,Texas,77506,Central,OFF-AR-10003514,Office Supplies,Art,4009 Highlighters by Sanford,6.368,2,0.2,1.0348
3203,NEW-25-20260304121052,2015-02-17 00:00:00,2015-02-20 00:00:00,Standard Class,RD-19900,Ruben Dartt,Consumer,United States,San Diego,California,92037,West,TEC-PH-10002103,Technology,Phones,Jabra SPEAK 410,789.04,8,0.2,45.94
5576,CA-2014-151162,12/5/2014,12/9/2014,Standard Class,EA-14035,Erin Ashbrook (corrected),Corporate,United States,Columbus,Ohio,43229,East,TEC-PH-10001809,Technology,Phones,Panasonic_KX_T7736-B_Digital_phone,179.94,2,0.4,-44.985
1767,CA-2016-110254,8/4/2016,8/8/2016,Standard Class,ML-17755,Max Ludwig (corrected),Home Office,United States,Suffolk,Virginia,23434,South,OFF-LA-10002034,Office Supplies,Labels,Avery_478,9.82,2,0.0,4.8118
1950,CA-2017-157987,9/2/2017,9/6/2017,Standard Class,AC-10615,Ann Chong,Corporate,United States,Houston,WA,37290,Central,OFF-AP-10000358,Office Supplies,Appliances,Fellowes Basic Home/Office Series Surge Protectors,12.98,1,0.0,3.7642
7548,CA-2014-103492,10/10/2014,10/15/2014,Standard Class,CM-12715,Craig Molinari,Corporate,United States,Huntsville,Texas,77340,Central,OFF-BI-10004817,Office Supplies,Binders,GBC Personal VeloBind Strips,11.98,5,0.8,-19.168
6737,CA-2016-123358,4/10/2016,4/17/2016,Standard Class,BT-11680,Brian Thompson (corrected),Consumer,United States,San Francisco,California,94122,West,OFF-ST-10001932,Office Supplies,Storage,Fellowes_Staxonsteel_Drawer_Files,579.51,3,0.0,81.1314
5751,CA-2014-145800,5/30/2014,6/5/2014,Standard Class,SS-20410,Shahid Shariari,Consumer,United States,Phoenix,TX,64714,West,FUR-TA-10001539,Furniture,Tables,Chromcraft Rectangular Conference Tables,355.455,3,0.5,-184.8366
8474,CA-2015-169733,10/22/2015,10/26/2015,Second Class,GM-14500,Gene McClure,Consumer,United States,Hollywood,Florida,33021,South,OFF-ST-10000876,Office Supplies,Storage,Eldon Simplefile Box Office,9.952,1,0.2,0.9952
271,NEW-365-20260304121052,2018-03-02 00:00:00,2018-03-11 00:00:00,Second Class,KH-16690,Kristen Hastings,Corporate,United States,San Francisco,California,94110,West,OFF-ST-10003208,Office Supplies,Storage,Adjustable Depth Letter/Legal Cart,952.35,4,0.0,250.69
3615,CA-2017-112529,11/19/2017,11/21/2017,First Class,SC-20770,Stewart Carmichael,Corporate,United States,San Antonio,Texas,78207,Central,FUR-TA-10002622,Furniture,Tables,"Bush Andora Conference Table, Maple/Graphite Gray Finish",718.116,6,0.3,-71.8116
6884,NEW-339-20260304121052,2016-04-01 00:00:00,2016-04-10 00:00:00,Second Class,TW-21025,Tamara Willingham,Home Office,United States,Seattle,Washington,98105,West,OFF-PA-10002222,Office Supplies,Paper,"Xerox Color Copier Paper, 11"" x 17"", Ream",155.78,5,0.0,79.63
4332,CA-2017-107909,9/1/2017,9/6/2017,Standard Class,SS-20875,Sung Shariari,Consumer,United States,Redmond,Washington,98052,West,TEC-AC-10001998,Technology,Accessories,Logitech LS21 Speaker System - PC Multimedia - 2.1-CH - Wired,19.99,1,0.0,6.7966
1998,CA-2014-131905,2/6/2014,2/9/2014,First Class,ND-18460,Neil Ducich (corrected),Corporate,United States,Chesapeake,Virginia,23320,South,OFF-LA-10002787,Office Supplies,Labels,Avery_480,15.0,4,0.0,7.2
3006,CA-2014-148761,5/17/2014,5/21/2014,Standard Class,PA-19060,Pete Armstrong,Home Office,United States,Eau Claire,Wisconsin,54703,Central,OFF-BI-10000666,Office Supplies,Binders,Surelock_Post_Binders,91.68,3,0.0,45.84
1527,CA-2016-122392,7/22/2016,7/27/2016,Standard Class,CJ-12010,Caroline Jumper,Consumer,United States,Allentown,Pennsylvania,18103,East,OFF-AR-10002221,Office Supplies,Art,12 Colored Short Pencils,4.16,2,0.2,0.364
1111,US-2016-110156,11/19/2016,11/24/2016,Standard Class,EH-13945,Eric Hoffmann,Consumer,United States,Houston,Texas,77041,Central,TEC-PH-10003589,Technology,Phones,invisibleSHIELD by ZAGG Smudge-Free Screen Protector,71.96,5,0.2,25.186
3743,CA-2016-137848,1/15/2016,1/21/2016,Standard Class,WB-21850,William Brown,Consumer,United States,New York City,New York,10011,East,OFF-PA-10004285,Office Supplies,Paper,Xerox 1959,60.12,9,0.0,28.8576
9800,CA-2015-128608,1/12/2015,1/17/2015,Standard Class,CS-12490,Cindy Schnelling,Corporate,United States,Toledo,Ohio,43615,East,TEC-AC-10000487,Technology,Accessories,SanDisk Cruzer 4 GB USB Flash Drive,10.384,2,0.2,2.2066
7132,CA-2017-141439,11/26/2017,12/1/2017,Standard Class,TT-21460,Tonja Turnell,Home Office,United States,Richmond,Indiana,47374,Central,FUR-TA-10001039,Furniture,Tables,KI Adjustable-Height Table,257.94,3,0.0,67.0644
245,CA-2014-131926,6/1/2014,6/6/2014,Second Class,DW-13480,Dianna Wilson,Home Office,United States,Lakeville,Minnesota,55044,Central,FUR-CH-10004063,Furniture,Chairs,Global Deluxe High-Back Manager's Chair,2001.86,7,0.0,580.5394
4400,CA-2016-131737,3/17/2016,3/17/2016,Same Day,GZ-14470,Gary Zandusky (corrected),Consumer,United States,Columbia,Maryland,21044,East,OFF-EN-10003055,Office Supplies,Envelopes,"Blue_String-Tie_&_Button_Interoffice_Envelopes,_10_x_13",199.9,5,0.0,89.955
2206,CA-2016-164350,9/10/2016,9/12/2016,Second Class,CG-12040,Catherine Glotzbach (corrected),Home Office,United States,Bristol,Tennessee,37620,South,OFF-AR-10000538,Office Supplies,Art,"Boston_Model_1800_Electric_Pencil_Sharpener,_Gray",67.56,3,0.2,8.445
5913,CA-2014-120432,8/24/2014,8/26/2014,Second Class,DW-13585,Dorothy Wardle,Corporate,United States,Owensboro,Kentucky,42301,South,OFF-SU-10004661,Office Supplies,Supplies,Acme Titanium Bonded Scissors,25.5,3,0.0,6.63
9824,NEW-275-20260304121052,2015-02-06 00:00:00,2015-02-10 00:00:00,Standard Class,BD-11605,Brian Dahlen,Consumer,United States,San Francisco,California,94122,West,OFF-PA-10000167,Office Supplies,Paper,Xerox 1925,130.11,3,0.0,30.32
3918,US-2017-142573,7/18/2017,7/23/2017,Standard Class,ML-17410,Maris LaWare,Consumer,United States,Phoenix,Arizona,85023,West,OFF-BI-10003350,Office Supplies,Binders,Acco Expandable Hanging Binders,7.656,4,0.7,-6.1248
4222,NEW-251-20260304121052,2017-08-24 00:00:00,2017-08-27 00:00:00,Second Class,TB-21400,Tom Boeckenhauer,Consumer,United States,Seattle,Washington,98103,West,TEC-MA-10001570,Technology,Machines,Cisco Desktop Collaboration Experience DX650 IP Video Phone,409.28,5,0.2,96.69
4411,US-2014-154879,5/6/2014,5/11/2014,Standard Class,SN-20710,Steve Nguyen,Home Office,United States,Los Angeles,California,90004,West,OFF-AR-10001897,Office Supplies,Art,Model L Table or Wall-Mount Pencil Sharpener,107.94,6,0.0,30.2232
6438,NEW-228-20260304121052,2017-07-18 00:00:00,2017-07-26 00:00:00,First Class,JG-15160,James Galang,Consumer,United States,Pocatello,Idaho,83201,West,TEC-PH-10004389,Technology,Phones,Nokia Lumia 925,301.22,3,0.2,33.22
7556,CA-2014-114181,5/10/2014,5/14/2014,Second Class,AF-10885,Art Foster,Consumer,United States,Philadelphia,Pennsylvania,19134,East,OFF-AR-10000716,Office Supplies,Art,DIXON_Ticonderoga_Erasable_Checking_Pencils,22.32,5,0.2,5.301
9168,CA-2016-100300,6/24/2016,6/26/2016,Second Class,MJ-17740,Max Jones,Consumer,United States,Los Angeles,WA,37241,South,OFF-AP-10001242,Office Supplies,Appliances,APC 7 Outlet Network SurgeArrest Surge Protector,241.44,3,0.0,72.432
599,NEW-253-20260304121052,2016-12-08 00:00:00,2016-12-10 00:00:00,First Class,TP-21130,Theone Pippenger,Consumer,United States,Philadelphia,Pennsylvania,19134,East,OFF-SU-10004115,Office Supplies,Supplies,Acme Stainless Steel Office Snips,15.57,2,0.2,1.34
8949,CA-2014-132913,12/24/2014,12/26/2014,First Class,AS-10090,Adam Shillingsburg,Consumer,United States,Houston,TX,42839,South,OFF-AP-10003278,Office Supplies,Appliances,Belkin 7-Outlet SurgeMaster Home Series,13.97,1,0.0,3.6322
6947,CA-2015-126466,11/9/2015,11/13/2015,Standard Class,JO-15550,Jesus Ocampo,Home Office,United States,Roseville,California,95661,West,OFF-FA-10000490,Office Supplies,Fasteners,"OIC Binder Clips, Mini, 1/4"" Capacity, Black",2.48,2,0.0,1.1656
7455,NEW-495-20260304121052,2016-10-28 00:00:00,2016-10-30 00:00:00,Standard Class,KH-16360,Katherine Hughes,Consumer,United States,Chicago,Illinois,60623,Central,OFF-LA-10003663,Office Supplies,Labels,Avery 498,12.26,4,0.2,4.71
1954,CA-2017-157987,9/2/2017,9/6/2017,Standard Class,AC-10615,Ann Chong (corrected),Corporate,United States,New York City,New York,10009,East,FUR-CH-10003379,Furniture,Chairs,Global_Commerce_Series_High-Back_Swivel/Tilt_Chairs,1282.41,5,0.1,213.735
4378,NEW-389-20260304121052,2014-05-30 00:00:00,2014-06-05 00:00:00,Standard Class,BT-11305,Beth Thompson,Home Office,United States,San Gabriel,California,91776,West,FUR-CH-10003973,Furniture,Chairs,GuestStacker Chair with Chrome Finish Legs,1820.53,5,0.2,195.02
811,CA-2014-151995,10/13/2014,10/15/2014,First Class,ZC-21910,Zuschuss Carroll,Consumer,United States,Edmonds,Washington,98026,West,FUR-TA-10002903,Furniture,Tables,"Bevis Round Bullnose 29"" High Table Top",1298.55,5,0.0,311.652
8405,CA-2017-140480,7/8/2017,7/12/2017,Standard Class,HE-14800,Harold Engle (corrected),Corporate,United States,Newark,Delaware,19711,East,FUR-FU-10003247,Furniture,Furnishings,36X48_HARDFLOOR_CHAIRMAT,83.92,4,0.0,5.8744
1224,CA-2016-126004,12/4/2016,12/5/2016,First Class,BM-11140,Becky Martin,Consumer,United States,New York City,New York,10024,East,TEC-AC-10001432,Technology,Accessories,Enermax Aurora Lite Keyboard,78.15,1,0.0,34.386
1571,US-2014-157385,11/23/2014,11/25/2014,First Class,SC-20095,Sanjit Chand,Consumer,United States,Los Angeles,California,90004,West,FUR-CH-10000863,Furniture,Chairs,Novimex Swivel Fabric Task Chair,603.92,5,0.2,-67.941
6400,NEW-82-20260304121052,2018-01-21 00:00:00,2018-01-23 00:00:00,Standard Class,GM-14455,Gary Mitchum,Home Office,United States,Concord,New Hampshire,3301,East,OFF-LA-10002195,Office Supplies,Labels,Avery 481,25.94,8,0.0,13.94
9455,CA-2015-129546,9/28/2015,10/5/2015,Standard Class,RP-19855,Roy Phan,Corporate,United States,Los Angeles,California,90032,West,TEC-PH-10003555,Technology,Phones,Motorola HK250 Universal Bluetooth Headset,36.784,2,0.2,-8.2764
963,CA-2016-120859,9/1/2016,9/4/2016,First Class,CV-12805,Cynthia Voltz,Corporate,United States,San Francisco,California,94110,West,OFF-EN-10001335,Office Supplies,Envelopes,"White Business Envelopes with Contemporary Seam, Recycled White Business Envelopes",21.88,2,0.0,10.94
6904,CA-2017-111220,9/2/2017,9/8/2017,Standard Class,JS-15595,Jill Stevenson,Corporate,United States,Chicago,Illinois,60653,Central,OFF-AP-10003278,Office Supplies,Appliances,Belkin 7-Outlet SurgeMaster Home Series,5.588,2,0.8,-15.0876
1731,NEW-3-20260304121052,2015-02-12 00:00:00,2015-02-21 00:00:00,Standard Class,KD-16495,Keith Dawkins,Corporate,United States,Fayetteville,North Carolina,28314,South,OFF-PA-10001457,Office Supplies,Paper,White GlueTop Scratch Pads,116.51,8,0.2,41.21
677,NEW-348-20260304121052,2017-09-05 00:00:00,2017-09-10 00:00:00,Standard Class,CD-11980,Carol Darley,Consumer,United States,Tyler,Texas,75701,Central,OFF-AP-10000804,Office Supplies,Appliances,Hoover Portapower Portable Vacuum,2.34,3,0.8,-8.44
1097,NEW-298-20260304121052,2017-02-13 00:00:00,2017-02-19 00:00:00,Standard Class,PS-19045,Penelope Sewall,Home Office,United States,Charlotte,North Carolina,28205,South,OFF-BI-10004001,Office Supplies,Binders,GBC Recycled VeloBinder Covers,30.61,7,0.7,-27.28
7645,US-2016-157490,10/6/2016,10/7/2016,First Class,LB-16795,Laurel Beltran,Home Office,United States,Pueblo,Colorado,81001,West,TEC-AC-10001553,Technology,Accessories,"Memorex_25GB_6X_Branded_Blu-Ray_Recordable_Disc,_15/Pack",67.96,5,0.2,0.8495
8912,CA-2017-102610,11/4/2017,11/8/2017,Standard Class,CA-12265,Christina Anderson,Consumer,United States,Chattanooga,Tennessee,37421,South,TEC-PH-10000127,Technology,Phones,iOttie XL Car Mount,143.928,9,0.2,-32.3838
9949,CA-2017-121559,6/1/2017,6/3/2017,Second Class,HW-14935,Helen Wasserman,Corporate,United States,Houston,TX,16478,East,OFF-AP-10002945,Office Supplies,Appliances,Honeywell Enviracaire Portable HEPA Air Cleaner for 17' x 22' Room,2405.2,8,0.0,793.716
7116,US-2016-102239,5/5/2016,5/6/2016,First Class,LW-16990,Lindsay Williams (corrected),Corporate,United States,Henderson,Nevada,89015,West,OFF-BI-10001890,Office Supplies,Binders,Avery_Poly_Binder_Pockets,5.728,2,0.2,2.0048
9451,CA-2017-145506,6/3/2017,6/7/2017,Standard Class,MO-17800,Meg O'Connel (corrected),Home Office,United States,Spokane,Washington,99207,West,OFF-ST-10004963,Office Supplies,Storage,Eldon_Gobal_File_Keepers,136.26,9,0.0,5.4504
4859,CA-2015-137526,1/13/2015,1/17/2015,Standard Class,PB-19150,Philip Brown,Consumer,United States,Seattle,TX,90757,East,FUR-FU-10004845,Furniture,Furnishings,"Deflect-o EconoMat Nonstudded, No Bevel Mat",464.85,9,0.0,92.97
4527,NEW-398-20260304121052,2018-01-11 00:00:00,2018-01-18 00:00:00,Standard Class,BE-11335,Bill Eplett,Home Office,United States,Rome,New York,13440,East,OFF-PA-10004353,Office Supplies,Paper,Southworth 25% Cotton Premium Laser Paper and Envelopes,99.04,5,0.0,76.12
329,NEW-88-20260304121052,2016-09-05 00:00:00,2016-09-13 00:00:00,First Class,PO-18850,Patrick O'Brill,Consumer,United States,Philadelphia,Pennsylvania,19143,East,FUR-CH-10003312,Furniture,Chairs,Hon 2090 “Pillow Soft” Series Mid Back Swivel/Tilt Chairs,725.19,4,0.3,-250.11
9306,CA-2015-137603,9/19/2015,9/24/2015,Standard Class,MH-17290,Marc Harrigan (corrected),Home Office,United States,Santa Fe,New Mexico,87505,West,OFF-AR-10001972,Office Supplies,Art,Newell_323,8.4,5,0.0,2.184
1448,CA-2017-102337,6/13/2017,6/16/2017,First Class,SD-20485,Shirley Daniels,Home Office,United States,Chicago,Illinois,60653,Central,TEC-PH-10002564,Technology,Phones,OtterBox Defender Series Case - Samsung Galaxy S4,47.984,2,0.2,5.998
7334,CA-2015-125563,4/11/2015,4/17/2015,Standard Class,PR-18880,Patrick Ryan,Consumer,United States,Tampa,Florida,33614,South,FUR-FU-10001290,Furniture,Furnishings,Executive Impressions Supervisor Wall Clock,67.36,2,0.2,10.104
3567,CA-2017-103877,9/7/2017,9/14/2017,Standard Class,RD-19660,Robert Dilbeck,Home Office,United States,Independence,Missouri,64055,Central,OFF-BI-10003650,Office Supplies,Binders,GBC DocuBind 300 Electric Binding Machine,1577.94,3,0.0,757.4112
3195,CA-2014-165428,9/1/2014,9/4/2014,First Class,JL-15130,Jack Lebron,Consumer,United States,Houston,Texas,77036,Central,OFF-PA-10004100,Office Supplies,Paper,Xerox 216,31.104,6,0.2,10.8864
364,CA-2017-144904,9/25/2017,10/1/2017,Standard Class,KW-16435,Katrina Willman,Consumer,United States,Houston,CA,80212,West,OFF-AR-10003732,Office Supplies,Art,Newell 333,5.56,2,0.0,1.4456
4287,CA-2015-105690,11/21/2015,11/26/2015,Second Class,CA-11965,Carol Adams,Corporate,United States,Houston,NY,56555,East,TEC-CO-10001571,Technology,Copiers,Sharp 1540cs Digital Laser Copier,439.992,1,0.2,164.997
9371,NEW-469-20260304121052,2015-09-03 00:00:00,2015-09-07 00:00:00,First Class,VP-21760,Victoria Pisteka,Corporate,United States,Columbus,Ohio,43229,East,FUR-FU-10002506,Furniture,Furnishings,"Tensor ""Hersey Kiss"" Styled Floor Lamp",43.42,4,0.2,-3.51
3242,US-2016-140809,2/1/2016,2/3/2016,First Class,CK-12760,Cyma Kinney,Corporate,United States,Houston,TX,88084,South,OFF-ST-10002214,Office Supplies,Storage,X-Rack File for Hanging Folders,56.45,5,0.0,14.677
9741,CA-2017-129294,3/16/2017,3/21/2017,Standard Class,KD-16615,Ken Dana,Corporate,United States,Los Angeles,California,90032,West,OFF-AP-10001154,Office Supplies,Appliances,Bionaire Personal Warm Mist Humidifier/Vaporizer,140.67,3,0.0,54.8613
7175,US-2017-141677,3/26/2017,3/30/2017,Standard Class,HK-14890,Heather Kirkland,Corporate,United States,Phoenix,WA,17373,Central,OFF-PA-10002581,Office Supplies,Paper,Xerox 1951,74.352,3,0.2,23.235
2798,CA-2017-158743,10/20/2017,10/27/2017,Standard Class,IG-15085,Ivan Gibson,Consumer,United States,Little Rock,Arkansas,72209,South,OFF-AR-10002257,Office Supplies,Art,"Eldon_Spacemaker_Box,_Quick-Snap_Lid,_Clear",13.36,4,0.0,4.1416
5121,CA-2014-149538,4/4/2014,4/8/2014,Standard Class,KB-16585,Ken Black,Corporate,United States,Lafayette,Louisiana,70506,South,OFF-ST-10004180,Office Supplies,Storage,Safco Commercial Shelving,232.55,5,0.0,9.302
7432,US-2014-164763,3/17/2014,3/21/2014,Standard Class,MH-17440,Mark Haberlin,Corporate,United States,Seattle,NY,71517,South,OFF-AP-10003971,Office Supplies,Appliances,Belkin 6 Outlet Metallic Surge Strip,32.67,3,0.0,8.4942
4197,US-2015-134271,4/18/2015,4/23/2015,Second Class,RF-19735,Roland Fjeld,Consumer,United States,New York City,New York,10024,East,OFF-LA-10004093,Office Supplies,Labels,Avery 486,21.93,3,0.0,10.3071
9423,CA-2014-145254,7/23/2014,7/27/2014,Standard Class,NC-18535,Nick Crebassa,Corporate,United States,San Francisco,California,94122,West,OFF-SU-10004664,Office Supplies,Supplies,Acme Softgrip Scissors,40.7,5,0.0,11.803
6524,CA-2016-129308,7/7/2016,7/13/2016,Standard Class,CC-12100,Chad Cunningham,Home Office,United States,Philadelphia,Pennsylvania,19120,East,OFF-LA-10002945,Office Supplies,Labels,"Permanent Self-Adhesive File Folder Labels for Typewriters, 1 1/8 x 3 1/2, White",10.08,2,0.2,3.276
3151,CA-2015-147830,12/15/2015,12/18/2015,First Class,NF-18385,Natalie Fritzler,Consumer,United States,Newark,Ohio,43055,East,TEC-AC-10002049,Technology,Accessories,Plantronics Savi W720 Multi-Device Wireless Headset System,2025.36,6,0.2,607.608
5779,CA-2014-105270,11/11/2014,11/18/2014,Standard Class,AP-10915,Arthur Prichep,Consumer,United States,Los Angeles,California,90008,West,OFF-AR-10003156,Office Supplies,Art,50 Colored Long Pencils,30.48,3,0.0,7.9248
3541,CA-2014-158771,5/9/2014,5/9/2014,Same Day,SB-20290,Sean Braxton,Corporate,United States,Henderson,Kentucky,42420,South,OFF-PA-10002689,Office Supplies,Paper,Weyerhaeuser First Choice Laser/Copy Paper (20Lb. and 88 Bright),45.36,7,0.0,21.7728
9721,CA-2016-119641,9/22/2016,9/26/2016,Standard Class,CS-12250,Chris Selesnick,Corporate,United States,Seattle,TX,22263,East,FUR-FU-10002445,Furniture,Furnishings,"DAX Two-Tone Rosewood/Black Document Frame, Desktop, 5 x 7",18.96,2,0.0,7.584
4081,CA-2016-140417,9/25/2016,9/29/2016,Standard Class,KE-16420,Katrina Edelman,Corporate,United States,Tigard,Oregon,97224,West,OFF-PA-10000380,Office Supplies,Paper,"REDIFORM Incoming/Outgoing Call Register, 11"" X 8 1/2"", 100 Messages",60.048,9,0.2,22.518
6317,CA-2014-100762,11/24/2014,11/29/2014,Standard Class,NG-18355,Nat Gilpin (corrected),Corporate,United States,Jackson,Michigan,49201,Central,OFF-PA-10001815,Office Supplies,Paper,Xerox_1885,144.12,3,0.0,69.1776
5336,CA-2014-103331,8/26/2014,9/1/2014,Standard Class,KB-16315,Karl Braun,Consumer,United States,Newark,Delaware,19711,East,OFF-PA-10002659,Office Supplies,Paper,Avoid Verbal Orders Carbonless Minifold Book,3.38,1,0.0,1.5548
9032,CA-2017-128041,9/1/2017,9/1/2017,Same Day,RW-19540,Rick Wilson,Corporate,United States,Seattle,Washington,98103,West,FUR-TA-10002607,Furniture,Tables,KI Conference Tables,283.56,4,0.0,45.3696
5129,NEW-345-20260304121052,2014-11-20 00:00:00,2014-11-21 00:00:00,Same Day,DM-13015,Darrin Martin,Consumer,United States,New York City,New York,10009,East,TEC-PH-10001536,Technology,Phones,Spigen Samsung Galaxy S5 Case Wallet,22.44,1,0.0,6.76
2342,NEW-11-20260304121052,2015-06-28 00:00:00,2015-06-30 00:00:00,First Class,GM-14455,Gary Mitchum,Home Office,United States,Franklin,Massachusetts,2038,East,FUR-FU-10002501,Furniture,Furnishings,Nu-Dell Executive Frame,64.97,5,0.0,30.36
5691,US-2015-138093,12/10/2015,12/16/2015,Standard Class,KM-16225,Kalyca Meade (corrected),Corporate,United States,Baltimore,Maryland,21215,East,OFF-AR-10000817,Office Supplies,Art,Manco_Dry-Lighter_Erasable_Highlighter,27.36,9,0.0,9.3024
6225,NEW-31-20260304121052,2018-06-03 00:00:00,2018-06-11 00:00:00,Standard Class,DK-12985,Darren Koutras,Consumer,United States,Hendersonville,Tennessee,37075,South,OFF-ST-10004123,Office Supplies,Storage,Safco Industrial Wire Shelving System,218.76,3,0.2,-86.91
6016,CA-2014-102652,4/6/2014,4/12/2014,Standard Class,AY-10555,Andy Yotov (corrected),Corporate,United States,Los Angeles,California,90049,West,FUR-FU-10000747,Furniture,Furnishings,Tenex_B1-RE_Series_Chair_Mats_for_Low_Pile_Carpets,91.96,2,0.0,15.6332
4911,CA-2017-127306,1/14/2017,1/18/2017,Standard Class,BH-11710,Brosina Hoffman,Consumer,United States,Chicago,CA,59249,East,OFF-PA-10000019,Office Supplies,Paper,Xerox 1931,36.288,7,0.2,12.7008
2207,NEW-93-20260304121052,2014-09-09 00:00:00,2014-09-10 00:00:00,Standard Class,AW-10930,Arthur Wiediger,Home Office,United States,Aurora,Illinois,60505,Central,OFF-BI-10001098,Office Supplies,Binders,Acco D-Ring Binder w/DublLock,29.79,7,0.8,-45.44
2566,NEW-402-20260304121052,2018-03-30 00:00:00,2018-03-31 00:00:00,First Class,BD-11635,Brian Derr,Consumer,United States,Bowling Green,Kentucky,42104,South,TEC-AC-10003116,Technology,Accessories,Memorex Froggy Flash Drive 8 GB,69.96,4,0.0,39.16
7522,CA-2016-162383,9/5/2016,9/11/2016,Standard Class,MD-17350,Maribeth Dona,Consumer,United States,Lancaster,Ohio,43130,East,OFF-BI-10002824,Office Supplies,Binders,Recycled Easel Ring Binders,8.952,2,0.7,-7.46
880,NEW-450-20260304121052,2018-01-19 00:00:00,2018-01-27 00:00:00,Second Class,HP-14815,Harold Pawlan,Home Office,United States,New York City,New York,10024,East,OFF-BI-10003984,Office Supplies,Binders,Lock-Up Easel 'Spel-Binder',80.4,3,0.2,16.24
8892,CA-2016-162159,9/16/2016,9/18/2016,First Class,CR-12625,Corey Roper,Home Office,United States,Columbus,Georgia,31907,South,FUR-CH-10001146,Furniture,Chairs,"Global Value Mid-Back Manager's Chair, Gray",121.78,2,0.0,30.445
56,CA-2016-111682,6/17/2016,6/18/2016,First Class,TB-21055,Ted Butterfield (corrected),Consumer,United States,Troy,New York,12180,East,OFF-ST-10000604,Office Supplies,Storage,Home/Office_Personal_File_Carts,208.56,6,0.0,52.14
2342,US-2014-143231,12/31/2014,1/3/2015,First Class,GM-14455,Gary Mitchum,Home Office,United States,Franklin,Massachusetts,2038,East,FUR-FU-10002501,Furniture,Furnishings,Nu-Dell Executive Frame,63.2,5,0.0,23.384
679,NEW-309-20260304121052,2017-08-24 00:00:00,2017-08-28 00:00:00,Standard Class,CD-11980,Carol Darley,Consumer,United States,Tyler,Texas,75701,Central,FUR-FU-10003553,Furniture,Furnishings,"Howard Miller 13-1/2"" Diameter Rosebrook Wall Clock",76.09,3,0.6,-60.54
1199,CA-2016-130946,4/8/2016,4/12/2016,Standard Class,ZC-21910,Zuschuss Carroll (corrected),Consumer,United States,Houston,Texas,77041,Central,FUR-CH-10004540,Furniture,Chairs,Global_Chrome_Stack_Chair,95.984,4,0.3,-4.1136
8272,CA-2016-169670,12/25/2016,12/31/2016,Standard Class,JE-15715,Joe Elijah,Consumer,United States,New York City,New York,10009,East,FUR-CH-10002331,Furniture,Chairs,Hon 4700 Series Mobuis Mid-Back Task Chairs with Adjustable Arms,2563.056,8,0.1,313.2624
1147,NEW-2-20260304121052,2015-06-02 00:00:00,2015-06-06 00:00:00,Same Day,NC-18340,Nat Carroll,Consumer,United States,Lansing,Michigan,48911,Central,OFF-AP-10003849,Office Supplies,Appliances,Hoover Shoulder Vac Commercial Portable Vacuum,763.07,2,0.1,92.09
3302,NEW-208-20260304121052,2014-11-30 00:00:00,2014-12-04 00:00:00,Standard Class,CS-11950,Carlos Soltero,Consumer,United States,Philadelphia,Pennsylvania,19140,East,TEC-PH-10001128,Technology,Phones,Motorola Droid Maxx,573.14,6,0.4,-141.34
5090,CA-2017-132738,8/4/2017,8/7/2017,First Class,HM-14860,Harry Marie,Corporate,United States,Loveland,Colorado,80538,West,OFF-PA-10001752,Office Supplies,Paper,Hammermill CopyPlus Copy Paper (20Lb. and 84 Bright),7.968,2,0.2,2.8884
4361,CA-2016-127642,5/21/2016,5/23/2016,First Class,CP-12340,Christine Phan (corrected),Corporate,United States,Warwick,Rhode Island,2886,East,OFF-PA-10000565,Office Supplies,Paper,Easy-staple_paper,111.96,2,0.0,54.8604
9895,US-2016-115441,7/25/2016,7/28/2016,Second Class,SH-19975,Sally Hughsby,Corporate,United States,Milwaukee,Wisconsin,53209,Central,FUR-FU-10001756,Furniture,Furnishings,"Eldon Expressions Desk Accessory, Wood Photo Frame, Mahogany",95.2,5,0.0,27.608
1288,NEW-87-20260304121052,2016-12-25 00:00:00,2017-01-01 00:00:00,Standard Class,TB-21355,Todd Boyes,Corporate,United States,New York City,New York,10009,East,FUR-FU-10000397,Furniture,Furnishings,Luxo Economy Swing Arm Lamp,41.89,2,0.0,17.16
4431,CA-2016-168893,11/3/2016,11/8/2016,Second Class,AP-10915,Arthur Prichep,Consumer,United States,Henderson,Kentucky,42420,South,OFF-FA-10002280,Office Supplies,Fasteners,Advantus_Plastic_Paper_Clips,20.0,4,0.0,9.6
4231,CA-2017-100223,7/5/2017,7/10/2017,Standard Class,LS-16945,Linda Southworth,Corporate,United States,Dallas,Texas,75220,Central,OFF-BI-10003429,Office Supplies,Binders,"Cardinal HOLDit! Binder Insert Strips,Extra Strips",11.394,9,0.8,-17.6607
3603,CA-2014-159835,11/17/2014,11/24/2014,Standard Class,RB-19330,Randy Bradley,Consumer,United States,Philadelphia,Pennsylvania,19143,East,FUR-CH-10004997,Furniture,Chairs,Hon Every-Day Series Multi-Task Chairs,657.93,5,0.3,-93.99
1173,CA-2014-158064,4/21/2014,4/25/2014,Standard Class,AA-10375,Allen Armold,Consumer,United States,Los Angeles,California,90008,West,OFF-BI-10002976,Office Supplies,Binders,ACCOHIDE Binder by Acco,16.52,5,0.2,5.5755
9327,US-2017-130687,9/7/2017,9/10/2017,First Class,PF-19225,Phillip Flathmann,Consumer,United States,Seattle,IL,17806,West,FUR-FU-10004053,Furniture,Furnishings,DAX Two-Tone Silver Metal Document Frame,80.96,4,0.0,34.8128
8066,CA-2016-132997,11/7/2016,11/9/2016,First Class,LW-17215,Luke Weiss,Consumer,United States,Rochester,New York,14609,East,OFF-ST-10003479,Office Supplies,Storage,"Eldon Base for stackable storage shelf, platinum",116.82,3,0.0,5.841
1641,CA-2016-157266,5/26/2016,6/1/2016,Standard Class,TB-21280,Toby Braunhardt (corrected),Consumer,United States,Washington,District of Columbia,20016,East,OFF-PA-10004675,Office Supplies,Paper,"Telephone_Message_Books_with_Fax/Mobile_Section,_5_1/2""_x_3_3/16""",12.7,2,0.0,5.842
5273,CA-2017-125913,1/16/2017,1/16/2017,Same Day,JO-15145,Jack O'Briant,Corporate,United States,Los Angeles,California,90008,West,FUR-TA-10001520,Furniture,Tables,"Lesro Sheffield Collection Coffee Table, End Table, Center Table, Corner Table",399.672,7,0.2,-14.9877
1013,CA-2017-118437,6/17/2017,6/21/2017,Second Class,PF-19165,Philip Fox (corrected),Consumer,United States,Olympia,Washington,98502,West,OFF-ST-10003722,Office Supplies,Storage,Project_Tote_Personal_File,14.03,1,0.0,4.0687
8039,CA-2017-109393,6/30/2017,7/2/2017,Second Class,JC-15775,John Castell,Consumer,United States,Houston,CA,81121,West,FUR-BO-10003966,Furniture,Bookcases,"Sauder Facets Collection Library, Sky Alder Finish",435.999,3,0.15,5.1294
9585,CA-2017-132584,8/26/2017,8/27/2017,First Class,HJ-14875,Heather Jas,Home Office,United States,Detroit,Michigan,48234,Central,OFF-ST-10000344,Office Supplies,Storage,"Neat Ideas Personal Hanging Folder Files, Black",53.72,4,0.0,13.9672
7527,US-2017-106145,9/26/2017,9/26/2017,Same Day,RA-19885,Ruben Ausman,Corporate,United States,San Francisco,California,94109,West,OFF-EN-10001028,Office Supplies,Envelopes,Staple_envelope,71.88,6,0.0,33.0648
392,US-2014-135972,9/21/2014,9/23/2014,Second Class,JG-15115,Jack Garza,Consumer,United States,New York,CA,28460,South,TEC-PH-10003012,Technology,Phones,Nortel Meridian M3904 Professional Digital phone,246.384,2,0.2,27.7182
1845,NEW-18-20260304121052,2017-12-10 00:00:00,2017-12-18 00:00:00,Standard Class,GW-14605,Giulietta Weimer,Consumer,United States,Seattle,Washington,98115,West,TEC-AC-10003027,Technology,Accessories,Imation 8GB Mini TravelDrive USB 2.0 Flash Drive,110.9,3,0.0,13.92
6533,US-2017-107384,12/4/2017,12/8/2017,Standard Class,TP-21130,Theone Pippenger,Consumer,United States,Rochester,Minnesota,55901,Central,TEC-AC-10004595,Technology,Accessories,First Data TMFD35 PIN Pad,142.8,1,0.0,29.988
7789,US-2016-117037,5/17/2016,5/20/2016,First Class,LW-17215,Luke Weiss,Consumer,United States,Chicago,Illinois,60653,Central,FUR-FU-10004973,Furniture,Furnishings,Flat Face Poster Frame,22.608,3,0.6,-10.1736
2737,CA-2015-115798,11/13/2015,11/19/2015,Standard Class,KL-16645,Ken Lonsdale,Consumer,United States,Los Angeles,CA,33983,South,OFF-PA-10001560,Office Supplies,Paper,"Adams Telephone Message Books, 5 1/4” x 11”",42.28,7,0.0,19.8716
160,NEW-188-20260304121052,2017-01-30 00:00:00,2017-02-05 00:00:00,Standard Class,NP-18670,Nora Paige,Consumer,United States,Edmond,Oklahoma,73034,Central,TEC-PH-10004536,Technology,Phones,Avaya 5420 Digital phone,1286.89,7,0.0,227.31
2651,US-2016-146794,9/26/2016,10/1/2016,Standard Class,SH-19975,Sally Hughsby,Corporate,United States,Hesperia,California,92345,West,FUR-BO-10004467,Furniture,Bookcases,Bestar Classic Bookcase,424.9575,5,0.15,19.998
9802,NEW-190-20260304121052,2018-02-27 00:00:00,2018-03-04 00:00:00,Standard Class,JK-15730,Joe Kamberova,Consumer,United States,Lodi,California,95240,West,OFF-SU-10000898,Office Supplies,Supplies,"Acme Hot Forged Carbon Steel Scissors with Nickel-Plated Handles, 3 7/8"" Cut, 8""L",111.79,7,0.0,21.32
8246,US-2014-143581,8/19/2014,8/23/2014,Standard Class,BS-11365,Bill Shonely,Corporate,United States,Columbus,Georgia,31907,South,OFF-ST-10000991,Office Supplies,Storage,Space_Solutions_HD_Industrial_Steel_Shelving.,344.91,3,0.0,10.3473
4312,CA-2014-125829,11/4/2014,11/11/2014,Standard Class,WB-21850,William Brown (corrected),Consumer,United States,Los Angeles,California,90045,West,OFF-PA-10000223,Office Supplies,Paper,Xerox_2000,19.44,3,0.0,9.3312
1931,US-2017-101539,3/16/2017,3/18/2017,Second Class,VM-21685,Valerie Mitchum,Home Office,United States,Houston,CA,97373,West,TEC-PH-10004165,Technology,Phones,Mitel MiVoice 5330e IP Phone,659.976,3,0.2,49.4982
7734,CA-2016-165673,5/15/2016,5/19/2016,Second Class,MN-17935,Michael Nguyen,Consumer,United States,Springfield,Ohio,45503,East,OFF-PA-10000697,Office Supplies,Paper,"TOPS Voice Message Log Book, Flash Format",15.232,4,0.2,5.5216
4785,CA-2015-104346,12/11/2015,12/16/2015,Standard Class,IM-15070,Irene Maddox,Consumer,United States,Houston,IL,12014,West,OFF-AR-10001473,Office Supplies,Art,Newell 313,13.12,5,0.2,1.148
4324,US-2015-147662,2/14/2015,2/19/2015,Standard Class,KB-16315,Karl Braun,Consumer,United States,Akron,Ohio,44312,East,OFF-BI-10002160,Office Supplies,Binders,Acco Hanging Data Binders,2.286,2,0.7,-1.6764
39,CA-2015-117415,12/27/2015,12/31/2015,Standard Class,SN-20710,Steve Nguyen,Home Office,United States,Houston,CA,51508,West,FUR-BO-10002545,Furniture,Bookcases,"Atlantic Metals Mobile 3-Shelf Bookcases, Custom Colors",532.3992,3,0.32,-46.9764
3157,CA-2015-139584,8/24/2015,8/28/2015,Standard Class,EM-13810,Eleni McCrary,Corporate,United States,New York City,New York,10009,East,FUR-TA-10001539,Furniture,Tables,Chromcraft Rectangular Conference Tables,284.364,2,0.4,-75.8304
7093,CA-2015-119480,1/9/2015,1/13/2015,Standard Class,CC-12685,Craig Carroll,Consumer,United States,Henderson,Kentucky,42420,South,OFF-AR-10004691,Office Supplies,Art,Boston 1730 StandUp Electric Pencil Sharpener,42.76,2,0.0,11.1176
2401,NEW-141-20260304121052,2018-02-03 00:00:00,2018-02-07 00:00:00,Standard Class,SB-20290,Sean Braxton,Corporate,United States,Florence,South Carolina,29501,South,OFF-ST-10002214,Office Supplies,Storage,X-Rack File for Hanging Folders,63.5,5,0.0,12.1
7544,US-2017-112347,12/2/2017,12/6/2017,Standard Class,BS-11380,Bill Stewart,Corporate,United States,Denver,Colorado,80219,West,TEC-PH-10004833,Technology,Phones,Macally_Suction_Cup_Mount,57.36,6,0.2,-14.34
2621,NEW-227-20260304121052,2018-05-14 00:00:00,2018-05-18 00:00:00,Standard Class,JM-15655,Jim Mitchum,Corporate,United States,Carlsbad,New Mexico,88220,West,OFF-ST-10000876,Office Supplies,Storage,Eldon Simplefile Box Office,36.78,3,0.0,9.29
4496,CA-2017-112753,6/18/2017,6/23/2017,Standard Class,CC-12670,Craig Carreira (corrected),Consumer,United States,Los Angeles,California,90032,West,FUR-BO-10004015,Furniture,Bookcases,"Bush_Andora_Bookcase,_Maple/Graphite_Gray_Finish",917.9235,9,0.15,75.5937
1022,CA-2015-124450,4/27/2015,5/3/2015,Standard Class,GT-14710,Greg Tran (corrected),Consumer,United States,Washington,District of Columbia,20016,East,FUR-CH-10000309,Furniture,Chairs,Global_Comet_Stacking_Arm_Chair,1267.53,3,0.0,316.8825
8339,CA-2014-153087,12/27/2014,1/3/2015,Standard Class,TC-20980,Tamara Chand,Corporate,United States,Seattle,CA,43123,South,TEC-AC-10003198,Technology,Accessories,Enermax Acrylux Wireless Keyboard,498.0,5,0.0,184.26
3641,CA-2016-145177,11/10/2016,11/14/2016,Standard Class,PP-18955,Paul Prost,Home Office,United States,Springfield,Ohio,45503,East,TEC-AC-10002550,Technology,Accessories,"Memorex_25GB_6X_Branded_Blu-Ray_Recordable_Disc,_30/Pack",178.92,7,0.2,-29.0745
2557,US-2016-126844,10/8/2016,10/14/2016,Standard Class,BW-11110,Bart Watters,Corporate,United States,Houston,IL,34989,South,FUR-FU-10004909,Furniture,Furnishings,Contemporary Wood/Metal Frame,51.712,8,0.6,-32.32
7176,US-2017-141677,3/26/2017,3/30/2017,Standard Class,HK-14890,Heather Kirkland,Corporate,United States,Houston,Texas,77070,Central,OFF-AP-10001205,Office Supplies,Appliances,Belkin_5_Outlet_SurgeMaster_Power_Centers,87.168,8,0.8,-226.6368
